{"type": "FeatureCollection", "name": "H3024_Lake_Stevens_Platform", "crs": {"type": "name", "properties": {"name": "EPSG:4326"}}, "metadata": {"projectId": "H3024", "workOrder": "6007959", "city": "Lake Stevens, WA", "hub": {"lat": 47.941285972862, "lng": -122.14064277714}, "hubPrint": {"lat": 47.939488, "lng": -122.15741}, "hubAddress": "6105 Foster Slough Rd, Lake Stevens, WA 98290", "sourcePdf": "LKSTWAXA-6007959-H3024-LAKE STEVENS-WA DESIGN 12-4-24 (2).pdf", "pages": 65, "layerSchema": ["hub", "feeder", "distribution", "drop", "terminal", "service_point", "pole", "handhole", "bore"], "platformDoc": "Digital Field Operations Platform (SHARED)", "stats": {"services": 239, "servicesTotal": 239, "terminals": 109, "terminalsLinked": 12, "cables": 638, "features": 1064, "layers": {"hub": 1, "feeder": 30, "distribution": 375, "bore": 24, "terminal": 109, "service_point": 239, "drop": 209, "pole": 38, "handhole": 39}}}, "features": [{"type": "Feature", "id": "hub-H3024", "geometry": {"type": "Point", "coordinates": [-122.14064277714, 47.941285972862]}, "properties": {"type": "hub", "layer": "hub", "terminalId": "H3024", "hubId": "H3024", "label": "FDH H3024 \u2014 432-port vault", "address": "6105 Foster Slough Rd, Lake Stevens, WA 98290", "hubType": "Vault Mount 432-port FDH", "status": "designed", "printRef": "COVER/DTL", "printLat": 47.939488, "printLng": -122.15741}}, {"type": "Feature", "id": "feeder-mainline", "geometry": {"type": "LineString", "coordinates": [[-122.140674729031, 47.941324588535], [-122.141583931773, 47.94236453087952], [-122.142493134515, 47.94340447322406], [-122.14340233725699, 47.94444441556858], [-122.14431153999897, 47.94548435791311], [-122.14522074274096, 47.94652430025764], [-122.14612994548295, 47.94756424260217], [-122.14537681512263, 47.94667237726564], [-122.14462368476231, 47.945780511929115], [-122.14387055440199, 47.94488864659259], [-122.14311742404165, 47.943996781256054], [-122.14236429368133, 47.94310491591953], [-122.141611163321, 47.942213050583], [-122.14157823551567, 47.942212846831836], [-122.14154530771033, 47.942212643080666], [-122.14151237990501, 47.942212439329495], [-122.14147945209967, 47.94221223557833], [-122.14144652429434, 47.94221203182717], [-122.141413596489, 47.942211828076], [-122.1414384115795, 47.94220242466017], [-122.14146322667, 47.94219302124433], [-122.14148804176051, 47.9421836178285], [-122.14151285685101, 47.94217421441267], [-122.1415376719415, 47.94216481099683], [-122.141562487032, 47.942155407581], [-122.14152144651183, 47.94214559666283], [-122.14148040599167, 47.94213578574467], [-122.14143936547151, 47.942125974826496], [-122.14139832495134, 47.94211616390833], [-122.14135728443117, 47.942106352990166], [-122.141316243911, 47.942096542072], [-122.14133835476318, 47.942083936267], [-122.14136046561534, 47.942071330462], [-122.1413825764675, 47.942058724657], [-122.14140468731968, 47.942046118852], [-122.14142679817184, 47.942033513046994], [-122.141448909024, 47.942020907242], [-122.14141598121867, 47.94202070349083], [-122.14138305341334, 47.94202049973966], [-122.141350125608, 47.9420202959885], [-122.14131719780268, 47.942020092237335], [-122.14128426999734, 47.942019888486165], [-122.141251342192, 47.942019684735], [-122.14127074880601, 47.942003876541165], [-122.14129015542001, 47.941988068347335], [-122.141309562034, 47.941972260153506], [-122.141328968648, 47.94195645195967], [-122.141348375262, 47.94194064376583], [-122.141367781876, 47.941924835572], [-122.14134111220683, 47.941892766735336], [-122.14131444253766, 47.94186069789867], [-122.14128777286851, 47.941828629062], [-122.14126110319934, 47.941796560225335], [-122.14123443353017, 47.94176449138867], [-122.141207763861, 47.941732422552], [-122.14110561143484, 47.941648360352], [-122.14100345900867, 47.941564298152], [-122.14090130658249, 47.941480235952], [-122.14079915415633, 47.941396173752], [-122.14069700173016, 47.941312111552], [-122.140594849304, 47.941228049352], [-122.1406251099765, 47.94122522628766], [-122.140655370649, 47.941222403223335], [-122.1406856313215, 47.941219580159], [-122.14071589199399, 47.941216757094665], [-122.1407461526665, 47.94121393403034], [-122.140776413339, 47.941211110966], [-122.14076576270884, 47.941198239075], [-122.14075511207866, 47.941185367184], [-122.14074446144849, 47.941172495293], [-122.14073381081833, 47.941159623402], [-122.14072316018817, 47.941146751511], [-122.140712509558, 47.94113387962], [-122.140679586228, 47.94113348471166], [-122.140646662898, 47.94113308980333], [-122.14061373956801, 47.941132694895], [-122.140580816238, 47.94113229998667], [-122.140547892908, 47.941131905078336], [-122.140514969578, 47.94113151017], [-122.14054256759283, 47.941125469132835], [-122.14057016560767, 47.94111942809567], [-122.14059776362251, 47.9411133870585], [-122.14062536163733, 47.94110734602133], [-122.14065295965216, 47.941101304984166], [-122.140680557667, 47.941095263947], [-122.14064763433717, 47.941094869038665], [-122.14061471100733, 47.94109447413033], [-122.14058178767749, 47.941094079222], [-122.14054886434766, 47.941093684313664], [-122.14051594101784, 47.94109328940533], [-122.140483017688, 47.941092894497], [-122.14051061570284, 47.94108685345983], [-122.14053821371766, 47.94108081242266], [-122.1405658117325, 47.9410747713855], [-122.14059340974734, 47.941068730348334], [-122.14062100776216, 47.94106268931117], [-122.140648605777, 47.941056648274], [-122.140615682447, 47.941056253365666], [-122.140582759117, 47.94105585845733], [-122.140549835787, 47.941055463549], [-122.140516912457, 47.941055068640665], [-122.14048398912699, 47.94105467373233], [-122.140451065797, 47.941054278824], [-122.14048132646933, 47.94105145575966], [-122.14051158714166, 47.941048632695335], [-122.140541847814, 47.941045809631], [-122.14057210848634, 47.941042986566664], [-122.14060236915867, 47.941040163502336], [-122.140632629831, 47.941037340438], [-122.14059970650118, 47.941036945529504], [-122.14056678317134, 47.941036550621], [-122.1405338598415, 47.941036155712496], [-122.14050093651167, 47.941035760804], [-122.14046801318185, 47.9410353658955], [-122.140435089852, 47.941034970987], [-122.14046268786683, 47.94102892995], [-122.14049028588167, 47.941022888913], [-122.1405178838965, 47.941016847876], [-122.14054548191133, 47.941010806839], [-122.14057307992616, 47.941004765802], [-122.140600677941, 47.940998724765], [-122.14044672477166, 47.940877031742666], [-122.14029277160233, 47.94075533872034], [-122.140138818433, 47.940633645698], [-122.13998486526366, 47.940511952675664], [-122.13983091209433, 47.940390259653334], [-122.139676958925, 47.940268566631], [-122.13970094396532, 47.94025815418316], [-122.13972492900567, 47.940247741735334], [-122.139748914046, 47.9402373292875], [-122.13977289908632, 47.94022691683966], [-122.13979688412667, 47.940216504391834], [-122.139820869167, 47.940206091944], [-122.13978267935433, 47.94020387792183], [-122.13974448954167, 47.940201663899664], [-122.139706299729, 47.9401994498775], [-122.13966810991633, 47.94019723585534], [-122.13962992010367, 47.94019502183317], [-122.139591730291, 47.940192807811], [-122.13962441857284, 47.94019013158133], [-122.13965710685467, 47.94018745535167], [-122.13968979513649, 47.940184779122], [-122.13972248341832, 47.94018210289233], [-122.13975517170016, 47.94017942666267], [-122.139787859982, 47.940176750433], [-122.139745701852, 47.940171009016], [-122.13970354372199, 47.940165267599], [-122.139661385592, 47.940159526182], [-122.139619227462, 47.940153784764995], [-122.139577069332, 47.940148043347996], [-122.139534911202, 47.940142301931], [-122.13956606627033, 47.94013826284433], [-122.13959722133868, 47.94013422375767], [-122.139628376407, 47.940130184671], [-122.13965953147533, 47.94012614558433], [-122.13969068654367, 47.94012210649767], [-122.139721841612, 47.940118067411], [-122.13968595161967, 47.940117897674334], [-122.13965006162734, 47.94011772793767], [-122.139614171635, 47.940117558200996], [-122.13957828164267, 47.94011738846433], [-122.13954239165034, 47.940117218727664], [-122.139506501658, 47.940117048991], [-122.139539640885, 47.940114773601664], [-122.139572780112, 47.94011249821233], [-122.139605919339, 47.940110222822995], [-122.139639058566, 47.94010794743367], [-122.139672197793, 47.94010567204433], [-122.13970533702, 47.940103396655], [-122.13966746286883, 47.940101463221], [-122.13962958871767, 47.940099529787], [-122.1395917145665, 47.940097596353], [-122.13955384041533, 47.940095662919], [-122.13951596626416, 47.940093729485], [-122.139478092113, 47.940091796051], [-122.13951046473333, 47.94008883923317], [-122.13954283735366, 47.94008588241533], [-122.139575209974, 47.9400829255975], [-122.13960758259434, 47.94007996877967], [-122.13963995521466, 47.94007701196183], [-122.139672327835, 47.940074055144], [-122.13966132477333, 47.940064274640335], [-122.13965032171167, 47.94005449413667], [-122.13963931865, 47.940044713633], [-122.13962831558833, 47.94003493312933], [-122.13961731252667, 47.940025152625665], [-122.139606309465, 47.940015372122], [-122.13955198982482, 47.93999844957467], [-122.13949767018467, 47.939981527027335], [-122.1394433505445, 47.93996460448], [-122.13938903090433, 47.939947681932665], [-122.13933471126417, 47.939930759385334], [-122.139280391624, 47.939913836838], [-122.13923406300566, 47.939839825697504], [-122.13918773438733, 47.939765814557], [-122.139141405769, 47.9396918034165], [-122.13909507715066, 47.939617792276], [-122.13904874853233, 47.9395437811355], [-122.139002419914, 47.939469769995], [-122.13899154118683, 47.9394599273325], [-122.13898066245966, 47.93945008467], [-122.1389697837325, 47.9394402420075], [-122.13895890500534, 47.939430399345], [-122.13894802627817, 47.9394205566825], [-122.138937147551, 47.93941071402], [-122.13892626882384, 47.9394008713575], [-122.13891539009667, 47.939391028695], [-122.1389045113695, 47.9393811860325], [-122.13889363264234, 47.93937134337], [-122.13888275391517, 47.9393615007075], [-122.138871875188, 47.939351658045], [-122.13886099646066, 47.93934181538266], [-122.13885011773334, 47.93933197272033], [-122.138839239006, 47.939322130058], [-122.13882836027867, 47.939312287395666], [-122.13881748155134, 47.93930244473333], [-122.138806602824, 47.939292602071], [-122.138675498164, 47.9392041677], [-122.138544393504, 47.939115733329], [-122.13841328884399, 47.939027298957996], [-122.13828218418399, 47.938938864587], [-122.138151079524, 47.938850430216], [-122.138019974864, 47.938761995845], [-122.13804438905399, 47.938752134465666], [-122.138068803244, 47.93874227308633], [-122.138093217434, 47.938732411707], [-122.138117631624, 47.93872255032767], [-122.13814204581399, 47.938712688948335], [-122.138166460004, 47.938702827569], [-122.13812830046034, 47.938699645290505], [-122.13809014091667, 47.938696463012], [-122.138051981373, 47.9386932807335], [-122.13801382182933, 47.938690098455005], [-122.13797566228567, 47.9386869161765], [-122.137937502742, 47.938683733898], [-122.13793486260568, 47.9386466484995], [-122.13793222246933, 47.938609563101004], [-122.137929582333, 47.9385724777025], [-122.13792694219667, 47.938535392304], [-122.13792430206033, 47.9384983069055], [-122.137921661924, 47.938461221507], [-122.137886563048, 47.938459516600666], [-122.137851464172, 47.938457811694335], [-122.137816365296, 47.938456106787996], [-122.13778126641999, 47.938454401881664], [-122.137746167544, 47.93845269697533], [-122.137711068668, 47.938450992069], [-122.13774369680917, 47.93845002189266], [-122.13777632495034, 47.93844905171633], [-122.13780895309151, 47.93844808154], [-122.13784158123266, 47.938447111363665], [-122.13787420937383, 47.93844614118733], [-122.137906837515, 47.938445171011], [-122.13780727573901, 47.93833521883283], [-122.137707713963, 47.93822526665466], [-122.137608152187, 47.9381153144765], [-122.137508590411, 47.938005362298334], [-122.13740902863499, 47.93789541012016], [-122.137309466859, 47.937785457942], [-122.13727578912683, 47.93778398986316], [-122.13724211139466, 47.937782521784335], [-122.1372084336625, 47.9377810537055], [-122.13717475593033, 47.937779585626664], [-122.13714107819816, 47.937778117547836], [-122.137107400466, 47.937776649469], [-122.13713875911483, 47.93777538221733], [-122.13717011776366, 47.93777411496567], [-122.1372014764125, 47.937772847714], [-122.13723283506134, 47.93777158046233], [-122.13726419371017, 47.93777031321067], [-122.137295552359, 47.937769045959], [-122.1372623026305, 47.93776764344983], [-122.137229052902, 47.93776624094067], [-122.13719580317351, 47.937764838431505], [-122.13716255344501, 47.937763435922335], [-122.1371293037165, 47.937762033413165], [-122.137096053988, 47.937760630904], [-122.13712516423467, 47.93775717966984], [-122.13715427448133, 47.937753728435666], [-122.137183384728, 47.9377502772015], [-122.13721249497468, 47.93774682596734], [-122.13724160522133, 47.93774337473317], [-122.137270715468, 47.937739923499], [-122.13723782306234, 47.9377380352115], [-122.13720493065667, 47.937736146924], [-122.13717203825101, 47.937734258636496], [-122.13713914584534, 47.937732370348996], [-122.13710625343967, 47.9377304820615], [-122.137073361034, 47.937728593774], [-122.13710222727033, 47.93772479805467], [-122.13713109350667, 47.93772100233533], [-122.137159959743, 47.937717206616], [-122.13718882597934, 47.93771341089667], [-122.13721769221567, 47.93770961517733], [-122.137246558452, 47.937705819458], [-122.1372139100565, 47.93770427565567], [-122.137181261661, 47.937702731853335], [-122.13714861326551, 47.937701188051], [-122.13711596487, 47.93769964424867], [-122.1370833164745, 47.93769810044633], [-122.137050668079, 47.937696556644], [-122.13708130338983, 47.93769525844283], [-122.13711193870067, 47.93769396024167], [-122.1371425740115, 47.937692662040504], [-122.13717320932233, 47.937691363839335], [-122.13720384463316, 47.937690065638165], [-122.137234479944, 47.937688767437], [-122.1372019535535, 47.93768739587733], [-122.137169427163, 47.93768602431767], [-122.1371369007725, 47.937684652758], [-122.13710437438199, 47.93768328119833], [-122.13707184799149, 47.93768190963867], [-122.137039321601, 47.937680538079], [-122.13706379565267, 47.93767054162483], [-122.13708826970434, 47.937660545170665], [-122.137112743756, 47.937650548716505], [-122.13713721780766, 47.93764055226234], [-122.13716169185933, 47.93763055580817], [-122.137186165911, 47.937620559354], [-122.13715412754117, 47.937619876765], [-122.13712208917134, 47.937619194176], [-122.1370900508015, 47.937618511587004], [-122.13705801243167, 47.937617828998], [-122.13702597406184, 47.937617146408996], [-122.136993935692, 47.93761646382], [-122.137023960977, 47.93761430440567], [-122.137053986262, 47.937612144991334], [-122.137084011547, 47.937609985577], [-122.137114036832, 47.93760782616267], [-122.137144062117, 47.93760566674834], [-122.137174087402, 47.937603507334], [-122.13714217103734, 47.9376029969875], [-122.13711025467266, 47.937602486641005], [-122.137078338308, 47.9376019762945], [-122.13704642194334, 47.937601465948], [-122.13701450557866, 47.9376009556015], [-122.136982589214, 47.937600445255], [-122.137012492494, 47.937598113598], [-122.137042395774, 47.937595781941], [-122.137072299054, 47.937593450284], [-122.13710220233399, 47.937591118627005], [-122.137132105614, 47.937588786970004], [-122.137162008894, 47.937586455313], [-122.1371302145345, 47.93758611720917], [-122.137098420175, 47.93758577910533], [-122.13706662581549, 47.9375854410015], [-122.137034831456, 47.93758510289767], [-122.1370030370965, 47.93758476479383], [-122.136971242737, 47.93758442669], [-122.13700102401184, 47.937581922790336], [-122.13703080528667, 47.93757941889067], [-122.1370605865615, 47.937576914991], [-122.13709036783634, 47.93757441109133], [-122.13712014911117, 47.93757190719167], [-122.137149930386, 47.937569403292], [-122.137061826585, 47.93745153883667], [-122.136973722784, 47.937333674381335], [-122.136885618983, 47.937215809926], [-122.136797515182, 47.93709794547067], [-122.136709411381, 47.936980081015335], [-122.13662130758, 47.93686221656], [-122.136649380499, 47.93685749352317], [-122.136677453418, 47.93685277048633], [-122.13670552633701, 47.9368480474495], [-122.136733599256, 47.93684332441267], [-122.136761672175, 47.93683860137583], [-122.136789745094, 47.936833878339], [-122.136755520978, 47.936830594353836], [-122.136721296862, 47.93682731036867], [-122.136687072746, 47.936824026383505], [-122.13665284862999, 47.93682074239833], [-122.136618624514, 47.93681745841317], [-122.136584400398, 47.936814174428], [-122.13661453720616, 47.936811327448], [-122.13664467401433, 47.936808480468], [-122.1366748108225, 47.936805633488], [-122.13670494763066, 47.936802786508], [-122.13673508443884, 47.936799939528], [-122.136765221247, 47.936797092548], [-122.13672755243917, 47.93679135968233], [-122.13668988363133, 47.936785626816665], [-122.1366522148235, 47.936779893951], [-122.13661454601566, 47.93677416108533], [-122.13657687720783, 47.936768428219665], [-122.1365392084, 47.936762695354], [-122.13657133369932, 47.936761616685], [-122.13660345899866, 47.936760538015996], [-122.136635584298, 47.936759459347], [-122.13666770959733, 47.936758380678], [-122.13669983489666, 47.936757302009], [-122.136731960196, 47.93675622334], [-122.136692072028, 47.936748676595165], [-122.13665218386001, 47.93674112985033], [-122.136612295692, 47.9367335831055], [-122.136572407524, 47.93672603636067], [-122.13653251935601, 47.936718489615835], [-122.136492631188, 47.936710942871], [-122.13652221926284, 47.9367068314385], [-122.13655180733767, 47.936702720006004], [-122.1365813954125, 47.9366986085735], [-122.13661098348734, 47.936694497141], [-122.13664057156217, 47.9366903857085], [-122.136670159637, 47.936686274276], [-122.13663539631634, 47.93668463543267], [-122.13660063299567, 47.93668299658933], [-122.136565869675, 47.936681357746], [-122.13653110635434, 47.93667971890267], [-122.13649634303367, 47.93667808005934], [-122.136461579713, 47.936676441216], [-122.136483404919, 47.9366637043695], [-122.136505230125, 47.936650967523], [-122.136527055331, 47.9366382306765], [-122.136548880537, 47.93662549383], [-122.136570705743, 47.9366127569835], [-122.136592530949, 47.936600020137], [-122.13647794946267, 47.936509037462], [-122.13636336797633, 47.936418054787], [-122.13624878649, 47.936327072112], [-122.13613420500367, 47.936236089437], [-122.13601962351733, 47.936145106762], [-122.135905042031, 47.936054124087], [-122.13591926108383, 47.93603280847067], [-122.13593348013667, 47.936011492854334], [-122.1359476991895, 47.935990177238], [-122.13596191824233, 47.93596886162167], [-122.13597613729517, 47.93594754600534], [-122.135990356348, 47.935926230389], [-122.13594453845701, 47.93590809854533], [-122.135898720566, 47.935889966701666], [-122.135852902675, 47.935871834858006], [-122.135807084784, 47.93585370301434], [-122.13576126689301, 47.93583557117067], [-122.135715449002, 47.935817439327], [-122.13567476670467, 47.9356948973205], [-122.13563408440734, 47.935572355314], [-122.13559340211, 47.9354498133075], [-122.13555271981267, 47.935327271301006], [-122.13551203751534, 47.935204729294504], [-122.135471355218, 47.935082187288], [-122.13549921469884, 47.93507814150867], [-122.13552707417966, 47.935074095729334], [-122.1355549336605, 47.93507004995], [-122.13558279314134, 47.93506600417067], [-122.13561065262216, 47.93506195839134], [-122.135638512103, 47.935057912612], [-122.13563426591733, 47.93504478802617], [-122.13563001973166, 47.935031663440334], [-122.135625773546, 47.9350185388545], [-122.13562152736034, 47.935005414268666], [-122.13561728117467, 47.93499228968283], [-122.135613034989, 47.934979165097], [-122.13556727104084, 47.934950017217], [-122.13552150709268, 47.934920869337], [-122.1354757431445, 47.934891721457], [-122.13542997919633, 47.934862573577], [-122.13538421524817, 47.934833425697], [-122.1353384513, 47.934804277817], [-122.1352666711695, 47.93469771256667], [-122.135194891039, 47.93459114731633], [-122.1351231109085, 47.934484582066005], [-122.135051330778, 47.93437801681567], [-122.1349795506475, 47.93427145156534], [-122.134907770517, 47.934164886315], [-122.134925155437, 47.934144651799], [-122.134942540357, 47.934124417283], [-122.134959925277, 47.934104182767], [-122.134977310197, 47.934083948251], [-122.134994695117, 47.934063713735], [-122.135012080037, 47.934043479219], [-122.13497989279284, 47.93404240734783], [-122.13494770554867, 47.934041335476664], [-122.1349155183045, 47.934040263605496], [-122.13488333106034, 47.934039191734335], [-122.13485114381618, 47.93403811986317], [-122.134818956572, 47.934037047992], [-122.1348405707275, 47.93402290101517], [-122.134862184883, 47.93400875403833], [-122.1348837990385, 47.9339946070615], [-122.134905413194, 47.93398046008467], [-122.1349270273495, 47.93396631310783], [-122.134948641505, 47.933952166131], [-122.13491433964317, 47.933948050490166], [-122.13488003778134, 47.93394393484933], [-122.1348457359195, 47.933939819208504], [-122.13481143405767, 47.93393570356767], [-122.13477713219584, 47.933931587926836], [-122.134742830334, 47.933927472286], [-122.13477078834268, 47.93392245661817], [-122.13479874635134, 47.93391744095033], [-122.13482670436, 47.9339124252825], [-122.13485466236867, 47.93390740961467], [-122.13488262037734, 47.93390239394683], [-122.134910578386, 47.933897378279], [-122.13480230174784, 47.93379017826366], [-122.13469402510967, 47.933682978248335], [-122.1345857484715, 47.933575778233], [-122.13447747183334, 47.93346857821766], [-122.13436919519518, 47.933361378202335], [-122.134260918557, 47.933254178187], [-122.13425093925417, 47.933238410377], [-122.13424095995134, 47.933222642567], [-122.13423098064851, 47.933206874757005], [-122.13422100134567, 47.933191106947], [-122.13421102204283, 47.933175339137], [-122.13420104274, 47.933159571327], [-122.134227592369, 47.93315261909134], [-122.134254141998, 47.933145666855665], [-122.134280691627, 47.93313871462], [-122.134307241256, 47.933131762384335], [-122.134333790885, 47.93312481014866], [-122.134360340514, 47.933117857913], [-122.13432467047316, 47.93310917514766], [-122.13428900043233, 47.93310049238233], [-122.13425333039149, 47.933091809617], [-122.13421766035066, 47.93308312685166], [-122.13418199030983, 47.93307444408633], [-122.134146320269, 47.933065761321], [-122.1341390239395, 47.93305325332017], [-122.13413172761, 47.93304074531933], [-122.1341244312805, 47.933028237318496], [-122.134117134951, 47.93301572931767], [-122.1341098386215, 47.93300322131684], [-122.134102542292, 47.932990713316], [-122.1341257122925, 47.93297782056], [-122.134148882293, 47.932964927804], [-122.13417205229351, 47.932952035048004], [-122.134195222294, 47.932939142292], [-122.1342183922945, 47.932926249535996], [-122.134241562295, 47.93291335678], [-122.1341547462775, 47.9328019030375], [-122.13406793026, 47.932690449295], [-122.1339811142425, 47.932578995552504], [-122.133894298225, 47.93246754181], [-122.1338074822075, 47.9323560880675], [-122.13372066619, 47.932244634325], [-122.13374462279434, 47.93223229733217], [-122.13376857939866, 47.93221996033933], [-122.133792536003, 47.9322076233465], [-122.13381649260734, 47.93219528635367], [-122.13384044921166, 47.93218294936083], [-122.133864405816, 47.932170612368], [-122.133826382056, 47.93215424086083], [-122.133788358296, 47.93213786935367], [-122.13375033453599, 47.932121497846495], [-122.13371231077599, 47.93210512633933], [-122.13367428701599, 47.932088754832165], [-122.133636263256, 47.932072383325], [-122.13366334589483, 47.93206642599867], [-122.13369042853367, 47.93206046867233], [-122.1337175111725, 47.932054511345996], [-122.13374459381133, 47.932048554019666], [-122.13377167645017, 47.932042596693336], [-122.133798759089, 47.932036639367], [-122.13369557810417, 47.93189255562133], [-122.13359239711933, 47.931748471875665], [-122.1334892161345, 47.93160438813], [-122.13338603514967, 47.93146030438433], [-122.13328285416483, 47.931316220638664], [-122.13317967318, 47.931172136893], [-122.13320828926283, 47.931169152327996], [-122.13323690534567, 47.931166167762996], [-122.1332655214285, 47.931163183197995], [-122.13329413751133, 47.931160198633], [-122.13332275359417, 47.931157214068], [-122.133351369677, 47.931154229503], [-122.13331382151567, 47.93113986770133], [-122.13327627335434, 47.931125505899665], [-122.133238725193, 47.931111144098], [-122.13320117703167, 47.931096782296336], [-122.13316362887034, 47.93108242049467], [-122.133126080709, 47.931068058693], [-122.1330777122475, 47.930947130573166], [-122.133029343786, 47.93082620245333], [-122.1329809753245, 47.930705274333505], [-122.132932606863, 47.93058434621367], [-122.1328842384015, 47.93046341809384], [-122.13283586994, 47.930342489974], [-122.13283854291834, 47.9303260985915], [-122.13284121589666, 47.930309707209], [-122.13284388887499, 47.9302933158265], [-122.13284656185333, 47.930276924444], [-122.13284923483167, 47.9302605330615], [-122.13285190781, 47.930244141679], [-122.13288179961482, 47.930241951096164], [-122.13291169141966, 47.93023976051333], [-122.1329415832245, 47.9302375699305], [-122.13297147502932, 47.930235379347664], [-122.13300136683416, 47.93023318876483], [-122.133031258639, 47.930230998182], [-122.133101374185, 47.93008777452083], [-122.133171489731, 47.929944550859666], [-122.133241605277, 47.9298013271985], [-122.133311720823, 47.92965810353733], [-122.13338183636901, 47.929514879876166], [-122.133451951915, 47.929371656215], [-122.13346112772834, 47.929220718113996], [-122.13347030354167, 47.929069780012995], [-122.133479479355, 47.928918841911994], [-122.13348865516834, 47.928767903811], [-122.13349783098167, 47.92861696571], [-122.133507006795, 47.928466027609], [-122.133507385126, 47.92844156259066], [-122.133507763457, 47.92841709757233], [-122.133508141788, 47.928392632553994], [-122.133508520119, 47.928368167535666], [-122.13350889845, 47.92834370251733], [-122.133509276781, 47.928319237499], [-122.13351065642867, 47.928175601534164], [-122.13351203607633, 47.92803196556933], [-122.133513415724, 47.9278883296045], [-122.13351479537167, 47.92774469363967], [-122.13351617501932, 47.927601057674835], [-122.133517554667, 47.92745742171], [-122.133546098016, 47.92735279352817], [-122.133574641365, 47.927248165346334], [-122.13360318471399, 47.9271435371645], [-122.133631728063, 47.92703890898267], [-122.133660271412, 47.926934280800836], [-122.133688814761, 47.926829652619], [-122.1336608277845, 47.92679045855117], [-122.133632840808, 47.92675126448333], [-122.1336048538315, 47.9267120704155], [-122.133576866855, 47.926672876347666], [-122.1335488798785, 47.92663368227983], [-122.133520892902, 47.926594488212], [-122.13355116691349, 47.926470640513166], [-122.133581440925, 47.92634679281433], [-122.1336117149365, 47.9262229451155], [-122.133641988948, 47.92609909741667], [-122.1336722629595, 47.92597524971783], [-122.133702536971, 47.925851402019], [-122.13370277226633, 47.925836578639164], [-122.13370300756166, 47.925821755259335], [-122.133703242857, 47.9258069318795], [-122.13370347815234, 47.925792108499664], [-122.13370371344767, 47.925777285119835], [-122.133703948743, 47.92576246174], [-122.13367562356066, 47.92575126637083], [-122.13364729837834, 47.92574007100167], [-122.13361897319601, 47.9257288756325], [-122.13359064801367, 47.92571768026333], [-122.13356232283132, 47.92570648489417], [-122.133533997649, 47.925695289525], [-122.13356454564733, 47.92557906659667], [-122.13359509364567, 47.925462843668335], [-122.13362564164399, 47.92534662074], [-122.13365618964232, 47.92523039781167], [-122.13368673764066, 47.92511417488333], [-122.133717285639, 47.924997951955], [-122.13368979207684, 47.924952356326166], [-122.13366229851466, 47.92490676069733], [-122.1336348049525, 47.9248611650685], [-122.13360731139034, 47.924815569439666], [-122.13357981782818, 47.92476997381083], [-122.133552324266, 47.924724378182], [-122.13355272408084, 47.92470458758117], [-122.13355312389567, 47.92468479698033], [-122.1335535237105, 47.9246650063795], [-122.13355392352534, 47.92464521577867], [-122.13355432334016, 47.92462542517783], [-122.133554723155, 47.924605634577], [-122.13358511381183, 47.92451219698167], [-122.13361550446866, 47.924418759386334], [-122.13364589512551, 47.924325321791], [-122.13367628578234, 47.92423188419566], [-122.13370667643917, 47.92413844660033], [-122.133737067096, 47.924045009005], [-122.13371098283051, 47.923943151203666], [-122.13368489856501, 47.92384129340233], [-122.13365881429951, 47.923739435601], [-122.133632730034, 47.92363757779967], [-122.1336066457685, 47.923535719998334], [-122.133580561503, 47.923433862197], [-122.13348551472733, 47.92306270911269], [-122.13339046795167, 47.92269155602838], [-122.133295421176, 47.922320402944074], [-122.13320037440033, 47.921949249859765], [-122.13310532762468, 47.921578096775455], [-122.133010280849, 47.921206943691146]]}, "properties": {"type": "feeder", "layer": "feeder", "cableId": "MAINLINE-H3024", "fiberCount": 288, "typeMethod": "AER", "label": "Mainline \u00b7 Foster Slough plant axis", "status": "designed", "progressPct": 0, "printRef": "WORK 1-50", "lengthM": 4833.3}}, {"type": "Feature", "id": "feeder-64th_St_SE", "geometry": {"type": "LineString", "coordinates": [[-122.13778835554, 47.938569118015], [-122.1377601229436, 47.9385930313268], [-122.1377318903472, 47.9386169446386], [-122.1377036577508, 47.938640857950396], [-122.1376754251544, 47.9386647712622], [-122.137647192558, 47.938688684574], [-122.137351816657, 47.938688395879595], [-122.137056440756, 47.9386881071852], [-122.13676106485501, 47.9386878184908], [-122.136465688954, 47.938687529796404], [-122.136170313053, 47.938687241102], [-122.1361223046946, 47.9386864133662], [-122.1360742963362, 47.9386855856304], [-122.1360262879778, 47.9386847578946], [-122.13597827961941, 47.9386839301588], [-122.135930271261, 47.938683102423], [-122.1356941341822, 47.9386581058054], [-122.1354579971034, 47.9386331091878], [-122.1352218600246, 47.9386081125702], [-122.1349857229458, 47.938583115952596], [-122.134749585867, 47.938558119335], [-122.134734816452, 47.938580236091], [-122.13472004703699, 47.938602352847], [-122.134705277622, 47.938624469603], [-122.134690508207, 47.938646586359], [-122.134675738792, 47.938668703115], [-122.1346482409558, 47.9386475502912], [-122.1346207431196, 47.9386263974674], [-122.1345932452834, 47.9386052446436], [-122.1345657474472, 47.9385840918198], [-122.134538249611, 47.938562938996], [-122.1345262233958, 47.9385857893874], [-122.1345141971806, 47.9386086397788], [-122.1345021709654, 47.9386314901702], [-122.1344901447502, 47.9386543405616], [-122.134478118535, 47.938677190953], [-122.1344549414984, 47.9386541393962], [-122.1344317644618, 47.9386310878394], [-122.1344085874252, 47.9386080362826], [-122.13438541038859, 47.9385849847258], [-122.134362233352, 47.938561933169], [-122.1341272532092, 47.9385835095132], [-122.1338922730664, 47.9386050858574], [-122.1336572929236, 47.9386266622016], [-122.1334223127808, 47.938648238545795], [-122.133187332638, 47.93866981489], [-122.1331405406626, 47.938646661589], [-122.1330937486872, 47.938623508287996], [-122.1330469567118, 47.938600354987], [-122.1330001647364, 47.938577201686], [-122.132953372761, 47.938554048385], [-122.1329533727554, 47.9385769666632], [-122.1329533727498, 47.9385998849414], [-122.1329533727442, 47.9386228032196], [-122.1329533727386, 47.9386457214978], [-122.132953372733, 47.938668639776], [-122.13267760392, 47.9386686397454], [-122.132401835107, 47.9386686397148], [-122.13212606629399, 47.9386686396842], [-122.131850297481, 47.9386686396536], [-122.131574528668, 47.938668639623], [-122.131533456717, 47.938668639618605], [-122.13149238476599, 47.9386686396142], [-122.131451312815, 47.9386686396098], [-122.131410240864, 47.938668639605396], [-122.131369168913, 47.938668639601], [-122.13115237222159, 47.938645508323795], [-122.1309355755302, 47.9386223770466], [-122.1307187788388, 47.938599245769396], [-122.13050198214741, 47.9385761144922], [-122.130285185456, 47.938552983215], [-122.13024998617361, 47.938552576282795], [-122.1302147868912, 47.9385521693506], [-122.13017958760881, 47.9385517624184], [-122.1301443883264, 47.938551355486204], [-122.130109189044, 47.938550948554], [-122.13007985630861, 47.938550609444], [-122.1300505235732, 47.938550270334], [-122.13002119083781, 47.938549931224], [-122.1299918581024, 47.938549592114], [-122.129962525367, 47.938549253004]]}, "properties": {"type": "feeder", "layer": "feeder", "cableId": "STREET-64th_St_SE", "fiberCount": 144, "typeMethod": "UGN", "label": "Feeder \u00b7 64th St SE", "status": "designed", "progressPct": 0, "printRef": "WORK", "lengthM": 639.2}}, {"type": "Feature", "id": "feeder-60th_St_SE", "geometry": {"type": "LineString", "coordinates": [[-122.157580955778, 47.94221705092], [-122.1575565294374, 47.9422170509172], [-122.1575321030968, 47.9422170509144], [-122.1575076767562, 47.9422170509116], [-122.1574832504156, 47.9422170509088], [-122.157458824075, 47.942217050906], [-122.15700340654959, 47.9422421879146], [-122.15654798902419, 47.9422673249232], [-122.1560925714988, 47.9422924619318], [-122.1556371539734, 47.9423175989404], [-122.155181736448, 47.942342735949], [-122.1551195085216, 47.9423429838622], [-122.1550572805952, 47.942343231775396], [-122.1549950526688, 47.9423434796886], [-122.1549328247424, 47.9423437276018], [-122.154870596816, 47.942343975515], [-122.1548080332466, 47.9423213060838], [-122.1547454696772, 47.9422986366526], [-122.1546829061078, 47.9422759672214], [-122.1546203425384, 47.9422532977902], [-122.154557778969, 47.942230628359], [-122.1545150336176, 47.9422307986546], [-122.15447228826619, 47.9422309689502], [-122.1544295429148, 47.9422311392458], [-122.15438679756339, 47.9422313095414], [-122.154344052212, 47.942231479837], [-122.1542952003818, 47.9422316744604], [-122.1542463485516, 47.9422318690838], [-122.1541974967214, 47.9422320637072], [-122.1541486448912, 47.9422322583306], [-122.154099793061, 47.942232452954], [-122.154027670443, 47.9422556589686], [-122.15395554782499, 47.9422788649832], [-122.153883425207, 47.9423020709978], [-122.15381130258899, 47.9423252770124], [-122.153739179971, 47.942348483027], [-122.1537052374656, 47.942348618252396], [-122.1536712949602, 47.942348753477795], [-122.1536373524548, 47.9423488887032], [-122.1536034099494, 47.9423490239286], [-122.153569467444, 47.942349159154], [-122.1534130533692, 47.9423263374008], [-122.1532566392944, 47.9423035156476], [-122.1531002252196, 47.942280693894396], [-122.1529438111448, 47.9422578721412], [-122.15278739707, 47.942235050388], [-122.1527629707208, 47.9422350503852], [-122.1527385443716, 47.9422350503824], [-122.1527141180224, 47.9422350503796], [-122.1526896916732, 47.9422350503768], [-122.152665265324, 47.942235050374], [-122.1526197170504, 47.942257968647205], [-122.1525741687768, 47.9422808869204], [-122.1525286205032, 47.9423038051936], [-122.1524830722296, 47.9423267234668], [-122.152437523956, 47.94234964174], [-122.1523809521084, 47.9423496417338], [-122.1523243802608, 47.9423496417276], [-122.1522678084132, 47.9423496417214], [-122.15221123656559, 47.942349641715204], [-122.152154664718, 47.942349641709], [-122.152132035979, 47.9423496417066], [-122.15210940723999, 47.9423496417042], [-122.152086778501, 47.9423496417018], [-122.152064149762, 47.9423496416994], [-122.152041521023, 47.942349641697], [-122.1519220063916, 47.9423267234054], [-122.1518024917602, 47.9423038051138], [-122.1516829771288, 47.942280886822196], [-122.15156346249739, 47.9422579685306], [-122.151443947866, 47.942235050239], [-122.1509291229898, 47.9422615684602], [-122.1504142981136, 47.9422880866814], [-122.1498994732374, 47.9423146049026], [-122.1493846483612, 47.9423411231238], [-122.148869823485, 47.942367641345], [-122.1473437618636, 47.9423680273184], [-122.1458177002422, 47.9423684132918], [-122.1442916386208, 47.942368799265196], [-122.14276557699941, 47.9423691852386], [-122.141239515378, 47.942369571212], [-122.1393222407366, 47.9423563969066], [-122.1374049660952, 47.942343222601195], [-122.1354876914538, 47.9423300482958], [-122.1335704168124, 47.9423168739904], [-122.131653142171, 47.942303699685], [-122.1316264301744, 47.9423034737876], [-122.13159971817781, 47.9423032478902], [-122.1315730061812, 47.9423030219928], [-122.1315462941846, 47.942302796095404], [-122.131519582188, 47.942302570198], [-122.1313120305716, 47.9423000707022], [-122.13110447895521, 47.9422975712064], [-122.1308969273388, 47.942295071710596], [-122.1306893757224, 47.9422925722148], [-122.130481824106, 47.942290072719], [-122.1301556645618, 47.942285786001996], [-122.1298295050176, 47.942281499284995], [-122.1295033454734, 47.942277212568], [-122.1291771859292, 47.942272925851], [-122.128851026385, 47.942268639134], [-122.1286029842958, 47.9422690181714], [-122.1283549422066, 47.9422693972088], [-122.12810690011739, 47.9422697762462], [-122.12785885802819, 47.942270155283595], [-122.127610815939, 47.942270534321], [-122.127584193449, 47.9422709855468], [-122.127557570959, 47.9422714367726], [-122.127530948469, 47.942271887998395], [-122.127504325979, 47.942272339224196], [-122.127477703489, 47.94227279045], [-122.127272309486, 47.942277681427], [-122.127066915483, 47.942282572404], [-122.12686152148001, 47.942287463381], [-122.126656127477, 47.942292354357996], [-122.126450733474, 47.942297245335], [-122.1264157095674, 47.9422977154506], [-122.1263806856608, 47.9422981855662], [-122.1263456617542, 47.942298655681796], [-122.12631063784761, 47.9422991257974], [-122.126275613941, 47.942299595913]]}, "properties": {"type": "feeder", "layer": "feeder", "cableId": "STREET-60th_St_SE", "fiberCount": 144, "typeMethod": "UGN", "label": "Feeder \u00b7 60th St SE", "status": "designed", "progressPct": 0, "printRef": "WORK", "lengthM": 2349.3}}, {"type": "Feature", "id": "feeder-70th_Dr_SE", "geometry": {"type": "LineString", "coordinates": [[-122.137010684767, 47.941059213564], [-122.13701088723461, 47.9410758162374], [-122.1370110897022, 47.9410924189108], [-122.1370112921698, 47.941109021584204], [-122.13701149463739, 47.9411256242576], [-122.137011697105, 47.941142226931], [-122.13701203455079, 47.9411698980536], [-122.13701237199659, 47.941197569176204], [-122.1370127094424, 47.9412252402988], [-122.1370130468882, 47.9412529114214], [-122.137013384334, 47.941280582544], [-122.1370153249312, 47.9414269341186], [-122.1370172655284, 47.9415732856932], [-122.1370192061256, 47.9417196372678], [-122.1370211467228, 47.9418659888424], [-122.13702308732, 47.942012340417]]}, "properties": {"type": "feeder", "layer": "feeder", "cableId": "STREET-70th_Dr_SE", "fiberCount": 144, "typeMethod": "UGN", "label": "Feeder \u00b7 70th Dr SE", "status": "designed", "progressPct": 0, "printRef": "WORK", "lengthM": 106.1}}, {"type": "Feature", "id": "feeder-61st_Ave_SE", "geometry": {"type": "LineString", "coordinates": [[-122.149764889406, 47.944020540065], [-122.1497297574016, 47.9441612965864], [-122.1496946253972, 47.9443020531078], [-122.1496594933928, 47.9444428096292], [-122.1496243613884, 47.9445835661506], [-122.149589229384, 47.944724322672], [-122.1496195252586, 47.9447726409174], [-122.1496498211332, 47.9448209591628], [-122.1496801170078, 47.9448692774082], [-122.1497104128824, 47.9449175956536], [-122.149740708757, 47.944965913899], [-122.14970746659999, 47.9450340631094], [-122.14967422444299, 47.945102212319796], [-122.149640982286, 47.9451703615302], [-122.149607740129, 47.9452385107406], [-122.149574497972, 47.945306659951], [-122.1495752017244, 47.9453985426398], [-122.1495759054768, 47.9454904253286], [-122.1495766092292, 47.9455823080174], [-122.14957731298159, 47.9456741907062], [-122.149578016734, 47.945766073395]]}, "properties": {"type": "feeder", "layer": "feeder", "cableId": "STREET-61st_Ave_SE", "fiberCount": 144, "typeMethod": "UGN", "label": "Feeder \u00b7 61st Ave SE", "status": "designed", "progressPct": 0, "printRef": "WORK", "lengthM": 199.7}}, {"type": "Feature", "id": "pp-1-VZ256014-VZ256013", "geometry": {"type": "LineString", "coordinates": [[-122.1414687164738, 47.942152225661594], [-122.14143763489608, 47.94211652693905], [-122.14140655331836, 47.94208082821652], [-122.14137547174064, 47.94204512949398], [-122.14134439016293, 47.942009430771435]]}, "properties": {"type": "distribution", "layer": "distribution", "cableId": "PP-VZ256014-VZ256013", "fromPole": "VZ256014", "toPole": "VZ256013", "status": "designed", "progressPct": 0, "label": "P-P VZ256014 \u2192 VZ256013", "lengthM": 18.4}}, {"type": "Feature", "id": "pp-2-VZ256013-VZ256011", "geometry": {"type": "LineString", "coordinates": [[-122.14134439016293, 47.942009430771435], [-122.14119585680831, 47.9417904149052], [-122.14104732345368, 47.94157139903896], [-122.14089879009906, 47.94135238317272], [-122.14075025674444, 47.941133367306485]]}, "properties": {"type": "distribution", "layer": "distribution", "cableId": "PP-VZ256013-VZ256011", "fromPole": "VZ256013", "toPole": "VZ256011", "status": "designed", "progressPct": 0, "label": "P-P VZ256013 \u2192 VZ256011", "lengthM": 107.1}}, {"type": "Feature", "id": "pp-3-VZ256011-VZ256008", "geometry": {"type": "LineString", "coordinates": [[-122.14075025674444, 47.941133367306485], [-122.14072494785673, 47.94110916847171], [-122.14069963896901, 47.94108496963695], [-122.14067433008131, 47.941060770802174], [-122.1406490211936, 47.9410365719674]]}, "properties": {"type": "distribution", "layer": "distribution", "cableId": "PP-VZ256011-VZ256008", "fromPole": "VZ256011", "toPole": "VZ256008", "status": "designed", "progressPct": 0, "label": "P-P VZ256011 \u2192 VZ256008", "lengthM": 13.2}}, {"type": "Feature", "id": "pp-4-VZ256008-VZ256012", "geometry": {"type": "LineString", "coordinates": [[-122.1406490211936, 47.9410365719674], [-122.14063209508396, 47.94110466235864], [-122.14061516897432, 47.94117275274988], [-122.14059824286468, 47.94124084314111], [-122.14058131675505, 47.94130893353235]]}, "properties": {"type": "distribution", "layer": "distribution", "cableId": "PP-VZ256008-VZ256012", "fromPole": "VZ256008", "toPole": "VZ256012", "status": "designed", "progressPct": 0, "label": "P-P VZ256008 \u2192 VZ256012", "lengthM": 30.7}}, {"type": "Feature", "id": "pp-5-VZ256012-VZ256009", "geometry": {"type": "LineString", "coordinates": [[-122.14058131675505, 47.94130893353235], [-122.14054781575886, 47.941252474704385], [-122.1405143147627, 47.94119601587643], [-122.14048081376652, 47.94113955704847], [-122.14044731277033, 47.94108309822051]]}, "properties": {"type": "distribution", "layer": "distribution", "cableId": "PP-VZ256012-VZ256009", "fromPole": "VZ256012", "toPole": "VZ256009", "status": "designed", "progressPct": 0, "label": "P-P VZ256012 \u2192 VZ256009", "lengthM": 27.1}}, {"type": "Feature", "id": "pp-6-VZ256009-NT", "geometry": {"type": "LineString", "coordinates": [[-122.14044731277033, 47.94108309822051], [-122.14027521801455, 47.940852787111254], [-122.14010312325878, 47.940622476002], [-122.13993102850301, 47.94039216489274], [-122.13975893374723, 47.940161853783486]]}, "properties": {"type": "distribution", "layer": "distribution", "cableId": "PP-VZ256009-NT", "fromPole": "VZ256009", "toPole": "NT", "status": "designed", "progressPct": 0, "label": "P-P VZ256009 \u2192 NT", "lengthM": 114.7}}, {"type": "Feature", "id": "pp-7-NT-D95", "geometry": {"type": "LineString", "coordinates": [[-122.13975893374723, 47.940161853783486], [-122.13974847507669, 47.94013197398551], [-122.13973801640614, 47.94010209418752], [-122.13972755773558, 47.940072214389545], [-122.13971709906504, 47.94004233459157]]}, "properties": {"type": "distribution", "layer": "distribution", "cableId": "PP-NT-D95", "fromPole": "NT", "toPole": "D95", "status": "designed", "progressPct": 0, "label": "P-P NT \u2192 D95", "lengthM": 13.7}}, {"type": "Feature", "id": "pp-8-D95-STUB POLE", "geometry": {"type": "LineString", "coordinates": [[-122.13971709906504, 47.94004233459157], [-122.13970056287334, 47.94009298283373], [-122.13968402668164, 47.940143631075905], [-122.13966749048994, 47.94019427931808], [-122.13965095429825, 47.940244927560244]]}, "properties": {"type": "distribution", "layer": "distribution", "cableId": "PP-D95-STUB POLE", "fromPole": "D95", "toPole": "STUB POLE", "status": "designed", "progressPct": 0, "label": "P-P D95 \u2192 STUB POLE", "lengthM": 23.1}}, {"type": "Feature", "id": "pp-9-STUB POLE-DF1", "geometry": {"type": "LineString", "coordinates": [[-122.13965095429825, 47.940244927560244], [-122.139618909582, 47.94021129749869], [-122.13958686486575, 47.94017766743713], [-122.13955482014951, 47.940144037375575], [-122.13952277543326, 47.94011040731402]]}, "properties": {"type": "distribution", "layer": "distribution", "cableId": "PP-STUB POLE-DF1", "fromPole": "STUB POLE", "toPole": "DF1", "status": "designed", "progressPct": 0, "label": "P-P STUB POLE \u2192 DF1", "lengthM": 17.8}}, {"type": "Feature", "id": "pp-10-DF1-D94", "geometry": {"type": "LineString", "coordinates": [[-122.13952277543326, 47.94011040731402], [-122.13936286993246, 47.93994146939339], [-122.13920296443166, 47.939772531472755], [-122.13904305893085, 47.93960359355212], [-122.13888315343004, 47.93943465563149]]}, "properties": {"type": "distribution", "layer": "distribution", "cableId": "PP-DF1-D94", "fromPole": "DF1", "toPole": "D94", "status": "designed", "progressPct": 0, "label": "P-P DF1 \u2192 D94", "lengthM": 89.1}}, {"type": "Feature", "id": "pp-11-D94-D93", "geometry": {"type": "LineString", "coordinates": [[-122.13888315343004, 47.93943465563149], [-122.13875656827099, 47.9393130979885], [-122.13862998311194, 47.93919154034552], [-122.13850339795287, 47.93906998270253], [-122.13837681279382, 47.93894842505954]]}, "properties": {"type": "distribution", "layer": "distribution", "cableId": "PP-D94-D93", "fromPole": "D94", "toPole": "D93", "status": "designed", "progressPct": 0, "label": "P-P D94 \u2192 D93", "lengthM": 66.0}}, {"type": "Feature", "id": "pp-12-D93-D51", "geometry": {"type": "LineString", "coordinates": [[-122.13837681279382, 47.93894842505954], [-122.138244088815, 47.93884316225452], [-122.13811136483618, 47.9387378994495], [-122.13797864085736, 47.93863263664448], [-122.13784591687853, 47.938527373839456]]}, "properties": {"type": "distribution", "layer": "distribution", "cableId": "PP-D93-D51", "fromPole": "D93", "toPole": "D51", "status": "designed", "progressPct": 0, "label": "P-P D93 \u2192 D51", "lengthM": 61.4}}, {"type": "Feature", "id": "pp-13-D51-D40", "geometry": {"type": "LineString", "coordinates": [[-122.13784591687853, 47.938527373839456], [-122.13776824436086, 47.93838201255172], [-122.13769057184317, 47.938236651263985], [-122.13761289932549, 47.93809128997625], [-122.13753522680781, 47.937945928688514]]}, "properties": {"type": "distribution", "layer": "distribution", "cableId": "PP-D51-D40", "fromPole": "D51", "toPole": "D40", "status": "designed", "progressPct": 0, "label": "P-P D51 \u2192 D40", "lengthM": 68.7}}, {"type": "Feature", "id": "pp-14-D40-D38", "geometry": {"type": "LineString", "coordinates": [[-122.13753522680781, 47.937945928688514], [-122.1374773217558, 47.937886670783456], [-122.13741941670376, 47.93782741287839], [-122.13736151165173, 47.93776815497333], [-122.13730360659972, 47.93770889706827]]}, "properties": {"type": "distribution", "layer": "distribution", "cableId": "PP-D40-D38", "fromPole": "D40", "toPole": "D38", "status": "designed", "progressPct": 0, "label": "P-P D40 \u2192 D38", "lengthM": 31.5}}, {"type": "Feature", "id": "pp-15-D38-D36", "geometry": {"type": "LineString", "coordinates": [[-122.13730360659972, 47.93770889706827], [-122.1372901228192, 47.937682637178526], [-122.13727663903866, 47.93765637728879], [-122.13726315525813, 47.937630117399046], [-122.1372496714776, 47.9376038575093]]}, "properties": {"type": "distribution", "layer": "distribution", "cableId": "PP-D38-D36", "fromPole": "D38", "toPole": "D36", "status": "designed", "progressPct": 0, "label": "P-P D38 \u2192 D36", "lengthM": 12.4}}, {"type": "Feature", "id": "pp-16-D36-D39", "geometry": {"type": "LineString", "coordinates": [[-122.1372496714776, 47.9376038575093], [-122.13720058951718, 47.937643448867334], [-122.13715150755675, 47.937683040225366], [-122.13710242559631, 47.937722631583405], [-122.13705334363588, 47.93776222294144]]}, "properties": {"type": "distribution", "layer": "distribution", "cableId": "PP-D36-D39", "fromPole": "D36", "toPole": "D39", "status": "designed", "progressPct": 0, "label": "P-P D36 \u2192 D39", "lengthM": 22.9}}, {"type": "Feature", "id": "pp-17-D39-D37", "geometry": {"type": "LineString", "coordinates": [[-122.13705334363588, 47.93776222294144], [-122.13703368074924, 47.93774196853714], [-122.13701401786261, 47.93772171413284], [-122.13699435497597, 47.937701459728544], [-122.13697469208932, 47.937681205324246]]}, "properties": {"type": "distribution", "layer": "distribution", "cableId": "PP-D39-D37", "fromPole": "D39", "toPole": "D37", "status": "designed", "progressPct": 0, "label": "P-P D39 \u2192 D37", "lengthM": 10.8}}, {"type": "Feature", "id": "pp-18-D37-D35", "geometry": {"type": "LineString", "coordinates": [[-122.13697469208932, 47.937681205324246], [-122.13695492384775, 47.93765690915624], [-122.13693515560618, 47.93763261298823], [-122.13691538736462, 47.937608316820224], [-122.13689561912305, 47.93758402065222]]}, "properties": {"type": "distribution", "layer": "distribution", "cableId": "PP-D37-D35", "fromPole": "D37", "toPole": "D35", "status": "designed", "progressPct": 0, "label": "P-P D37 \u2192 D35", "lengthM": 12.3}}, {"type": "Feature", "id": "pp-19-D35-D34", "geometry": {"type": "LineString", "coordinates": [[-122.13689561912305, 47.93758402065222], [-122.13688510118334, 47.937396085670315], [-122.13687458324362, 47.937208150688406], [-122.13686406530391, 47.9370202157065], [-122.1368535473642, 47.936832280724595]]}, "properties": {"type": "distribution", "layer": "distribution", "cableId": "PP-D35-D34", "fromPole": "D35", "toPole": "D34", "status": "designed", "progressPct": 0, "label": "P-P D35 \u2192 D34", "lengthM": 83.7}}, {"type": "Feature", "id": "pp-20-D34-D15", "geometry": {"type": "LineString", "coordinates": [[-122.1368535473642, 47.936832280724595], [-122.13681794806823, 47.93679531403528], [-122.13678234877227, 47.93675834734597], [-122.13674674947632, 47.936721380656664], [-122.13671115018035, 47.93668441396735]]}, "properties": {"type": "distribution", "layer": "distribution", "cableId": "PP-D34-D15", "fromPole": "D34", "toPole": "D15", "status": "designed", "progressPct": 0, "label": "P-P D34 \u2192 D15", "lengthM": 19.6}}, {"type": "Feature", "id": "pp-21-D15-D300", "geometry": {"type": "LineString", "coordinates": [[-122.13671115018035, 47.93668441396735], [-122.13665456368764, 47.93670376566489], [-122.13659797719492, 47.93672311736243], [-122.1365413907022, 47.93674246905997], [-122.1364848042095, 47.93676182075751]]}, "properties": {"type": "distribution", "layer": "distribution", "cableId": "PP-D15-D300", "fromPole": "D15", "toPole": "D300", "status": "designed", "progressPct": 0, "label": "P-P D15 \u2192 D300", "lengthM": 19.0}}, {"type": "Feature", "id": "pp-22-D300-D119", "geometry": {"type": "LineString", "coordinates": [[-122.1364848042095, 47.93676182075751], [-122.13632493905243, 47.93657711927041], [-122.13616507389537, 47.93639241778331], [-122.1360052087383, 47.93620771629621], [-122.13584534358122, 47.93602301480911]]}, "properties": {"type": "distribution", "layer": "distribution", "cableId": "PP-D300-D119", "fromPole": "D300", "toPole": "D119", "status": "designed", "progressPct": 0, "label": "P-P D300 \u2192 D119", "lengthM": 95.1}}, {"type": "Feature", "id": "pp-23-D119-D117", "geometry": {"type": "LineString", "coordinates": [[-122.13584534358122, 47.93602301480911], [-122.13578438258942, 47.935786003729945], [-122.13572342159762, 47.93554899265077], [-122.1356624606058, 47.9353119815716], [-122.135601499614, 47.93507497049244]]}, "properties": {"type": "distribution", "layer": "distribution", "cableId": "PP-D119-D117", "fromPole": "D119", "toPole": "D117", "status": "designed", "progressPct": 0, "label": "P-P D119 \u2192 D117", "lengthM": 107.1}}, {"type": "Feature", "id": "pp-24-D117-D116", "geometry": {"type": "LineString", "coordinates": [[-122.135601499614, 47.93507497049244], [-122.13547779538293, 47.93495113455651], [-122.13535409115185, 47.93482729862058], [-122.13523038692078, 47.93470346268465], [-122.13510668268971, 47.93457962674873]]}, "properties": {"type": "distribution", "layer": "distribution", "cableId": "PP-D117-D116", "fromPole": "D117", "toPole": "D116", "status": "designed", "progressPct": 0, "label": "P-P D117 \u2192 D116", "lengthM": 66.4}}, {"type": "Feature", "id": "pp-25-D116-D115", "geometry": {"type": "LineString", "coordinates": [[-122.13510668268971, 47.93457962674873], [-122.13506800676288, 47.93443537916823], [-122.13502933083603, 47.93429113158773], [-122.13499065490919, 47.934146884007234], [-122.13495197898236, 47.93400263642673]]}, "properties": {"type": "distribution", "layer": "distribution", "cableId": "PP-D116-D115", "fromPole": "D116", "toPole": "D115", "status": "designed", "progressPct": 0, "label": "P-P D116 \u2192 D115", "lengthM": 65.3}}, {"type": "Feature", "id": "pp-26-D115-D113", "geometry": {"type": "LineString", "coordinates": [[-122.13495197898236, 47.93400263642673], [-122.1348468940413, 47.93390244079815], [-122.13474180910025, 47.93380224516957], [-122.1346367241592, 47.93370204954099], [-122.13453163921814, 47.93360185391241]]}, "properties": {"type": "distribution", "layer": "distribution", "cableId": "PP-D115-D113", "fromPole": "D115", "toPole": "D113", "status": "designed", "progressPct": 0, "label": "P-P D115 \u2192 D113", "lengthM": 54.5}}, {"type": "Feature", "id": "pp-27-D113-D112", "geometry": {"type": "LineString", "coordinates": [[-122.13453163921814, 47.93360185391241], [-122.13448145047496, 47.933474166836554], [-122.13443126173178, 47.9333464797607], [-122.1343810729886, 47.93321879268485], [-122.13433088424543, 47.933091105608995]]}, "properties": {"type": "distribution", "layer": "distribution", "cableId": "PP-D113-D112", "fromPole": "D113", "toPole": "D112", "status": "designed", "progressPct": 0, "label": "P-P D113 \u2192 D112", "lengthM": 58.8}}, {"type": "Feature", "id": "pp-28-D112-D111", "geometry": {"type": "LineString", "coordinates": [[-122.13433088424543, 47.933091105608995], [-122.13421453153589, 47.93295178210745], [-122.13409817882635, 47.932812458605916], [-122.13398182611682, 47.93267313510438], [-122.13386547340728, 47.93253381160284]]}, "properties": {"type": "distribution", "layer": "distribution", "cableId": "PP-D112-D111", "fromPole": "D112", "toPole": "D111", "status": "designed", "progressPct": 0, "label": "P-P D112 \u2192 D111", "lengthM": 71.1}}, {"type": "Feature", "id": "pp-29-D111-D109", "geometry": {"type": "LineString", "coordinates": [[-122.13386547340728, 47.93253381160284], [-122.13385353470028, 47.932412899729094], [-122.13384159599329, 47.93229198785535], [-122.13382965728628, 47.93217107598161], [-122.13381771857928, 47.932050164107864]]}, "properties": {"type": "distribution", "layer": "distribution", "cableId": "PP-D111-D109", "fromPole": "D111", "toPole": "D109", "status": "designed", "progressPct": 0, "label": "P-P D111 \u2192 D109", "lengthM": 54.0}}, {"type": "Feature", "id": "pp-32-D104-D103", "geometry": {"type": "LineString", "coordinates": [[-122.13362855944747, 47.9266326229807], [-122.13358940363882, 47.926400105082045], [-122.13355024783017, 47.926167587183386], [-122.13351109202152, 47.92593506928473], [-122.13347193621287, 47.92570255138608]]}, "properties": {"type": "distribution", "layer": "distribution", "cableId": "PP-D104-D103", "fromPole": "D104", "toPole": "D103", "status": "designed", "progressPct": 0, "label": "P-P D104 \u2192 D103", "lengthM": 104.2}}, {"type": "Feature", "id": "pp-35-D107-D106", "geometry": {"type": "LineString", "coordinates": [[-122.13311870448551, 47.93109600598273], [-122.13310483511859, 47.93088064210667], [-122.13309096575165, 47.930665278230606], [-122.13307709638471, 47.93044991435454], [-122.13306322701779, 47.93023455047848]]}, "properties": {"type": "distribution", "layer": "distribution", "cableId": "PP-D107-D106", "fromPole": "D107", "toPole": "D106", "status": "designed", "progressPct": 0, "label": "P-P D107 \u2192 D106", "lengthM": 96.0}}, {"type": "Feature", "id": "tt-Foster Sloug-0", "geometry": {"type": "LineString", "coordinates": [[-122.13351172454351, 47.924834064083], [-122.13351717433525, 47.924801799657125], [-122.13352262412701, 47.92476953523125], [-122.13352807391875, 47.92473727080537], [-122.1335335237105, 47.9247050063795]]}, "properties": {"type": "distribution", "layer": "distribution", "cableId": "TT-MT-H30240101-MT-H30240100", "fromNode": "MT-H30240101", "toNode": "MT-H30240100", "status": "designed", "progressPct": 0, "label": "MT-H30240101 \u2192 MT-H30240100", "lengthM": 14.5}}, {"type": "Feature", "id": "tt-Foster Sloug-1", "geometry": {"type": "LineString", "coordinates": [[-122.1335335237105, 47.9247050063795], [-122.13354578309162, 47.92481863472325], [-122.13355804247274, 47.924932263067], [-122.13357030185388, 47.92504589141075], [-122.133582561235, 47.9251595197545]]}, "properties": {"type": "distribution", "layer": "distribution", "cableId": "TT-MT-H30240100-MT-H30240102", "fromNode": "MT-H30240100", "toNode": "MT-H30240102", "status": "designed", "progressPct": 0, "label": "MT-H30240100 \u2192 MT-H30240102", "lengthM": 50.7}}, {"type": "Feature", "id": "tt-Foster Sloug-2", "geometry": {"type": "LineString", "coordinates": [[-122.133582561235, 47.9251595197545], [-122.133609464057, 47.92522913816925], [-122.13363636687899, 47.925298756584], [-122.13366326970099, 47.92536837499875], [-122.13369017252299, 47.925437993413496]]}, "properties": {"type": "distribution", "layer": "distribution", "cableId": "TT-MT-H30240102-MT-H3024095", "fromNode": "MT-H30240102", "toNode": "MT-H3024095", "status": "designed", "progressPct": 0, "label": "MT-H30240102 \u2192 MT-H3024095", "lengthM": 32.0}}, {"type": "Feature", "id": "tt-Foster Sloug-3", "geometry": {"type": "LineString", "coordinates": [[-122.13369017252299, 47.925437993413496], [-122.13370322834062, 47.92552356907187], [-122.13371628415825, 47.925609144730245], [-122.13372933997587, 47.92569472038863], [-122.1337423957935, 47.925780296047]]}, "properties": {"type": "distribution", "layer": "distribution", "cableId": "TT-MT-H3024095-MT-H3024097", "fromNode": "MT-H3024095", "toNode": "MT-H3024097", "status": "designed", "progressPct": 0, "label": "MT-H3024095 \u2192 MT-H3024097", "lengthM": 38.3}}, {"type": "Feature", "id": "tt-Foster Sloug-4", "geometry": {"type": "LineString", "coordinates": [[-122.1337423957935, 47.925780296047], [-122.13372260755925, 47.92580695500513], [-122.13370281932501, 47.92583361396325], [-122.13368303109075, 47.92586027292137], [-122.1336632428565, 47.925886931879496]]}, "properties": {"type": "distribution", "layer": "distribution", "cableId": "TT-MT-H3024097-MT-H3024096", "fromNode": "MT-H3024097", "toNode": "MT-H3024096", "status": "designed", "progressPct": 0, "label": "MT-H3024097 \u2192 MT-H3024096", "lengthM": 13.3}}, {"type": "Feature", "id": "tt-Foster Sloug-5", "geometry": {"type": "LineString", "coordinates": [[-122.1336632428565, 47.925886931879496], [-122.13367624522587, 47.92599700126037], [-122.13368924759526, 47.92610707064125], [-122.13370224996464, 47.926217140022125], [-122.13371525233401, 47.926327209403]]}, "properties": {"type": "distribution", "layer": "distribution", "cableId": "TT-MT-H3024096-MT-H3024098", "fromNode": "MT-H3024096", "toNode": "MT-H3024098", "status": "designed", "progressPct": 0, "label": "MT-H3024096 \u2192 MT-H3024098", "lengthM": 49.2}}, {"type": "Feature", "id": "tt-Foster Sloug-6", "geometry": {"type": "LineString", "coordinates": [[-122.13371525233401, 47.926327209403], [-122.13367124519664, 47.926491895792495], [-122.13362723805926, 47.926656582182], [-122.13358323092189, 47.9268212685715], [-122.13353922378451, 47.926985954961]]}, "properties": {"type": "distribution", "layer": "distribution", "cableId": "TT-MT-H3024098-MT-H30240103", "fromNode": "MT-H3024098", "toNode": "MT-H30240103", "status": "designed", "progressPct": 0, "label": "MT-H3024098 \u2192 MT-H30240103", "lengthM": 74.5}}, {"type": "Feature", "id": "tt-Foster Sloug-7", "geometry": {"type": "LineString", "coordinates": [[-122.13353922378451, 47.926985954961], [-122.13355652093325, 47.927177746911], [-122.133573818082, 47.927369538861], [-122.13359111523074, 47.927561330811], [-122.13360841237949, 47.927753122761004]]}, "properties": {"type": "distribution", "layer": "distribution", "cableId": "TT-MT-H30240103-MT-H3024099", "fromNode": "MT-H30240103", "toNode": "MT-H3024099", "status": "designed", "progressPct": 0, "label": "MT-H30240103 \u2192 MT-H3024099", "lengthM": 85.6}}, {"type": "Feature", "id": "tt-Foster Sloug-8", "geometry": {"type": "LineString", "coordinates": [[-122.13360841237949, 47.927753122761004], [-122.13364587047137, 47.927845832237125], [-122.13368332856325, 47.92793854171325], [-122.13372078665513, 47.92803125118938], [-122.13375824474701, 47.9281239606655]]}, "properties": {"type": "distribution", "layer": "distribution", "cableId": "TT-MT-H3024099-MT-H3024093", "fromNode": "MT-H3024099", "toNode": "MT-H3024093", "status": "designed", "progressPct": 0, "label": "MT-H3024099 \u2192 MT-H3024093", "lengthM": 42.8}}, {"type": "Feature", "id": "tt-Foster Sloug-9", "geometry": {"type": "LineString", "coordinates": [[-122.13375824474701, 47.9281239606655], [-122.13369571900726, 47.92819112863762], [-122.13363319326751, 47.92825829660975], [-122.13357066752775, 47.928325464581874], [-122.133508141788, 47.928392632553994]]}, "properties": {"type": "distribution", "layer": "distribution", "cableId": "TT-MT-H3024093-MT-H30240104", "fromNode": "MT-H3024093", "toNode": "MT-H30240104", "status": "designed", "progressPct": 0, "label": "MT-H3024093 \u2192 MT-H30240104", "lengthM": 35.2}}, {"type": "Feature", "id": "tt-Foster Sloug-10", "geometry": {"type": "LineString", "coordinates": [[-122.133508141788, 47.928392632553994], [-122.13356085031963, 47.928449797700495], [-122.13361355885124, 47.928506962846996], [-122.13366626738286, 47.928564127993496], [-122.13371897591449, 47.92862129314]]}, "properties": {"type": "distribution", "layer": "distribution", "cableId": "TT-MT-H30240104-MT-H3024094", "fromNode": "MT-H30240104", "toNode": "MT-H3024094", "status": "designed", "progressPct": 0, "label": "MT-H30240104 \u2192 MT-H3024094", "lengthM": 29.9}}, {"type": "Feature", "id": "tt-Foster Sloug-11", "geometry": {"type": "LineString", "coordinates": [[-122.13371897591449, 47.92862129314], [-122.13363464713487, 47.929041705569745], [-122.13355031835525, 47.9294621179995], [-122.13346598957563, 47.92988253042925], [-122.133381660796, 47.930302942859]]}, "properties": {"type": "distribution", "layer": "distribution", "cableId": "TT-MT-H3024094-MT-H30240105", "fromNode": "MT-H3024094", "toNode": "MT-H30240105", "status": "designed", "progressPct": 0, "label": "MT-H3024094 \u2192 MT-H30240105", "lengthM": 188.9}}, {"type": "Feature", "id": "tt-Foster Sloug-12", "geometry": {"type": "LineString", "coordinates": [[-122.133381660796, 47.930302942859], [-122.13331591301551, 47.93036958925363], [-122.13325016523501, 47.93043623564825], [-122.1331844174545, 47.93050288204287], [-122.133118669674, 47.9305695284375]]}, "properties": {"type": "distribution", "layer": "distribution", "cableId": "TT-MT-H30240105-MT-H30240107", "fromNode": "MT-H30240105", "toNode": "MT-H30240107", "status": "designed", "progressPct": 0, "label": "MT-H30240105 \u2192 MT-H30240107", "lengthM": 35.6}}, {"type": "Feature", "id": "tt-Foster Sloug-13", "geometry": {"type": "LineString", "coordinates": [[-122.133118669674, 47.9305695284375], [-122.13329244720425, 47.93094948266475], [-122.1334662247345, 47.931329436892], [-122.13364000226476, 47.93170939111925], [-122.133813779795, 47.9320893453465]]}, "properties": {"type": "distribution", "layer": "distribution", "cableId": "TT-MT-H30240107-MT-H3024092", "fromNode": "MT-H30240107", "toNode": "MT-H3024092", "status": "designed", "progressPct": 0, "label": "MT-H30240107 \u2192 MT-H3024092", "lengthM": 177.0}}, {"type": "Feature", "id": "tt-Foster Sloug-14", "geometry": {"type": "LineString", "coordinates": [[-122.133813779795, 47.9320893453465], [-122.13380873176509, 47.932134758428205], [-122.13380368373515, 47.93218017150991], [-122.13379863570523, 47.93222558459162], [-122.13379358767531, 47.93227099767333]]}, "properties": {"type": "distribution", "layer": "distribution", "cableId": "TT-MT-H3024092-MT-H3024020", "fromNode": "MT-H3024092", "toNode": "MT-H3024020", "status": "designed", "progressPct": 0, "label": "MT-H3024092 \u2192 MT-H3024020", "lengthM": 20.3}}, {"type": "Feature", "id": "tt-Foster Sloug-16", "geometry": {"type": "LineString", "coordinates": [[-122.1338384729715, 47.93227932086799], [-122.13390496254875, 47.93247654998062], [-122.13397145212599, 47.93267377909324], [-122.13403794170324, 47.932871008205865], [-122.13410443128049, 47.933068237318494]]}, "properties": {"type": "distribution", "layer": "distribution", "cableId": "TT-MT-H3024091-MT-H3024090", "fromNode": "MT-H3024091", "toNode": "MT-H3024090", "status": "designed", "progressPct": 0, "label": "MT-H3024091 \u2192 MT-H3024090", "lengthM": 90.0}}, {"type": "Feature", "id": "tt-Foster Sloug-17", "geometry": {"type": "LineString", "coordinates": [[-122.13410443128049, 47.933068237318494], [-122.13414314860512, 47.93305749798087], [-122.13418186592975, 47.93304675864324], [-122.13422058325438, 47.933036019305625], [-122.134259300579, 47.933025279968]]}, "properties": {"type": "distribution", "layer": "distribution", "cableId": "TT-MT-H3024090-MT-H3024088", "fromNode": "MT-H3024090", "toNode": "MT-H3024088", "status": "designed", "progressPct": 0, "label": "MT-H3024090 \u2192 MT-H3024088", "lengthM": 12.5}}, {"type": "Feature", "id": "tt-Foster Sloug-19", "geometry": {"type": "LineString", "coordinates": [[-122.134301379311, 47.933021589044], [-122.13428572053805, 47.93305599600245], [-122.1342700617651, 47.9330904029609], [-122.13425440299214, 47.93312480991935], [-122.13423874421919, 47.9331592168778]]}, "properties": {"type": "distribution", "layer": "distribution", "cableId": "TT-MT-H3024087-MT-H30240121", "fromNode": "MT-H3024087", "toNode": "MT-H30240121", "status": "designed", "progressPct": 0, "label": "MT-H3024087 \u2192 MT-H30240121", "lengthM": 16.0}}, {"type": "Feature", "id": "tt-Foster Sloug-21", "geometry": {"type": "LineString", "coordinates": [[-122.134213070878, 47.933179143484], [-122.13439709677138, 47.93337214068725], [-122.13458112266476, 47.9335651378905], [-122.13476514855813, 47.933758135093754], [-122.1349491744515, 47.933951132297004]]}, "properties": {"type": "distribution", "layer": "distribution", "cableId": "TT-MT-H3024089-MT-H3024082", "fromNode": "MT-H3024089", "toNode": "MT-H3024082", "status": "designed", "progressPct": 0, "label": "MT-H3024089 \u2192 MT-H3024082", "lengthM": 102.0}}, {"type": "Feature", "id": "tt-Foster Sloug-23", "geometry": {"type": "LineString", "coordinates": [[-122.1349149853585, 47.93404129744], [-122.13447211474613, 47.93428121705287], [-122.13402924413376, 47.93452113666575], [-122.13358637352137, 47.934761056278624], [-122.133143502909, 47.9350009758915]]}, "properties": {"type": "distribution", "layer": "distribution", "cableId": "TT-MT-H3024081-MT-H30240106", "fromNode": "MT-H3024081", "toNode": "MT-H30240106", "status": "designed", "progressPct": 0, "label": "MT-H3024081 \u2192 MT-H30240106", "lengthM": 169.9}}, {"type": "Feature", "id": "tt-Foster Sloug-24", "geometry": {"type": "LineString", "coordinates": [[-122.133143502909, 47.9350009758915], [-122.13364644359886, 47.934866701548124], [-122.13414938428875, 47.93473242720475], [-122.13465232497862, 47.934598152861376], [-122.13515526566849, 47.934463878518]]}, "properties": {"type": "distribution", "layer": "distribution", "cableId": "TT-MT-H30240106-MT-H3024080", "fromNode": "MT-H30240106", "toNode": "MT-H3024080", "status": "designed", "progressPct": 0, "label": "MT-H30240106 \u2192 MT-H3024080", "lengthM": 161.5}}, {"type": "Feature", "id": "tt-Foster Sloug-25", "geometry": {"type": "LineString", "coordinates": [[-122.13515526566849, 47.934463878518], [-122.13519727936422, 47.934518910917504], [-122.13523929305995, 47.934573943317005], [-122.13528130675567, 47.9346289757165], [-122.1353233204514, 47.934684008116]]}, "properties": {"type": "distribution", "layer": "distribution", "cableId": "TT-MT-H3024080-MT-H3024022", "fromNode": "MT-H3024080", "toNode": "MT-H3024022", "status": "designed", "progressPct": 0, "label": "MT-H3024080 \u2192 MT-H3024022", "lengthM": 27.5}}, {"type": "Feature", "id": "tt-Foster Sloug-26", "geometry": {"type": "LineString", "coordinates": [[-122.1353233204514, 47.934684008116], [-122.13533125348668, 47.934721099169], [-122.13533918652195, 47.934758190222], [-122.13534711955722, 47.934795281275], [-122.1353550525925, 47.934832372328]]}, "properties": {"type": "distribution", "layer": "distribution", "cableId": "TT-MT-H3024022-MT-H3024079", "fromNode": "MT-H3024022", "toNode": "MT-H3024079", "status": "designed", "progressPct": 0, "label": "MT-H3024022 \u2192 MT-H3024079", "lengthM": 16.7}}, {"type": "Feature", "id": "tt-Foster Sloug-27", "geometry": {"type": "LineString", "coordinates": [[-122.1353550525925, 47.934832372328], [-122.13537666558226, 47.93485711101188], [-122.13539827857201, 47.934881849695756], [-122.13541989156175, 47.934906588379626], [-122.13544150455151, 47.9349313270635]]}, "properties": {"type": "distribution", "layer": "distribution", "cableId": "TT-MT-H3024079-MT-H3024078", "fromNode": "MT-H3024079", "toNode": "MT-H3024078", "status": "designed", "progressPct": 0, "label": "MT-H3024079 \u2192 MT-H3024078", "lengthM": 12.8}}, {"type": "Feature", "id": "tt-Foster Sloug-28", "geometry": {"type": "LineString", "coordinates": [[-122.13544150455151, 47.9349313270635], [-122.13549518332063, 47.93492574743175], [-122.13554886208976, 47.9349201678], [-122.13560254085888, 47.934914588168255], [-122.135656219628, 47.9349090085365]]}, "properties": {"type": "distribution", "layer": "distribution", "cableId": "TT-MT-H3024078-MT-H3024077", "fromNode": "MT-H3024078", "toNode": "MT-H3024077", "status": "designed", "progressPct": 0, "label": "MT-H3024078 \u2192 MT-H3024077", "lengthM": 16.2}}, {"type": "Feature", "id": "tt-Foster Sloug-29", "geometry": {"type": "LineString", "coordinates": [[-122.135656219628, 47.9349090085365], [-122.13563940426725, 47.93495885197575], [-122.1356225889065, 47.935008695415], [-122.13560577354575, 47.93505853885425], [-122.135588958185, 47.9351083822935]]}, "properties": {"type": "distribution", "layer": "distribution", "cableId": "TT-MT-H3024077-MT-H3024076", "fromNode": "MT-H3024077", "toNode": "MT-H3024076", "status": "designed", "progressPct": 0, "label": "MT-H3024077 \u2192 MT-H3024076", "lengthM": 22.8}}, {"type": "Feature", "id": "tt-Foster Sloug-30", "geometry": {"type": "LineString", "coordinates": [[-122.135588958185, 47.9351083822935], [-122.13560596377687, 47.935200705712504], [-122.13562296936874, 47.9352930291315], [-122.13563997496063, 47.9353853525505], [-122.1356569805525, 47.9354776759695]]}, "properties": {"type": "distribution", "layer": "distribution", "cableId": "TT-MT-H3024076-MT-H3024075", "fromNode": "MT-H3024076", "toNode": "MT-H3024075", "status": "designed", "progressPct": 0, "label": "MT-H3024076 \u2192 MT-H3024075", "lengthM": 41.4}}, {"type": "Feature", "id": "tt-Foster Sloug-31", "geometry": {"type": "LineString", "coordinates": [[-122.1356569805525, 47.9354776759695], [-122.13578877945469, 47.935684321232], [-122.13592057835687, 47.9358909664945], [-122.13605237725906, 47.936097611757], [-122.13618417616125, 47.9363042570195]]}, "properties": {"type": "distribution", "layer": "distribution", "cableId": "TT-MT-H3024075-MT-H3024023", "fromNode": "MT-H3024075", "toNode": "MT-H3024023", "status": "designed", "progressPct": 0, "label": "MT-H3024075 \u2192 MT-H3024023", "lengthM": 100.1}}, {"type": "Feature", "id": "tt-Foster Sloug-32", "geometry": {"type": "LineString", "coordinates": [[-122.13618417616125, 47.9363042570195], [-122.13609523157393, 47.93621905335563], [-122.13600628698663, 47.93613384969175], [-122.13591734239931, 47.93604864602787], [-122.13582839781199, 47.935963442364]]}, "properties": {"type": "distribution", "layer": "distribution", "cableId": "TT-MT-H3024023-MT-H3024074", "fromNode": "MT-H3024023", "toNode": "MT-H3024074", "status": "designed", "progressPct": 0, "label": "MT-H3024023 \u2192 MT-H3024074", "lengthM": 46.3}}, {"type": "Feature", "id": "tt-Foster Sloug-33", "geometry": {"type": "LineString", "coordinates": [[-122.13582839781199, 47.935963442364], [-122.13601841477737, 47.93614935609362], [-122.13620843174274, 47.936335269823246], [-122.13639844870812, 47.93652118355288], [-122.1365884656735, 47.9367070972825]]}, "properties": {"type": "distribution", "layer": "distribution", "cableId": "TT-MT-H3024074-MT-H3024069", "fromNode": "MT-H3024074", "toNode": "MT-H3024069", "status": "designed", "progressPct": 0, "label": "MT-H3024074 \u2192 MT-H3024069", "lengthM": 100.3}}, {"type": "Feature", "id": "tt-Foster Sloug-35", "geometry": {"type": "LineString", "coordinates": [[-122.1366346821335, 47.9366997437625], [-122.13658528796276, 47.93671823083275], [-122.136535893792, 47.936736717903], [-122.13648649962124, 47.93675520497325], [-122.1364371054505, 47.9367736920435]]}, "properties": {"type": "distribution", "layer": "distribution", "cableId": "TT-MT-H3024068-MT-H3024071", "fromNode": "MT-H3024068", "toNode": "MT-H3024071", "status": "designed", "progressPct": 0, "label": "MT-H3024068 \u2192 MT-H3024071", "lengthM": 16.9}}, {"type": "Feature", "id": "tt-Foster Sloug-37", "geometry": {"type": "LineString", "coordinates": [[-122.13651144553148, 47.9367940699405], [-122.13655504200548, 47.93680030304312], [-122.13659863847948, 47.93680653614575], [-122.1366422349535, 47.93681276924838], [-122.1366858314275, 47.936819002351]]}, "properties": {"type": "distribution", "layer": "distribution", "cableId": "TT-MT-H3024070-MT-H3024067", "fromNode": "MT-H3024070", "toNode": "MT-H3024067", "status": "designed", "progressPct": 0, "label": "MT-H3024070 \u2192 MT-H3024067", "lengthM": 13.3}}, {"type": "Feature", "id": "tt-Foster Sloug-39", "geometry": {"type": "LineString", "coordinates": [[-122.1366610599165, 47.936801248807996], [-122.13671721297987, 47.93689283605675], [-122.13677336604326, 47.9369844233055], [-122.13682951910663, 47.93707601055425], [-122.13688567217, 47.937167597803004]]}, "properties": {"type": "distribution", "layer": "distribution", "cableId": "TT-MT-H3024066-MT-H3024024", "fromNode": "MT-H3024066", "toNode": "MT-H3024024", "status": "designed", "progressPct": 0, "label": "MT-H3024066 \u2192 MT-H3024024", "lengthM": 44.1}}, {"type": "Feature", "id": "tt-Foster Sloug-40", "geometry": {"type": "LineString", "coordinates": [[-122.13688567217, 47.937167597803004], [-122.13685362492012, 47.93708956971313], [-122.13682157767025, 47.93701154162325], [-122.13678953042037, 47.936933513533376], [-122.1367574831705, 47.9368554854435]]}, "properties": {"type": "distribution", "layer": "distribution", "cableId": "TT-MT-H3024024-MT-H3024065", "fromNode": "MT-H3024024", "toNode": "MT-H3024065", "status": "designed", "progressPct": 0, "label": "MT-H3024024 \u2192 MT-H3024065", "lengthM": 36.0}}, {"type": "Feature", "id": "tt-Foster Sloug-41", "geometry": {"type": "LineString", "coordinates": [[-122.1367574831705, 47.9368554854435], [-122.13678976859725, 47.93694620132325], [-122.13682205402401, 47.937036917203], [-122.13685433945075, 47.93712763308275], [-122.1368866248775, 47.9372183489625]]}, "properties": {"type": "distribution", "layer": "distribution", "cableId": "TT-MT-H3024065-MT-H3024064", "fromNode": "MT-H3024065", "toNode": "MT-H3024064", "status": "designed", "progressPct": 0, "label": "MT-H3024065 \u2192 MT-H3024064", "lengthM": 41.5}}, {"type": "Feature", "id": "tt-Foster Sloug-42", "geometry": {"type": "LineString", "coordinates": [[-122.1368866248775, 47.9372183489625], [-122.13691703427138, 47.93730587535625], [-122.13694744366526, 47.93739340175], [-122.13697785305914, 47.93748092814375], [-122.13700826245301, 47.9375684545375]]}, "properties": {"type": "distribution", "layer": "distribution", "cableId": "TT-MT-H3024064-MT-H3024063", "fromNode": "MT-H3024064", "toNode": "MT-H3024063", "status": "designed", "progressPct": 0, "label": "MT-H3024064 \u2192 MT-H3024063", "lengthM": 40.0}}, {"type": "Feature", "id": "tt-Foster Sloug-43", "geometry": {"type": "LineString", "coordinates": [[-122.13700826245301, 47.9375684545375], [-122.13704836319626, 47.93757459749825], [-122.1370884639395, 47.937580740459], [-122.13712856468274, 47.937586883419755], [-122.13716866542599, 47.937593026380505]]}, "properties": {"type": "distribution", "layer": "distribution", "cableId": "TT-MT-H3024063-MT-H3024057", "fromNode": "MT-H3024063", "toNode": "MT-H3024057", "status": "designed", "progressPct": 0, "label": "MT-H3024063 \u2192 MT-H3024057", "lengthM": 12.3}}, {"type": "Feature", "id": "tt-Foster Sloug-44", "geometry": {"type": "LineString", "coordinates": [[-122.13716866542599, 47.937593026380505], [-122.13717669293305, 47.937621400126375], [-122.13718472044013, 47.93764977387225], [-122.1371927479472, 47.93767814761813], [-122.13720077545426, 47.937706521364]]}, "properties": {"type": "distribution", "layer": "distribution", "cableId": "TT-MT-H3024057-MT-H3024025", "fromNode": "MT-H3024057", "toNode": "MT-H3024025", "status": "designed", "progressPct": 0, "label": "MT-H3024057 \u2192 MT-H3024025", "lengthM": 12.9}}, {"type": "Feature", "id": "tt-Foster Sloug-49", "geometry": {"type": "LineString", "coordinates": [[-122.137304676214, 47.937651397489006], [-122.1372397558705, 47.93766068495713], [-122.13717483552699, 47.937669972425255], [-122.1371099151835, 47.93767925989338], [-122.13704499484, 47.9376885473615]]}, "properties": {"type": "distribution", "layer": "distribution", "cableId": "TT-MT-H3024052-MT-H3024059", "fromNode": "MT-H3024052", "toNode": "MT-H3024059", "status": "designed", "progressPct": 0, "label": "MT-H3024052 \u2192 MT-H3024059", "lengthM": 19.8}}, {"type": "Feature", "id": "tt-Foster Sloug-52", "geometry": {"type": "LineString", "coordinates": [[-122.13710470751101, 47.937704612339004], [-122.13714415803551, 47.937742772241876], [-122.13718360856001, 47.93778093214475], [-122.1372230590845, 47.937819092047626], [-122.137262509609, 47.9378572519505]]}, "properties": {"type": "distribution", "layer": "distribution", "cableId": "TT-MT-H3024058-MT-H3024051", "fromNode": "MT-H3024058", "toNode": "MT-H3024051", "status": "designed", "progressPct": 0, "label": "MT-H3024058 \u2192 MT-H3024051", "lengthM": 20.7}}, {"type": "Feature", "id": "tt-Foster Sloug-53", "geometry": {"type": "LineString", "coordinates": [[-122.137262509609, 47.9378572519505], [-122.13743415073901, 47.938000250651626], [-122.137605791869, 47.93814324935275], [-122.137777432999, 47.93828624805387], [-122.13794907412901, 47.938429246755]]}, "properties": {"type": "distribution", "layer": "distribution", "cableId": "TT-MT-H3024051-MT-H3024048", "fromNode": "MT-H3024051", "toNode": "MT-H3024048", "status": "designed", "progressPct": 0, "label": "MT-H3024051 \u2192 MT-H3024048", "lengthM": 81.7}}, {"type": "Feature", "id": "tt-Foster Sloug-54", "geometry": {"type": "LineString", "coordinates": [[-122.13794907412901, 47.938429246755], [-122.13787658825001, 47.938474394646626], [-122.137804102371, 47.938519542538245], [-122.137731616492, 47.93856469042987], [-122.137659130613, 47.9386098383215]]}, "properties": {"type": "distribution", "layer": "distribution", "cableId": "TT-MT-H3024048-MT-H3024050", "fromNode": "MT-H3024048", "toNode": "MT-H3024050", "status": "designed", "progressPct": 0, "label": "MT-H3024048 \u2192 MT-H3024050", "lengthM": 29.5}}, {"type": "Feature", "id": "tt-Foster Sloug-55", "geometry": {"type": "LineString", "coordinates": [[-122.137659130613, 47.9386098383215], [-122.13772761384276, 47.93859196550321], [-122.13779609707251, 47.93857409268492], [-122.13786458030225, 47.938556219866626], [-122.137933063532, 47.938538347048336]]}, "properties": {"type": "distribution", "layer": "distribution", "cableId": "TT-MT-H3024050-MT-H3024026", "fromNode": "MT-H3024050", "toNode": "MT-H3024026", "status": "designed", "progressPct": 0, "label": "MT-H3024050 \u2192 MT-H3024026", "lengthM": 21.9}}, {"type": "Feature", "id": "tt-Foster Sloug-57", "geometry": {"type": "LineString", "coordinates": [[-122.13784759652751, 47.938507144513], [-122.13788007308113, 47.93853129185925], [-122.13791254963476, 47.9385554392055], [-122.13794502618838, 47.938579586551754], [-122.137977502742, 47.938603733898006]]}, "properties": {"type": "distribution", "layer": "distribution", "cableId": "TT-MT-H3024049-MT-H3024047", "fromNode": "MT-H3024049", "toNode": "MT-H3024047", "status": "designed", "progressPct": 0, "label": "MT-H3024049 \u2192 MT-H3024047", "lengthM": 14.5}}, {"type": "Feature", "id": "tt-Foster Sloug-58", "geometry": {"type": "LineString", "coordinates": [[-122.137977502742, 47.938603733898006], [-122.13802463200025, 47.93864383870413], [-122.13807176125849, 47.938683943510256], [-122.13811889051674, 47.938724048316374], [-122.13816601977499, 47.9387641531225]]}, "properties": {"type": "distribution", "layer": "distribution", "cableId": "TT-MT-H3024047-MT-H3024045", "fromNode": "MT-H3024047", "toNode": "MT-H3024045", "status": "designed", "progressPct": 0, "label": "MT-H3024047 \u2192 MT-H3024045", "lengthM": 22.7}}, {"type": "Feature", "id": "tt-Foster Sloug-59", "geometry": {"type": "LineString", "coordinates": [[-122.13816601977499, 47.9387641531225], [-122.13812633183261, 47.93879081378162], [-122.13808664389023, 47.938817474440754], [-122.13804695594787, 47.93884413509988], [-122.1380072680055, 47.938870795759]]}, "properties": {"type": "distribution", "layer": "distribution", "cableId": "TT-MT-H3024045-MT-H3024046", "fromNode": "MT-H3024045", "toNode": "MT-H3024046", "status": "designed", "progressPct": 0, "label": "MT-H3024045 \u2192 MT-H3024046", "lengthM": 16.8}}, {"type": "Feature", "id": "tt-Foster Sloug-60", "geometry": {"type": "LineString", "coordinates": [[-122.1380072680055, 47.938870795759], [-122.13821118123288, 47.93897993833538], [-122.13841509446024, 47.93908908091175], [-122.13861900768762, 47.93919822348812], [-122.138822920915, 47.9393073660645]]}, "properties": {"type": "distribution", "layer": "distribution", "cableId": "TT-MT-H3024046-MT-H3024044", "fromNode": "MT-H3024046", "toNode": "MT-H3024044", "status": "designed", "progressPct": 0, "label": "MT-H3024046 \u2192 MT-H3024044", "lengthM": 77.9}}, {"type": "Feature", "id": "tt-Foster Sloug-62", "geometry": {"type": "LineString", "coordinates": [[-122.13890819327851, 47.939326422039], [-122.13889608851903, 47.93935764047375], [-122.13888398375957, 47.9393888589085], [-122.13887187900009, 47.93942007734326], [-122.13885977424061, 47.93945129577801]]}, "properties": {"type": "distribution", "layer": "distribution", "cableId": "TT-MT-H3024043-MT-H3024027", "fromNode": "MT-H3024043", "toNode": "MT-H3024027", "status": "designed", "progressPct": 0, "label": "MT-H3024043 \u2192 MT-H3024027", "lengthM": 14.4}}, {"type": "Feature", "id": "tt-Foster Sloug-63", "geometry": {"type": "LineString", "coordinates": [[-122.13885977424061, 47.93945129577801], [-122.13889727661359, 47.939428532335384], [-122.13893477898657, 47.939405768892755], [-122.13897228135953, 47.939383005450125], [-122.1390097837325, 47.9393602420075]]}, "properties": {"type": "distribution", "layer": "distribution", "cableId": "TT-MT-H3024027-MT-H3024042", "fromNode": "MT-H3024027", "toNode": "MT-H3024042", "status": "designed", "progressPct": 0, "label": "MT-H3024027 \u2192 MT-H3024042", "lengthM": 15.1}}, {"type": "Feature", "id": "tt-Foster Sloug-64", "geometry": {"type": "LineString", "coordinates": [[-122.1390097837325, 47.9393602420075], [-122.13907094677, 47.93952181739412], [-122.1391321098075, 47.93968339278075], [-122.139193272845, 47.93984496816738], [-122.1392544358825, 47.940006543554]]}, "properties": {"type": "distribution", "layer": "distribution", "cableId": "TT-MT-H3024042-MT-H3024041", "fromNode": "MT-H3024042", "toNode": "MT-H3024041", "status": "designed", "progressPct": 0, "label": "MT-H3024042 \u2192 MT-H3024041", "lengthM": 74.2}}, {"type": "Feature", "id": "tt-Foster Sloug-65", "geometry": {"type": "LineString", "coordinates": [[-122.1392544358825, 47.940006543554], [-122.13936478272251, 47.93999975376263], [-122.1394751295625, 47.93999296397125], [-122.13958547640249, 47.93998617417988], [-122.13969582324249, 47.93997938438851]]}, "properties": {"type": "distribution", "layer": "distribution", "cableId": "TT-MT-H3024041-MT-H3024037", "fromNode": "MT-H3024041", "toNode": "MT-H3024037", "status": "designed", "progressPct": 0, "label": "MT-H3024041 \u2192 MT-H3024037", "lengthM": 33.1}}, {"type": "Feature", "id": "tt-Foster Sloug-67", "geometry": {"type": "LineString", "coordinates": [[-122.13961901987801, 47.9400640899665], [-122.13956109750488, 47.940065124944], [-122.13950317513175, 47.9400661599215], [-122.13944525275862, 47.940067194899], [-122.13938733038549, 47.9400682298765]]}, "properties": {"type": "distribution", "layer": "distribution", "cableId": "TT-MT-H3024038-MT-H3024040", "fromNode": "MT-H3024038", "toNode": "MT-H3024040", "status": "designed", "progressPct": 0, "label": "MT-H3024038 \u2192 MT-H3024040", "lengthM": 17.3}}, {"type": "Feature", "id": "tt-Foster Sloug-68", "geometry": {"type": "LineString", "coordinates": [[-122.13938733038549, 47.9400682298765], [-122.13942067439662, 47.940083591272625], [-122.13945401840775, 47.94009895266875], [-122.13948736241888, 47.94011431406487], [-122.13952070643, 47.940129675460994]]}, "properties": {"type": "distribution", "layer": "distribution", "cableId": "TT-MT-H3024040-MT-H3024039", "fromNode": "MT-H3024040", "toNode": "MT-H3024039", "status": "designed", "progressPct": 0, "label": "MT-H3024040 \u2192 MT-H3024039", "lengthM": 12.1}}, {"type": "Feature", "id": "tt-Foster Sloug-69", "geometry": {"type": "LineString", "coordinates": [[-122.13952070643, 47.940129675460994], [-122.13958955789212, 47.94014327804837], [-122.13965840935425, 47.94015688063575], [-122.13972726081639, 47.94017048322313], [-122.1397961122785, 47.9401840858105]]}, "properties": {"type": "distribution", "layer": "distribution", "cableId": "TT-MT-H3024039-MT-H3024034", "fromNode": "MT-H3024039", "toNode": "MT-H3024034", "status": "designed", "progressPct": 0, "label": "MT-H3024039 \u2192 MT-H3024034", "lengthM": 21.4}}, {"type": "Feature", "id": "tt-Foster Sloug-71", "geometry": {"type": "LineString", "coordinates": [[-122.1398573737595, 47.9401807626995], [-122.13980581731275, 47.94020206743537], [-122.139754260866, 47.940223372171246], [-122.13970270441925, 47.94024467690712], [-122.1396511479725, 47.940265981642995]]}, "properties": {"type": "distribution", "layer": "distribution", "cableId": "TT-MT-H3024033-MT-H3024036", "fromNode": "MT-H3024033", "toNode": "MT-H3024036", "status": "designed", "progressPct": 0, "label": "MT-H3024033 \u2192 MT-H3024036", "lengthM": 18.1}}, {"type": "Feature", "id": "tt-Foster Sloug-73", "geometry": {"type": "LineString", "coordinates": [[-122.13969360504049, 47.940245943490496], [-122.13989097323649, 47.94042561384425], [-122.14008834143249, 47.940605284198], [-122.1402857096285, 47.94078495455175], [-122.1404830778245, 47.940964624905504]]}, "properties": {"type": "distribution", "layer": "distribution", "cableId": "TT-MT-H3024035-MT-H3024032", "fromNode": "MT-H3024035", "toNode": "MT-H3024032", "status": "designed", "progressPct": 0, "label": "MT-H3024035 \u2192 MT-H3024032", "lengthM": 99.3}}, {"type": "Feature", "id": "tt-Foster Sloug-74", "geometry": {"type": "LineString", "coordinates": [[-122.1404830778245, 47.940964624905504], [-122.14047705677663, 47.941021519262506], [-122.14047103572875, 47.9410784136195], [-122.14046501468087, 47.941135307976495], [-122.140458993633, 47.9411922023335]]}, "properties": {"type": "distribution", "layer": "distribution", "cableId": "TT-MT-H3024032-MT-H3024031", "fromNode": "MT-H3024032", "toNode": "MT-H3024031", "status": "designed", "progressPct": 0, "label": "MT-H3024032 \u2192 MT-H3024031", "lengthM": 25.4}}, {"type": "Feature", "id": "tt-Foster Sloug-78", "geometry": {"type": "LineString", "coordinates": [[-122.14068166740401, 47.9411506184045], [-122.14081919245832, 47.941317466876626], [-122.14095671751264, 47.941484315348745], [-122.14109424256694, 47.94165116382087], [-122.14123176762125, 47.941818012293]]}, "properties": {"type": "distribution", "layer": "distribution", "cableId": "TT-MT-H3024028-MT-H30240109", "fromNode": "MT-H3024028", "toNode": "MT-H30240109", "status": "designed", "progressPct": 0, "label": "MT-H3024028 \u2192 MT-H30240109", "lengthM": 84.9}}, {"type": "Feature", "id": "tt-64th St SE-0", "geometry": {"type": "LineString", "coordinates": [[-122.13613573333, 47.937244037585], [-122.13600013495775, 47.937590167957694], [-122.1358645365855, 47.93793629833039], [-122.13572893821325, 47.93828242870309], [-122.13559333984101, 47.93862855907578]]}, "properties": {"type": "distribution", "layer": "distribution", "cableId": "TT-MT-H3024072-MT-H3024019", "fromNode": "MT-H3024072", "toNode": "MT-H3024019", "status": "designed", "progressPct": 0, "label": "MT-H3024072 \u2192 MT-H3024019", "lengthM": 159.3}}, {"type": "Feature", "id": "tt-64th St SE-1", "geometry": {"type": "LineString", "coordinates": [[-122.13559333984101, 47.93862855907578], [-122.13569008333188, 47.938287585908334], [-122.13578682682277, 47.93794661274089], [-122.13588357031364, 47.93760563957345], [-122.13598031380451, 47.937264666406]]}, "properties": {"type": "distribution", "layer": "distribution", "cableId": "TT-MT-H3024019-MT-H3024073", "fromNode": "MT-H3024019", "toNode": "MT-H3024073", "status": "designed", "progressPct": 0, "label": "MT-H3024019 \u2192 MT-H3024073", "lengthM": 154.5}}, {"type": "Feature", "id": "tt-64th St SE-2", "geometry": {"type": "LineString", "coordinates": [[-122.13598031380451, 47.937264666406], [-122.13566255649414, 47.93702302172963], [-122.13534479918376, 47.93678137705325], [-122.13502704187337, 47.93653973237687], [-122.134709284563, 47.9362980877005]]}, "properties": {"type": "distribution", "layer": "distribution", "cableId": "TT-MT-H3024073-MT-H3024084", "fromNode": "MT-H3024073", "toNode": "MT-H3024084", "status": "designed", "progressPct": 0, "label": "MT-H3024073 \u2192 MT-H3024084", "lengthM": 143.4}}, {"type": "Feature", "id": "tt-64th St SE-4", "geometry": {"type": "LineString", "coordinates": [[-122.13480427121951, 47.936257583663505], [-122.13472524943288, 47.93685820399125], [-122.13464622764624, 47.937458824319], [-122.13456720585963, 47.938059444646754], [-122.13448818407299, 47.9386600649745]]}, "properties": {"type": "distribution", "layer": "distribution", "cableId": "TT-MT-H3024083-MT-H3024085", "fromNode": "MT-H3024083", "toNode": "MT-H3024085", "status": "designed", "progressPct": 0, "label": "MT-H3024083 \u2192 MT-H3024085", "lengthM": 268.5}}, {"type": "Feature", "id": "tt-64th St SE-5", "geometry": {"type": "LineString", "coordinates": [[-122.13448818407299, 47.9386600649745], [-122.134446459788, 47.93797502261612], [-122.134404735503, 47.937289980257745], [-122.134363011218, 47.93660493789937], [-122.134321286933, 47.93591989554099]]}, "properties": {"type": "distribution", "layer": "distribution", "cableId": "TT-MT-H3024085-MT-H3024086", "fromNode": "MT-H3024085", "toNode": "MT-H3024086", "status": "designed", "progressPct": 0, "label": "MT-H3024085 \u2192 MT-H3024086", "lengthM": 305.3}}, {"type": "Feature", "id": "tt-64th St SE-8", "geometry": {"type": "LineString", "coordinates": [[-122.1326671517, 47.9386402856685], [-122.13210824307376, 47.938625328274746], [-122.1315493344475, 47.938610370880994], [-122.13099042582125, 47.93859541348725], [-122.130431517195, 47.9385804560935]]}, "properties": {"type": "distribution", "layer": "distribution", "cableId": "TT-MT-H3024018-MT-H3024017", "fromNode": "MT-H3024018", "toNode": "MT-H3024017", "status": "designed", "progressPct": 0, "label": "MT-H3024018 \u2192 MT-H3024017", "lengthM": 166.9}}, {"type": "Feature", "id": "tt-61st Ave SE-0", "geometry": {"type": "LineString", "coordinates": [[-122.1495686163715, 47.9447702075785], [-122.149614662049, 47.94470096242937], [-122.1496607077265, 47.944631717280245], [-122.14970675340399, 47.944562472131125], [-122.1497527990815, 47.944493226982]]}, "properties": {"type": "distribution", "layer": "distribution", "cableId": "TT-MT-H3024014-MT-H3024013", "fromNode": "MT-H3024014", "toNode": "MT-H3024013", "status": "designed", "progressPct": 0, "label": "MT-H3024014 \u2192 MT-H3024013", "lengthM": 33.8}}, {"type": "Feature", "id": "tt-61st Ave SE-1", "geometry": {"type": "LineString", "coordinates": [[-122.1497527990815, 47.944493226982], [-122.14969866364937, 47.94477401190475], [-122.14964452821725, 47.94505479682749], [-122.14959039278513, 47.94533558175024], [-122.149536257353, 47.94561636667299]]}, "properties": {"type": "distribution", "layer": "distribution", "cableId": "TT-MT-H3024013-MT-H3024015", "fromNode": "MT-H3024013", "toNode": "MT-H3024015", "status": "designed", "progressPct": 0, "label": "MT-H3024013 \u2192 MT-H3024015", "lengthM": 126.1}}, {"type": "Feature", "id": "tt-60th St SE-0", "geometry": {"type": "LineString", "coordinates": [[-122.1575904228525, 47.9421370509165], [-122.15727788720474, 47.94216276154425], [-122.156965351557, 47.942188472172], [-122.15665281590925, 47.942214182799745], [-122.1563402802615, 47.9422398934275]]}, "properties": {"type": "distribution", "layer": "distribution", "cableId": "TT-MT-H3024001-MT-H3024002", "fromNode": "MT-H3024001", "toNode": "MT-H3024002", "status": "designed", "progressPct": 0, "label": "MT-H3024001 \u2192 MT-H3024002", "lengthM": 93.9}}, {"type": "Feature", "id": "tt-60th St SE-1", "geometry": {"type": "LineString", "coordinates": [[-122.1563402802615, 47.9422398934275], [-122.15593375716925, 47.94225174555487], [-122.155527234077, 47.94226359768225], [-122.15512071098475, 47.94227544980963], [-122.1547141878925, 47.942287301937]]}, "properties": {"type": "distribution", "layer": "distribution", "cableId": "TT-MT-H3024002-MT-H3024003", "fromNode": "MT-H3024002", "toNode": "MT-H3024003", "status": "designed", "progressPct": 0, "label": "MT-H3024002 \u2192 MT-H3024003", "lengthM": 121.4}}, {"type": "Feature", "id": "tt-60th St SE-2", "geometry": {"type": "LineString", "coordinates": [[-122.1547141878925, 47.942287301937], [-122.15463192016924, 47.942283285592126], [-122.154549652446, 47.94227926924725], [-122.15446738472275, 47.94227525290238], [-122.15438511699949, 47.9422712365575]]}, "properties": {"type": "distribution", "layer": "distribution", "cableId": "TT-MT-H3024003-MT-H3024004", "fromNode": "MT-H3024003", "toNode": "MT-H3024004", "status": "designed", "progressPct": 0, "label": "MT-H3024003 \u2192 MT-H3024004", "lengthM": 24.6}}, {"type": "Feature", "id": "tt-60th St SE-3", "geometry": {"type": "LineString", "coordinates": [[-122.15438511699949, 47.9422712365575], [-122.15425870937862, 47.942296044415755], [-122.15413230175776, 47.942320852274], [-122.15400589413687, 47.94234566013225], [-122.153879486516, 47.9423704679905]]}, "properties": {"type": "distribution", "layer": "distribution", "cableId": "TT-MT-H3024004-MT-H3024005", "fromNode": "MT-H3024004", "toNode": "MT-H3024005", "status": "designed", "progressPct": 0, "label": "MT-H3024004 \u2192 MT-H3024005", "lengthM": 39.3}}, {"type": "Feature", "id": "tt-60th St SE-4", "geometry": {"type": "LineString", "coordinates": [[-122.153879486516, 47.9423704679905], [-122.15382612445863, 47.942345084437505], [-122.15377276240125, 47.942319700884504], [-122.15371940034387, 47.9422943173315], [-122.1536660382865, 47.94226893377851]]}, "properties": {"type": "distribution", "layer": "distribution", "cableId": "TT-MT-H3024005-MT-H3024006", "fromNode": "MT-H3024005", "toNode": "MT-H3024006", "status": "designed", "progressPct": 0, "label": "MT-H3024005 \u2192 MT-H3024006", "lengthM": 19.5}}, {"type": "Feature", "id": "tt-60th St SE-5", "geometry": {"type": "LineString", "coordinates": [[-122.1536660382865, 47.94226893377851], [-122.15353852974626, 47.942264768784504], [-122.15341102120601, 47.9422606037905], [-122.15328351266575, 47.942256438796505], [-122.1531560041255, 47.9422522738025]]}, "properties": {"type": "distribution", "layer": "distribution", "cableId": "TT-MT-H3024006-MT-H3024007", "fromNode": "MT-H3024006", "toNode": "MT-H3024007", "status": "designed", "progressPct": 0, "label": "MT-H3024006 \u2192 MT-H3024007", "lengthM": 38.1}}, {"type": "Feature", "id": "tt-60th St SE-6", "geometry": {"type": "LineString", "coordinates": [[-122.1531560041255, 47.9422522738025], [-122.15304095265925, 47.94224796794625], [-122.15292590119302, 47.94224366209001], [-122.15281084972676, 47.942239356233756], [-122.15269579826051, 47.942235050377505]]}, "properties": {"type": "distribution", "layer": "distribution", "cableId": "TT-MT-H3024007-MT-H3024008", "fromNode": "MT-H3024007", "toNode": "MT-H3024008", "status": "designed", "progressPct": 0, "label": "MT-H3024007 \u2192 MT-H3024008", "lengthM": 34.4}}, {"type": "Feature", "id": "tt-60th St SE-7", "geometry": {"type": "LineString", "coordinates": [[-122.15269579826051, 47.942235050377505], [-122.15264706412125, 47.942259374296626], [-122.152598329982, 47.94228369821575], [-122.15254959584274, 47.94230802213488], [-122.15250086170349, 47.942332346054]]}, "properties": {"type": "distribution", "layer": "distribution", "cableId": "TT-MT-H3024008-MT-H3024009", "fromNode": "MT-H3024008", "toNode": "MT-H3024009", "status": "designed", "progressPct": 0, "label": "MT-H3024008 \u2192 MT-H3024009", "lengthM": 18.1}}, {"type": "Feature", "id": "tt-60th St SE-8", "geometry": {"type": "LineString", "coordinates": [[-122.15250086170349, 47.942332346054], [-122.15240663375462, 47.94231666996588], [-122.15231240580574, 47.94230099387775], [-122.15221817785687, 47.942285317789626], [-122.152123949908, 47.9422696417015]]}, "properties": {"type": "distribution", "layer": "distribution", "cableId": "TT-MT-H3024009-MT-H3024011", "fromNode": "MT-H3024009", "toNode": "MT-H3024011", "status": "designed", "progressPct": 0, "label": "MT-H3024009 \u2192 MT-H3024011", "lengthM": 29.0}}, {"type": "Feature", "id": "tt-60th St SE-9", "geometry": {"type": "LineString", "coordinates": [[-122.152123949908, 47.9422696417015], [-122.15215345027475, 47.94230964170687], [-122.1521829506415, 47.94234964171225], [-122.15221245100825, 47.942389641717625], [-122.152241951375, 47.942429641722995]]}, "properties": {"type": "distribution", "layer": "distribution", "cableId": "TT-MT-H3024011-MT-H3024010", "fromNode": "MT-H3024011", "toNode": "MT-H3024010", "status": "designed", "progressPct": 0, "label": "MT-H3024011 \u2192 MT-H3024010", "lengthM": 19.9}}, {"type": "Feature", "id": "tt-60th St SE-10", "geometry": {"type": "LineString", "coordinates": [[-122.152241951375, 47.942429641722995], [-122.15212214714238, 47.94238531778424], [-122.15200234290975, 47.9423409938455], [-122.15188253867713, 47.94229666990675], [-122.1517627344445, 47.942252345968]]}, "properties": {"type": "distribution", "layer": "distribution", "cableId": "TT-MT-H3024010-MT-H3024012", "fromNode": "MT-H3024010", "toNode": "MT-H3024012", "status": "designed", "progressPct": 0, "label": "MT-H3024010 \u2192 MT-H3024012", "lengthM": 40.8}}, {"type": "Feature", "id": "tt-60th St SE-11", "geometry": {"type": "LineString", "coordinates": [[-122.1517627344445, 47.942252345968], [-122.15104122586688, 47.94226116981125], [-122.15031971728925, 47.942269993654506], [-122.14959820871162, 47.94227881749775], [-122.148876700134, 47.942287641341004]]}, "properties": {"type": "distribution", "layer": "distribution", "cableId": "TT-MT-H3024012-MT-H3024016", "fromNode": "MT-H3024012", "toNode": "MT-H3024016", "status": "designed", "progressPct": 0, "label": "MT-H3024012 \u2192 MT-H3024016", "lengthM": 215.3}}, {"type": "Feature", "id": "tt-70th Dr SE-0", "geometry": {"type": "LineString", "coordinates": [[-122.1370509378515, 47.940999966906006], [-122.13703123311674, 47.941064179138124], [-122.137011528382, 47.94112839137025], [-122.13699182364725, 47.941192603602374], [-122.1369721189125, 47.94125681583449]]}, "properties": {"type": "distribution", "layer": "distribution", "cableId": "TT-MT-H3024062-MT-H3024061", "fromNode": "MT-H3024062", "toNode": "MT-H3024061", "status": "designed", "progressPct": 0, "label": "MT-H3024062 \u2192 MT-H3024061", "lengthM": 29.2}}, {"type": "Feature", "id": "tt-70th Dr SE-1", "geometry": {"type": "LineString", "coordinates": [[-122.1369721189125, 47.94125681583449], [-122.13697864814112, 47.941364227246], [-122.13698517736975, 47.9414716386575], [-122.13699170659837, 47.941579050068995], [-122.136998235827, 47.9416864614805]]}, "properties": {"type": "distribution", "layer": "distribution", "cableId": "TT-MT-H3024061-MT-H3024060", "fromNode": "MT-H3024061", "toNode": "MT-H3024060", "status": "designed", "progressPct": 0, "label": "MT-H3024061 \u2192 MT-H3024060", "lengthM": 47.9}}, {"type": "Feature", "id": "dist-MT-H30240101", "geometry": {"type": "LineString", "coordinates": [[-122.13360731139034, 47.924815569439666], [-122.13358341467863, 47.9248201931005], [-122.13355951796692, 47.92482481676133], [-122.13353562125522, 47.924829440422165], [-122.13351172454351, 47.924834064083]]}, "properties": {"type": "distribution", "layer": "distribution", "cableId": "LAT-MT-H30240101", "toTerminal": "MT-H30240101", "fiberRange": null, "status": "designed", "progressPct": 0, "printRef": "p20", "label": "Lateral \u2192 MT-H30240101", "lengthM": 7.4}}, {"type": "Feature", "id": "dist-MT-H3024024", "geometry": {"type": "LineString", "coordinates": [[-122.136797515182, 47.93709794547067], [-122.136819554429, 47.937115358553754], [-122.136841593676, 47.93713277163684], [-122.136863632923, 47.93715018471992], [-122.13688567217, 47.937167597803004]]}, "properties": {"type": "distribution", "layer": "distribution", "cableId": "LAT-MT-H3024024", "toTerminal": "MT-H3024024", "fiberRange": null, "status": "designed", "progressPct": 0, "printRef": "p43", "label": "Lateral \u2192 MT-H3024024", "lengthM": 10.2}}, {"type": "Feature", "id": "dist-MT-H3024023", "geometry": {"type": "LineString", "coordinates": [[-122.13613420500367, 47.936236089437], [-122.13614669779307, 47.93625313133263], [-122.13615919058246, 47.93627017322825], [-122.13617168337186, 47.936287215123876], [-122.13618417616125, 47.9363042570195]]}, "properties": {"type": "distribution", "layer": "distribution", "cableId": "LAT-MT-H3024023", "toTerminal": "MT-H3024023", "fiberRange": null, "status": "designed", "progressPct": 0, "printRef": "p44", "label": "Lateral \u2192 MT-H3024023", "lengthM": 8.5}}, {"type": "Feature", "id": "dist-MT-H3024022", "geometry": {"type": "LineString", "coordinates": [[-122.1353384513, 47.934804277817], [-122.13533466858786, 47.93477421039175], [-122.1353308858757, 47.9347441429665], [-122.13532710316355, 47.93471407554125], [-122.1353233204514, 47.934684008116]]}, "properties": {"type": "distribution", "layer": "distribution", "cableId": "LAT-MT-H3024022", "toTerminal": "MT-H3024022", "fiberRange": null, "status": "designed", "progressPct": 0, "printRef": "p45", "label": "Lateral \u2192 MT-H3024022", "lengthM": 13.4}}, {"type": "Feature", "id": "dist-MT-H3024020", "geometry": {"type": "LineString", "coordinates": [[-122.13376857939866, 47.93221996033933], [-122.13377483146783, 47.93223271967283], [-122.13378108353699, 47.932245479006326], [-122.13378733560614, 47.93225823833983], [-122.13379358767531, 47.93227099767333]]}, "properties": {"type": "distribution", "layer": "distribution", "cableId": "LAT-MT-H3024020", "toTerminal": "MT-H3024020", "fiberRange": null, "status": "designed", "progressPct": 0, "printRef": "p45", "label": "Lateral \u2192 MT-H3024020", "lengthM": 6.0}}, {"type": "Feature", "id": "dist-MT-H3024019", "geometry": {"type": "LineString", "coordinates": [[-122.135536709463, 47.93864144139366], [-122.1355508670575, 47.93863822081419], [-122.13556502465201, 47.938635000234726], [-122.1355791822465, 47.93863177965525], [-122.13559333984101, 47.93862855907578]]}, "properties": {"type": "distribution", "layer": "distribution", "cableId": "LAT-MT-H3024019", "toTerminal": "MT-H3024019", "fiberRange": null, "status": "designed", "progressPct": 0, "printRef": "p46", "label": "Lateral \u2192 MT-H3024019", "lengthM": 4.5}}, {"type": "Feature", "id": "dist-MT-H3024018", "geometry": {"type": "LineString", "coordinates": [[-122.13249375804466, 47.938668639725], [-122.1325371064585, 47.93866155121088], [-122.13258045487234, 47.938654462696746], [-122.13262380328617, 47.93864737418262], [-122.1326671517, 47.9386402856685]]}, "properties": {"type": "distribution", "layer": "distribution", "cableId": "LAT-MT-H3024018", "toTerminal": "MT-H3024018", "fiberRange": null, "status": "designed", "progressPct": 0, "printRef": "p46", "label": "Lateral \u2192 MT-H3024018", "lengthM": 13.3}}, {"type": "Feature", "id": "dist-MT-H3024017", "geometry": {"type": "LineString", "coordinates": [[-122.130285185456, 47.938552983215], [-122.13032176839076, 47.93855985143462], [-122.1303583513255, 47.93856671965425], [-122.13039493426025, 47.938573587873876], [-122.130431517195, 47.9385804560935]]}, "properties": {"type": "distribution", "layer": "distribution", "cableId": "LAT-MT-H3024017", "toTerminal": "MT-H3024017", "fiberRange": null, "status": "designed", "progressPct": 0, "printRef": "p47", "label": "Lateral \u2192 MT-H3024017", "lengthM": 11.3}}, {"type": "Feature", "id": "dist-MT-H30240109", "geometry": {"type": "LineString", "coordinates": [[-122.14126110319934, 47.941796560225335], [-122.14125376930483, 47.94180192324225], [-122.1412464354103, 47.94180728625916], [-122.14123910151577, 47.94181264927608], [-122.14123176762125, 47.941818012293]]}, "properties": {"type": "distribution", "layer": "distribution", "cableId": "LAT-MT-H30240109", "toTerminal": "MT-H30240109", "fiberRange": null, "status": "designed", "progressPct": 0, "printRef": "p5", "label": "Lateral \u2192 MT-H30240109", "lengthM": 3.2}}, {"type": "Feature", "id": "dist-MT-H3024027", "geometry": {"type": "LineString", "coordinates": [[-122.138937147551, 47.93941071402], [-122.13891780422341, 47.9394208594595], [-122.1388984608958, 47.939431004899006], [-122.13887911756821, 47.9394411503385], [-122.13885977424061, 47.93945129577801]]}, "properties": {"type": "distribution", "layer": "distribution", "cableId": "LAT-MT-H3024027", "toTerminal": "MT-H3024027", "fiberRange": null, "status": "designed", "progressPct": 0, "printRef": "p42", "label": "Lateral \u2192 MT-H3024027", "lengthM": 7.3}}, {"type": "Feature", "id": "dist-MT-H3024015", "geometry": {"type": "LineString", "coordinates": [[-122.14957684381334, 47.945612935580336], [-122.14956669719825, 47.9456137933535], [-122.14955655058317, 47.94561465112666], [-122.14954640396809, 47.94561550889983], [-122.149536257353, 47.94561636667299]]}, "properties": {"type": "distribution", "layer": "distribution", "cableId": "LAT-MT-H3024015", "toTerminal": "MT-H3024015", "fiberRange": null, "status": "designed", "progressPct": 0, "printRef": "p49", "label": "Lateral \u2192 MT-H3024015", "lengthM": 3.1}}, {"type": "Feature", "id": "dist-MT-H3024014", "geometry": {"type": "LineString", "coordinates": [[-122.149589229384, 47.944724322672], [-122.14958407613088, 47.94473579389863], [-122.14957892287775, 47.94474726512525], [-122.14957376962462, 47.94475873635187], [-122.1495686163715, 47.9447702075785]]}, "properties": {"type": "distribution", "layer": "distribution", "cableId": "LAT-MT-H3024014", "toTerminal": "MT-H3024014", "fiberRange": null, "status": "designed", "progressPct": 0, "printRef": "p50", "label": "Lateral \u2192 MT-H3024014", "lengthM": 5.3}}, {"type": "Feature", "id": "dist-MT-H3024013", "geometry": {"type": "LineString", "coordinates": [[-122.14964778272467, 47.94448972846967], [-122.14967403681388, 47.94449060309775], [-122.14970029090308, 47.94449147772583], [-122.14972654499229, 47.94449235235392], [-122.1497527990815, 47.944493226982]]}, "properties": {"type": "distribution", "layer": "distribution", "cableId": "LAT-MT-H3024013", "toTerminal": "MT-H3024013", "fiberRange": null, "status": "designed", "progressPct": 0, "printRef": "p50", "label": "Lateral \u2192 MT-H3024013", "lengthM": 7.8}}, {"type": "Feature", "id": "dist-MT-H3024012", "geometry": {"type": "LineString", "coordinates": [[-122.15184232997066, 47.94231144454433], [-122.15182243108913, 47.942296669900244], [-122.15180253220758, 47.942281895256166], [-122.15178263332604, 47.94226712061209], [-122.1517627344445, 47.942252345968]]}, "properties": {"type": "distribution", "layer": "distribution", "cableId": "LAT-MT-H3024012", "toTerminal": "MT-H3024012", "fiberRange": null, "status": "designed", "progressPct": 0, "printRef": "p49", "label": "Lateral \u2192 MT-H3024012", "lengthM": 8.9}}, {"type": "Feature", "id": "dist-MT-H3024011", "geometry": {"type": "LineString", "coordinates": [[-122.152116950153, 47.942349641705], [-122.15211870009175, 47.94232964170413], [-122.15212045003051, 47.94230964170325], [-122.15212219996926, 47.942289641702374], [-122.152123949908, 47.9422696417015]]}, "properties": {"type": "distribution", "layer": "distribution", "cableId": "LAT-MT-H3024011", "toTerminal": "MT-H3024011", "fiberRange": null, "status": "designed", "progressPct": 0, "printRef": "p64", "label": "Lateral \u2192 MT-H3024011", "lengthM": 8.9}}, {"type": "Feature", "id": "dist-MT-H3024016", "geometry": {"type": "LineString", "coordinates": [[-122.148869823485, 47.942367641345], [-122.14887154264724, 47.942347641344], [-122.1488732618095, 47.942327641343], [-122.14887498097175, 47.942307641342005], [-122.148876700134, 47.942287641341004]]}, "properties": {"type": "distribution", "layer": "distribution", "cableId": "LAT-MT-H3024016", "toTerminal": "MT-H3024016", "fiberRange": null, "status": "designed", "progressPct": 0, "printRef": "p64", "label": "Lateral \u2192 MT-H3024016", "lengthM": 8.9}}, {"type": "Feature", "id": "dist-MT-H3024064", "geometry": {"type": "LineString", "coordinates": [[-122.136973722784, 47.937333674381335], [-122.13695194830738, 47.937304843026624], [-122.13693017383076, 47.93727601167192], [-122.13690839935413, 47.937247180317215], [-122.1368866248775, 47.9372183489625]]}, "properties": {"type": "distribution", "layer": "distribution", "cableId": "LAT-MT-H3024064", "toTerminal": "MT-H3024064", "fiberRange": null, "status": "designed", "progressPct": 0, "printRef": "p10", "label": "Lateral \u2192 MT-H3024064", "lengthM": 14.4}}, {"type": "Feature", "id": "dist-MT-H3024062", "geometry": {"type": "LineString", "coordinates": [[-122.137010684767, 47.941059213564], [-122.13702074803813, 47.941044401899504], [-122.13703081130924, 47.941029590235004], [-122.13704087458038, 47.941014778570505], [-122.1370509378515, 47.940999966906006]]}, "properties": {"type": "distribution", "layer": "distribution", "cableId": "LAT-MT-H3024062", "toTerminal": "MT-H3024062", "fiberRange": null, "status": "designed", "progressPct": 0, "printRef": "p10", "label": "Lateral \u2192 MT-H3024062", "lengthM": 7.2}}, {"type": "Feature", "id": "dist-MT-H3024061", "geometry": {"type": "LineString", "coordinates": [[-122.13701282192433, 47.941234464006335], [-122.13700264617137, 47.941240051963376], [-122.13699247041842, 47.94124563992041], [-122.13698229466546, 47.94125122787745], [-122.1369721189125, 47.94125681583449]]}, "properties": {"type": "distribution", "layer": "distribution", "cableId": "LAT-MT-H3024061", "toTerminal": "MT-H3024061", "fiberRange": null, "status": "designed", "progressPct": 0, "printRef": "p12", "label": "Lateral \u2192 MT-H3024061", "lengthM": 3.9}}, {"type": "Feature", "id": "dist-MT-H3024060", "geometry": {"type": "LineString", "coordinates": [[-122.13701985299133, 47.941768421126], [-122.13701444870024, 47.94174793121462], [-122.13700904440915, 47.94172744130325], [-122.13700364011808, 47.94170695139188], [-122.136998235827, 47.9416864614805]]}, "properties": {"type": "distribution", "layer": "distribution", "cableId": "LAT-MT-H3024060", "toTerminal": "MT-H3024060", "fiberRange": null, "status": "designed", "progressPct": 0, "printRef": "p15", "label": "Lateral \u2192 MT-H3024060", "lengthM": 9.3}}, {"type": "Feature", "id": "dist-MT-H3024054", "geometry": {"type": "LineString", "coordinates": [[-122.137234479944, 47.937688767437], [-122.13722995050324, 47.93768237292925], [-122.1372254210625, 47.9376759784215], [-122.13722089162175, 47.93766958391375], [-122.137216362181, 47.937663189406]]}, "properties": {"type": "distribution", "layer": "distribution", "cableId": "LAT-MT-H3024054", "toTerminal": "MT-H3024054", "fiberRange": null, "status": "designed", "progressPct": 0, "printRef": "p15", "label": "Lateral \u2192 MT-H3024054", "lengthM": 3.2}}, {"type": "Feature", "id": "dist-MT-H3024053", "geometry": {"type": "LineString", "coordinates": [[-122.137234479944, 47.937688767437], [-122.1372409897575, 47.937680898939625], [-122.137247499571, 47.937673030442255], [-122.1372540093845, 47.93766516194488], [-122.13726051919801, 47.9376572934475]]}, "properties": {"type": "distribution", "layer": "distribution", "cableId": "LAT-MT-H3024053", "toTerminal": "MT-H3024053", "fiberRange": null, "status": "designed", "progressPct": 0, "printRef": "p15", "label": "Lateral \u2192 MT-H3024053", "lengthM": 4.0}}, {"type": "Feature", "id": "dist-MT-H3024052", "geometry": {"type": "LineString", "coordinates": [[-122.137234479944, 47.937688767437], [-122.1372520290115, 47.937679424950005], [-122.137269578079, 47.937670082463], [-122.1372871271465, 47.937660739976], [-122.137304676214, 47.937651397489006]]}, "properties": {"type": "distribution", "layer": "distribution", "cableId": "LAT-MT-H3024052", "toTerminal": "MT-H3024052", "fiberRange": null, "status": "designed", "progressPct": 0, "printRef": "p12", "label": "Lateral \u2192 MT-H3024052", "lengthM": 6.7}}, {"type": "Feature", "id": "dist-MT-H3024051", "geometry": {"type": "LineString", "coordinates": [[-122.13724211139466, 47.937782521784335], [-122.13724721094825, 47.93780120432588], [-122.13725231050182, 47.937819886867416], [-122.13725741005541, 47.93783856940895], [-122.137262509609, 47.9378572519505]]}, "properties": {"type": "distribution", "layer": "distribution", "cableId": "LAT-MT-H3024051", "toTerminal": "MT-H3024051", "fiberRange": null, "status": "designed", "progressPct": 0, "printRef": "p14", "label": "Lateral \u2192 MT-H3024051", "lengthM": 8.5}}, {"type": "Feature", "id": "dist-MT-H3024050", "geometry": {"type": "LineString", "coordinates": [[-122.137711068668, 47.938450992069], [-122.13769808415425, 47.93849070363213], [-122.13768509964049, 47.938530415195245], [-122.13767211512675, 47.93857012675837], [-122.137659130613, 47.9386098383215]]}, "properties": {"type": "distribution", "layer": "distribution", "cableId": "LAT-MT-H3024050", "toTerminal": "MT-H3024050", "fiberRange": null, "status": "designed", "progressPct": 0, "printRef": "p14", "label": "Lateral \u2192 MT-H3024050", "lengthM": 18.1}}, {"type": "Feature", "id": "dist-MT-H3024049", "geometry": {"type": "LineString", "coordinates": [[-122.137851464172, 47.938457811694335], [-122.13785049726087, 47.938470144899], [-122.13784953034975, 47.938482478103666], [-122.13784856343864, 47.93849481130833], [-122.13784759652751, 47.938507144513]]}, "properties": {"type": "distribution", "layer": "distribution", "cableId": "LAT-MT-H3024049", "toTerminal": "MT-H3024049", "fiberRange": null, "status": "designed", "progressPct": 0, "printRef": "p12", "label": "Lateral \u2192 MT-H3024049", "lengthM": 5.5}}, {"type": "Feature", "id": "dist-MT-H3024048", "geometry": {"type": "LineString", "coordinates": [[-122.137906837515, 47.938445171011], [-122.13791739666851, 47.938441189947], [-122.13792795582201, 47.938437208883], [-122.1379385149755, 47.938433227819], [-122.13794907412901, 47.938429246755]]}, "properties": {"type": "distribution", "layer": "distribution", "cableId": "LAT-MT-H3024048", "toTerminal": "MT-H3024048", "fiberRange": null, "status": "designed", "progressPct": 0, "printRef": "p12", "label": "Lateral \u2192 MT-H3024048", "lengthM": 3.6}}, {"type": "Feature", "id": "dist-MT-H3024047", "geometry": {"type": "LineString", "coordinates": [[-122.13793222246933, 47.938609563101004], [-122.1379435425375, 47.938608105800256], [-122.13795486260567, 47.9386066484995], [-122.13796618267384, 47.938605191198754], [-122.137977502742, 47.938603733898006]]}, "properties": {"type": "distribution", "layer": "distribution", "cableId": "LAT-MT-H3024047", "toTerminal": "MT-H3024047", "fiberRange": null, "status": "designed", "progressPct": 0, "printRef": "p10", "label": "Lateral \u2192 MT-H3024047", "lengthM": 3.4}}, {"type": "Feature", "id": "dist-MT-H3024046", "geometry": {"type": "LineString", "coordinates": [[-122.138019974864, 47.938761995845], [-122.13801679814937, 47.9387891958235], [-122.13801362143474, 47.938816395802], [-122.13801044472012, 47.9388435957805], [-122.1380072680055, 47.938870795759]]}, "properties": {"type": "distribution", "layer": "distribution", "cableId": "LAT-MT-H3024046", "toTerminal": "MT-H3024046", "fiberRange": null, "status": "designed", "progressPct": 0, "printRef": "p9", "label": "Lateral \u2192 MT-H3024046", "lengthM": 12.1}}, {"type": "Feature", "id": "dist-MT-H3024045", "geometry": {"type": "LineString", "coordinates": [[-122.138117631624, 47.93872255032767], [-122.13812972866174, 47.938732951026374], [-122.13814182569949, 47.93874335172508], [-122.13815392273725, 47.93875375242379], [-122.13816601977499, 47.9387641531225]]}, "properties": {"type": "distribution", "layer": "distribution", "cableId": "LAT-MT-H3024045", "toTerminal": "MT-H3024045", "fiberRange": null, "status": "designed", "progressPct": 0, "printRef": "p9", "label": "Lateral \u2192 MT-H3024045", "lengthM": 5.9}}, {"type": "Feature", "id": "dist-MT-H3024043", "geometry": {"type": "LineString", "coordinates": [[-122.138871875188, 47.939351658045], [-122.13888095471063, 47.9393453490435], [-122.13889003423326, 47.939339040042], [-122.13889911375588, 47.9393327310405], [-122.13890819327851, 47.939326422039]]}, "properties": {"type": "distribution", "layer": "distribution", "cableId": "LAT-MT-H3024043", "toTerminal": "MT-H3024043", "fiberRange": null, "status": "designed", "progressPct": 0, "printRef": "p19", "label": "Lateral \u2192 MT-H3024043", "lengthM": 3.9}}, {"type": "Feature", "id": "dist-MT-H3024042", "geometry": {"type": "LineString", "coordinates": [[-122.138937147551, 47.93941071402], [-122.13895530659639, 47.93939809601687], [-122.13897346564175, 47.93938547801375], [-122.13899162468712, 47.93937286001063], [-122.1390097837325, 47.9393602420075]]}, "properties": {"type": "distribution", "layer": "distribution", "cableId": "LAT-MT-H3024042", "toTerminal": "MT-H3024042", "fiberRange": null, "status": "designed", "progressPct": 0, "printRef": "p19", "label": "Lateral \u2192 MT-H3024042", "lengthM": 7.8}}, {"type": "Feature", "id": "dist-MT-H3024041", "geometry": {"type": "LineString", "coordinates": [[-122.139280391624, 47.939913836838], [-122.13927390268863, 47.939937013517], [-122.13926741375326, 47.939960190196004], [-122.13926092481788, 47.939983366875], [-122.1392544358825, 47.940006543554]]}, "properties": {"type": "distribution", "layer": "distribution", "cableId": "LAT-MT-H3024041", "toTerminal": "MT-H3024041", "fiberRange": null, "status": "designed", "progressPct": 0, "printRef": "p20", "label": "Lateral \u2192 MT-H3024041", "lengthM": 10.5}}, {"type": "Feature", "id": "dist-MT-H3024040", "geometry": {"type": "LineString", "coordinates": [[-122.139478092113, 47.940091796051], [-122.13945540168112, 47.94008590450738], [-122.13943271124924, 47.94008001296375], [-122.13941002081737, 47.940074121420125], [-122.13938733038549, 47.9400682298765]]}, "properties": {"type": "distribution", "layer": "distribution", "cableId": "LAT-MT-H3024040", "toTerminal": "MT-H3024040", "fiberRange": null, "status": "designed", "progressPct": 0, "printRef": "p20", "label": "Lateral \u2192 MT-H3024040", "lengthM": 7.3}}, {"type": "Feature", "id": "dist-MT-H3024037", "geometry": {"type": "LineString", "coordinates": [[-122.139606309465, 47.940015372122], [-122.13962868790937, 47.940006375188624], [-122.13965106635374, 47.939997378255256], [-122.13967344479812, 47.93998838132188], [-122.13969582324249, 47.93997938438851]]}, "properties": {"type": "distribution", "layer": "distribution", "cableId": "LAT-MT-H3024037", "toTerminal": "MT-H3024037", "fiberRange": null, "status": "designed", "progressPct": 0, "printRef": "p23", "label": "Lateral \u2192 MT-H3024037", "lengthM": 7.8}}, {"type": "Feature", "id": "dist-MT-H3024033", "geometry": {"type": "LineString", "coordinates": [[-122.139820869167, 47.940206091944], [-122.13982999531513, 47.940199759632875], [-122.13983912146324, 47.940193427321745], [-122.13984824761137, 47.94018709501062], [-122.1398573737595, 47.9401807626995]]}, "properties": {"type": "distribution", "layer": "distribution", "cableId": "LAT-MT-H3024033", "toTerminal": "MT-H3024033", "fiberRange": null, "status": "designed", "progressPct": 0, "printRef": "p21", "label": "Lateral \u2192 MT-H3024033", "lengthM": 3.9}}, {"type": "Feature", "id": "dist-MT-H3024032", "geometry": {"type": "LineString", "coordinates": [[-122.14049028588167, 47.941022888913], [-122.14048848386737, 47.941008322911124], [-122.14048668185308, 47.94099375690925], [-122.1404848798388, 47.94097919090738], [-122.1404830778245, 47.940964624905504]]}, "properties": {"type": "distribution", "layer": "distribution", "cableId": "LAT-MT-H3024032", "toTerminal": "MT-H3024032", "fiberRange": null, "status": "designed", "progressPct": 0, "printRef": "p28", "label": "Lateral \u2192 MT-H3024032", "lengthM": 6.5}}, {"type": "Feature", "id": "dist-MT-H3024031", "geometry": {"type": "LineString", "coordinates": [[-122.140514969578, 47.94113151017], [-122.14050097559175, 47.941146683210874], [-122.1404869816055, 47.94116185625175], [-122.14047298761926, 47.941177029292625], [-122.140458993633, 47.9411922023335]]}, "properties": {"type": "distribution", "layer": "distribution", "cableId": "LAT-MT-H3024031", "toTerminal": "MT-H3024031", "fiberRange": null, "status": "designed", "progressPct": 0, "printRef": "p2", "label": "Lateral \u2192 MT-H3024031", "lengthM": 7.9}}, {"type": "Feature", "id": "dist-MT-H3024095", "geometry": {"type": "LineString", "coordinates": [[-122.13359509364567, 47.925462843668335], [-122.133618863365, 47.92545663110462], [-122.13364263308432, 47.92545041854092], [-122.13366640280366, 47.92544420597721], [-122.13369017252299, 47.925437993413496]]}, "properties": {"type": "distribution", "layer": "distribution", "cableId": "LAT-MT-H3024095", "toTerminal": "MT-H3024095", "fiberRange": null, "status": "designed", "progressPct": 0, "printRef": "p29", "label": "Lateral \u2192 MT-H3024095", "lengthM": 7.6}}, {"type": "Feature", "id": "dist-MT-H3024096", "geometry": {"type": "LineString", "coordinates": [[-122.133702536971, 47.925851402019], [-122.13369271344237, 47.92586028448412], [-122.13368288991376, 47.92586916694925], [-122.13367306638513, 47.92587804941437], [-122.1336632428565, 47.925886931879496]]}, "properties": {"type": "distribution", "layer": "distribution", "cableId": "LAT-MT-H3024096", "toTerminal": "MT-H3024096", "fiberRange": null, "status": "designed", "progressPct": 0, "printRef": "p29", "label": "Lateral \u2192 MT-H3024096", "lengthM": 4.9}}, {"type": "Feature", "id": "dist-MT-H3024097", "geometry": {"type": "LineString", "coordinates": [[-122.13370347815234, 47.925792108499664], [-122.13371320756264, 47.9257891553865], [-122.13372293697293, 47.92578620227333], [-122.13373266638321, 47.92578324916017], [-122.1337423957935, 47.925780296047]]}, "properties": {"type": "distribution", "layer": "distribution", "cableId": "LAT-MT-H3024097", "toTerminal": "MT-H3024097", "fiberRange": null, "status": "designed", "progressPct": 0, "printRef": "p28", "label": "Lateral \u2192 MT-H3024097", "lengthM": 3.2}}, {"type": "Feature", "id": "dist-MT-H3024098", "geometry": {"type": "LineString", "coordinates": [[-122.133581440925, 47.92634679281433], [-122.13361489377725, 47.926341896961496], [-122.13364834662951, 47.926337001108664], [-122.13368179948176, 47.92633210525583], [-122.13371525233401, 47.926327209403]]}, "properties": {"type": "distribution", "layer": "distribution", "cableId": "LAT-MT-H3024098", "toTerminal": "MT-H3024098", "fiberRange": null, "status": "designed", "progressPct": 0, "printRef": "p28", "label": "Lateral \u2192 MT-H3024098", "lengthM": 10.2}}, {"type": "Feature", "id": "dist-MT-H3024099", "geometry": {"type": "LineString", "coordinates": [[-122.13351479537167, 47.92774469363967], [-122.13353819962362, 47.927746800920005], [-122.13356160387558, 47.927748908200336], [-122.13358500812754, 47.927751015480666], [-122.13360841237949, 47.927753122761004]]}, "properties": {"type": "distribution", "layer": "distribution", "cableId": "LAT-MT-H3024099", "toTerminal": "MT-H3024099", "fiberRange": null, "status": "designed", "progressPct": 0, "printRef": "p25", "label": "Lateral \u2192 MT-H3024099", "lengthM": 7.0}}, {"type": "Feature", "id": "dist-MT-H30240103", "geometry": {"type": "LineString", "coordinates": [[-122.133631728063, 47.92703890898267], [-122.13360860199337, 47.92702567047725], [-122.13358547592375, 47.92701243197183], [-122.13356234985413, 47.926999193466415], [-122.13353922378451, 47.926985954961]]}, "properties": {"type": "distribution", "layer": "distribution", "cableId": "LAT-MT-H30240103", "toTerminal": "MT-H30240103", "fiberRange": null, "status": "designed", "progressPct": 0, "printRef": "p9", "label": "Lateral \u2192 MT-H30240103", "lengthM": 9.1}}, {"type": "Feature", "id": "dist-MT-H30240105", "geometry": {"type": "LineString", "coordinates": [[-122.133031258639, 47.930230998182], [-122.13311885917824, 47.93024898435125], [-122.1332064597175, 47.9302669705205], [-122.13329406025676, 47.930284956689746], [-122.133381660796, 47.930302942859]]}, "properties": {"type": "distribution", "layer": "distribution", "cableId": "LAT-MT-H30240105", "toTerminal": "MT-H30240105", "fiberRange": null, "status": "designed", "progressPct": 0, "printRef": "p8", "label": "Lateral \u2192 MT-H30240105", "lengthM": 27.3}}, {"type": "Feature", "id": "dist-MT-H30240107", "geometry": {"type": "LineString", "coordinates": [[-122.132932606863, 47.93058434621367], [-122.13297912256574, 47.93058064176963], [-122.13302563826849, 47.93057693732558], [-122.13307215397126, 47.93057323288154], [-122.133118669674, 47.9305695284375]]}, "properties": {"type": "distribution", "layer": "distribution", "cableId": "LAT-MT-H30240107", "toTerminal": "MT-H30240107", "fiberRange": null, "status": "designed", "progressPct": 0, "printRef": "p6", "label": "Lateral \u2192 MT-H30240107", "lengthM": 14.0}}, {"type": "Feature", "id": "dist-MT-H3024094", "geometry": {"type": "LineString", "coordinates": [[-122.133507006795, 47.928466027609], [-122.13355999907488, 47.928504843991746], [-122.13361299135474, 47.9285436603745], [-122.13366598363461, 47.92858247675725], [-122.13371897591449, 47.92862129314]]}, "properties": {"type": "distribution", "layer": "distribution", "cableId": "LAT-MT-H3024094", "toTerminal": "MT-H3024094", "fiberRange": null, "status": "designed", "progressPct": 0, "printRef": "p32", "label": "Lateral \u2192 MT-H3024094", "lengthM": 23.4}}, {"type": "Feature", "id": "dist-MT-H3024093", "geometry": {"type": "LineString", "coordinates": [[-122.13351203607633, 47.92803196556933], [-122.13357358824399, 47.928054964343374], [-122.13363514041167, 47.92807796311742], [-122.13369669257935, 47.92810096189146], [-122.13375824474701, 47.9281239606655]]}, "properties": {"type": "distribution", "layer": "distribution", "cableId": "LAT-MT-H3024093", "toTerminal": "MT-H3024093", "fiberRange": null, "status": "designed", "progressPct": 0, "printRef": "p33", "label": "Lateral \u2192 MT-H3024093", "lengthM": 21.0}}, {"type": "Feature", "id": "dist-MT-H3024092", "geometry": {"type": "LineString", "coordinates": [[-122.133788358296, 47.93213786935367], [-122.13379471367075, 47.93212573835187], [-122.1338010690455, 47.93211360735008], [-122.13380742442025, 47.93210147634829], [-122.133813779795, 47.9320893453465]]}, "properties": {"type": "distribution", "layer": "distribution", "cableId": "LAT-MT-H3024092", "toTerminal": "MT-H3024092", "fiberRange": null, "status": "designed", "progressPct": 0, "printRef": "p33", "label": "Lateral \u2192 MT-H3024092", "lengthM": 5.7}}, {"type": "Feature", "id": "dist-MT-H3024091", "geometry": {"type": "LineString", "coordinates": [[-122.13376857939866, 47.93221996033933], [-122.13378605279188, 47.9322348004715], [-122.13380352618509, 47.93224964060366], [-122.13382099957829, 47.932264480735824], [-122.1338384729715, 47.93227932086799]]}, "properties": {"type": "distribution", "layer": "distribution", "cableId": "LAT-MT-H3024091", "toTerminal": "MT-H3024091", "fiberRange": null, "status": "designed", "progressPct": 0, "printRef": "p34", "label": "Lateral \u2192 MT-H3024091", "lengthM": 8.4}}, {"type": "Feature", "id": "dist-MT-H3024090", "geometry": {"type": "LineString", "coordinates": [[-122.134146320269, 47.933065761321], [-122.13413584802187, 47.93306638032037], [-122.13412537577474, 47.93306699931975], [-122.13411490352762, 47.93306761831912], [-122.13410443128049, 47.933068237318494]]}, "properties": {"type": "distribution", "layer": "distribution", "cableId": "LAT-MT-H3024090", "toTerminal": "MT-H3024090", "fiberRange": null, "status": "designed", "progressPct": 0, "printRef": "p34", "label": "Lateral \u2192 MT-H3024090", "lengthM": 3.1}}, {"type": "Feature", "id": "dist-MT-H3024088", "geometry": {"type": "LineString", "coordinates": [[-122.13421766035066, 47.93308312685166], [-122.13422807040774, 47.93306866513075], [-122.13423848046483, 47.93305420340983], [-122.13424889052192, 47.933039741688916], [-122.134259300579, 47.933025279968]]}, "properties": {"type": "distribution", "layer": "distribution", "cableId": "LAT-MT-H3024088", "toTerminal": "MT-H3024088", "fiberRange": null, "status": "designed", "progressPct": 0, "printRef": "p36", "label": "Lateral \u2192 MT-H3024088", "lengthM": 7.1}}, {"type": "Feature", "id": "dist-MT-H3024087", "geometry": {"type": "LineString", "coordinates": [[-122.13428900043233, 47.93310049238233], [-122.134292095152, 47.93308076654775], [-122.13429518987166, 47.93306104071317], [-122.13429828459132, 47.93304131487859], [-122.134301379311, 47.933021589044]]}, "properties": {"type": "distribution", "layer": "distribution", "cableId": "LAT-MT-H3024087", "toTerminal": "MT-H3024087", "fiberRange": null, "status": "designed", "progressPct": 0, "printRef": "p37", "label": "Lateral \u2192 MT-H3024087", "lengthM": 8.8}}, {"type": "Feature", "id": "dist-MT-H3024080", "geometry": {"type": "LineString", "coordinates": [[-122.135051330778, 47.93437801681567], [-122.13507731450062, 47.934399482241254], [-122.13510329822324, 47.93442094766684], [-122.13512928194586, 47.93444241309242], [-122.13515526566849, 47.934463878518]]}, "properties": {"type": "distribution", "layer": "distribution", "cableId": "LAT-MT-H3024080", "toTerminal": "MT-H3024080", "fiberRange": null, "status": "designed", "progressPct": 0, "printRef": "p41", "label": "Lateral \u2192 MT-H3024080", "lengthM": 12.3}}, {"type": "Feature", "id": "dist-MT-H3024079", "geometry": {"type": "LineString", "coordinates": [[-122.1353384513, 47.934804277817], [-122.13534260162312, 47.93481130144475], [-122.13534675194626, 47.9348183250725], [-122.13535090226938, 47.93482534870025], [-122.1353550525925, 47.934832372328]]}, "properties": {"type": "distribution", "layer": "distribution", "cableId": "LAT-MT-H3024079", "toTerminal": "MT-H3024079", "fiberRange": null, "status": "designed", "progressPct": 0, "printRef": "p41", "label": "Lateral \u2192 MT-H3024079", "lengthM": 3.4}}, {"type": "Feature", "id": "dist-MT-H3024078", "geometry": {"type": "LineString", "coordinates": [[-122.13552150709268, 47.934920869337], [-122.13550150645739, 47.93492348376863], [-122.1354815058221, 47.93492609820025], [-122.1354615051868, 47.93492871263187], [-122.13544150455151, 47.9349313270635]]}, "properties": {"type": "distribution", "layer": "distribution", "cableId": "LAT-MT-H3024078", "toTerminal": "MT-H3024078", "fiberRange": null, "status": "designed", "progressPct": 0, "printRef": "p41", "label": "Lateral \u2192 MT-H3024078", "lengthM": 6.1}}, {"type": "Feature", "id": "dist-MT-H3024077", "geometry": {"type": "LineString", "coordinates": [[-122.135613034989, 47.934979165097], [-122.13562383114876, 47.93496162595687], [-122.1356346273085, 47.93494408681675], [-122.13564542346825, 47.934926547676625], [-122.135656219628, 47.9349090085365]]}, "properties": {"type": "distribution", "layer": "distribution", "cableId": "LAT-MT-H3024077", "toTerminal": "MT-H3024077", "fiberRange": null, "status": "designed", "progressPct": 0, "printRef": "p40", "label": "Lateral \u2192 MT-H3024077", "lengthM": 8.4}}, {"type": "Feature", "id": "dist-MT-H3024076", "geometry": {"type": "LineString", "coordinates": [[-122.13558279314134, 47.93506600417067], [-122.13558433440225, 47.93507659870138], [-122.13558587566317, 47.935087193232086], [-122.13558741692408, 47.93509778776279], [-122.135588958185, 47.9351083822935]]}, "properties": {"type": "distribution", "layer": "distribution", "cableId": "LAT-MT-H3024076", "toTerminal": "MT-H3024076", "fiberRange": null, "status": "designed", "progressPct": 0, "printRef": "p38", "label": "Lateral \u2192 MT-H3024076", "lengthM": 4.7}}, {"type": "Feature", "id": "dist-MT-H3024075", "geometry": {"type": "LineString", "coordinates": [[-122.13563408440734, 47.935572355314], [-122.13563980844363, 47.935548685477876], [-122.13564553247991, 47.93552501564175], [-122.13565125651621, 47.935501345805626], [-122.1356569805525, 47.9354776759695]]}, "properties": {"type": "distribution", "layer": "distribution", "cableId": "LAT-MT-H3024075", "toTerminal": "MT-H3024075", "fiberRange": null, "status": "designed", "progressPct": 0, "printRef": "p36", "label": "Lateral \u2192 MT-H3024075", "lengthM": 10.7}}, {"type": "Feature", "id": "dist-MT-H3024074", "geometry": {"type": "LineString", "coordinates": [[-122.13593348013667, 47.936011492854334], [-122.1359072095555, 47.93599948023175], [-122.13588093897434, 47.935987467609166], [-122.13585466839316, 47.93597545498658], [-122.13582839781199, 47.935963442364]]}, "properties": {"type": "distribution", "layer": "distribution", "cableId": "LAT-MT-H3024074", "toTerminal": "MT-H3024074", "fiberRange": null, "status": "designed", "progressPct": 0, "printRef": "p35", "label": "Lateral \u2192 MT-H3024074", "lengthM": 9.5}}, {"type": "Feature", "id": "dist-MT-H3024071", "geometry": {"type": "LineString", "coordinates": [[-122.1365392084, 47.936762695354], [-122.13651368266262, 47.93676544452637], [-122.13648815692525, 47.936768193698754], [-122.13646263118787, 47.93677094287113], [-122.1364371054505, 47.9367736920435]]}, "properties": {"type": "distribution", "layer": "distribution", "cableId": "LAT-MT-H3024071", "toTerminal": "MT-H3024071", "fiberRange": null, "status": "designed", "progressPct": 0, "printRef": "p2", "label": "Lateral \u2192 MT-H3024071", "lengthM": 7.7}}, {"type": "Feature", "id": "dist-MT-H3024070", "geometry": {"type": "LineString", "coordinates": [[-122.1365392084, 47.936762695354], [-122.13653226768287, 47.93677053900062], [-122.13652532696574, 47.93677838264725], [-122.13651838624861, 47.936786226293876], [-122.13651144553148, 47.9367940699405]]}, "properties": {"type": "distribution", "layer": "distribution", "cableId": "LAT-MT-H3024070", "toTerminal": "MT-H3024070", "fiberRange": null, "status": "designed", "progressPct": 0, "printRef": "p58", "label": "Lateral \u2192 MT-H3024070", "lengthM": 4.1}}, {"type": "Feature", "id": "dist-MT-H3024001", "geometry": {"type": "LineString", "coordinates": [[-122.157580955778, 47.94221705092], [-122.15758332254663, 47.94219705091913], [-122.15758568931525, 47.94217705091825], [-122.15758805608387, 47.94215705091737], [-122.1575904228525, 47.9421370509165]]}, "properties": {"type": "distribution", "layer": "distribution", "cableId": "LAT-MT-H3024001", "toTerminal": "MT-H3024001", "fiberRange": null, "status": "designed", "progressPct": 0, "printRef": "p51", "label": "Lateral \u2192 MT-H3024001", "lengthM": 8.9}}, {"type": "Feature", "id": "dist-MT-H3024002", "geometry": {"type": "LineString", "coordinates": [[-122.156699794866, 47.94225894592034], [-122.15660991621488, 47.94225418279713], [-122.15652003756375, 47.942249419673914], [-122.15643015891263, 47.942244656550706], [-122.1563402802615, 47.9422398934275]]}, "properties": {"type": "distribution", "layer": "distribution", "cableId": "LAT-MT-H3024002", "toTerminal": "MT-H3024002", "fiberRange": null, "status": "designed", "progressPct": 0, "printRef": "p51", "label": "Lateral \u2192 MT-H3024002", "lengthM": 26.9}}, {"type": "Feature", "id": "dist-MT-H3024003", "geometry": {"type": "LineString", "coordinates": [[-122.15476632420032, 47.94230619312967], [-122.15475329012337, 47.9423014703315], [-122.15474025604641, 47.942296747533334], [-122.15472722196945, 47.94229202473517], [-122.1547141878925, 47.942287301937]]}, "properties": {"type": "distribution", "layer": "distribution", "cableId": "LAT-MT-H3024003", "toTerminal": "MT-H3024003", "fiberRange": null, "status": "designed", "progressPct": 0, "printRef": "p52", "label": "Lateral \u2192 MT-H3024003", "lengthM": 4.4}}, {"type": "Feature", "id": "dist-MT-H3024004", "geometry": {"type": "LineString", "coordinates": [[-122.15441529446433, 47.942231196011], [-122.15440775009812, 47.94224120614763], [-122.15440020573192, 47.94225121628425], [-122.1543926613657, 47.942261226420875], [-122.15438511699949, 47.9422712365575]]}, "properties": {"type": "distribution", "layer": "distribution", "cableId": "LAT-MT-H3024004", "toTerminal": "MT-H3024004", "fiberRange": null, "status": "designed", "progressPct": 0, "printRef": "p54", "label": "Lateral \u2192 MT-H3024004", "lengthM": 5.0}}, {"type": "Feature", "id": "dist-MT-H3024005", "geometry": {"type": "LineString", "coordinates": [[-122.15385938433433, 47.942309806336], [-122.15386440987974, 47.94232497174963], [-122.15386943542516, 47.94234013716325], [-122.15387446097058, 47.94235530257687], [-122.153879486516, 47.9423704679905]]}, "properties": {"type": "distribution", "layer": "distribution", "cableId": "LAT-MT-H3024005", "toTerminal": "MT-H3024005", "fiberRange": null, "status": "designed", "progressPct": 0, "printRef": "p53", "label": "Lateral \u2192 MT-H3024005", "lengthM": 6.9}}, {"type": "Feature", "id": "dist-MT-H3024006", "geometry": {"type": "LineString", "coordinates": [[-122.15368260912867, 47.94234870840266], [-122.15367846641813, 47.94232876474662], [-122.15367432370758, 47.942308821090585], [-122.15367018099704, 47.94228887743455], [-122.1536660382865, 47.94226893377851]]}, "properties": {"type": "distribution", "layer": "distribution", "cableId": "LAT-MT-H3024006", "toTerminal": "MT-H3024006", "fiberRange": null, "status": "designed", "progressPct": 0, "printRef": "p57", "label": "Lateral \u2192 MT-H3024006", "lengthM": 9.0}}, {"type": "Feature", "id": "dist-MT-H3024007", "geometry": {"type": "LineString", "coordinates": [[-122.15304808719466, 47.94227308664333], [-122.15307506642738, 47.942267883433125], [-122.15310204566009, 47.94226268022292], [-122.15312902489279, 47.94225747701271], [-122.1531560041255, 47.9422522738025]]}, "properties": {"type": "distribution", "layer": "distribution", "cableId": "LAT-MT-H3024007", "toTerminal": "MT-H3024007", "fiberRange": null, "status": "designed", "progressPct": 0, "printRef": "p57", "label": "Lateral \u2192 MT-H3024007", "lengthM": 8.4}}, {"type": "Feature", "id": "dist-MT-H3024010", "geometry": {"type": "LineString", "coordinates": [[-122.15224895113066, 47.94234964171933], [-122.15224720119174, 47.94236964172025], [-122.15224545125284, 47.942389641721164], [-122.15224370131392, 47.94240964172208], [-122.152241951375, 47.942429641722995]]}, "properties": {"type": "distribution", "layer": "distribution", "cableId": "LAT-MT-H3024010", "toTerminal": "MT-H3024010", "fiberRange": null, "status": "designed", "progressPct": 0, "printRef": "p55", "label": "Lateral \u2192 MT-H3024010", "lengthM": 8.9}}, {"type": "Feature", "id": "dist-MT-H30240102", "geometry": {"type": "LineString", "coordinates": [[-122.13365618964232, 47.92523039781167], [-122.13363778254049, 47.92521267829738], [-122.13361937543866, 47.92519495878308], [-122.13360096833684, 47.92517723926879], [-122.133582561235, 47.9251595197545]]}, "properties": {"type": "distribution", "layer": "distribution", "cableId": "LAT-MT-H30240102", "toTerminal": "MT-H30240102", "fiberRange": null, "status": "designed", "progressPct": 0, "printRef": "p20", "label": "Lateral \u2192 MT-H30240102", "lengthM": 9.6}}, {"type": "Feature", "id": "cable-ML-470-p2-0", "geometry": {"type": "LineString", "coordinates": [[-122.140674729031, 47.941324588535], [-122.141583931773, 47.94236453087952], [-122.14164557898454, 47.942435042705696]]}, "properties": {"type": "distribution", "layer": "distribution", "cableId": "ML-470-p2", "fiberCount": null, "footage": 470, "typeMethod": "UGN", "installMethod": "UGN", "cableSpec": null, "status": "designed", "progressPct": 0, "printRef": "PRNT/p2", "label": "ML-470-p2", "routeStreet": "Foster Slough Rd", "lengthM": 143.3}}, {"type": "Feature", "id": "cable-ML-1178-p2-1", "geometry": {"type": "LineString", "coordinates": [[-122.14092547899304, 47.94161139530687], [-122.141583931773, 47.94236453087952], [-122.142493134515, 47.94340447322406], [-122.1433588135646, 47.94439463334883]]}, "properties": {"type": "feeder", "layer": "feeder", "cableId": "ML-1178-p2", "fiberCount": null, "footage": 1178, "typeMethod": "AER", "installMethod": "AER", "cableSpec": null, "status": "designed", "progressPct": 0, "printRef": "PRNT/p2", "label": "ML-1178-p2", "routeStreet": "Foster Slough Rd", "lengthM": 359.1}}, {"type": "Feature", "id": "cable-ML-307-p2-2", "geometry": {"type": "LineString", "coordinates": [[-122.14117622895508, 47.94189820207874], [-122.141583931773, 47.94236453087952], [-122.14181038083875, 47.94262354238651]]}, "properties": {"type": "distribution", "layer": "distribution", "cableId": "ML-307-p2", "fiberCount": null, "footage": 307, "typeMethod": "AER", "installMethod": "AER", "cableSpec": null, "status": "designed", "progressPct": 0, "printRef": "PRNT/p2", "label": "ML-307-p2", "routeStreet": "Foster Slough Rd", "lengthM": 93.6}}, {"type": "Feature", "id": "cable-ML-339-p2-3", "geometry": {"type": "LineString", "coordinates": [[-122.14142697891711, 47.942185008850615], [-122.141583931773, 47.94236453087952], [-122.14212723282955, 47.94298595638612]]}, "properties": {"type": "distribution", "layer": "distribution", "cableId": "ML-339-p2", "fiberCount": null, "footage": 339, "typeMethod": "UGN", "installMethod": "UGN", "cableSpec": null, "status": "designed", "progressPct": 0, "printRef": "PRNT/p2", "label": "ML-339-p2", "routeStreet": "Foster Slough Rd", "lengthM": 103.3}}, {"type": "Feature", "id": "cable-ML-2136-p2-4", "geometry": {"type": "LineString", "coordinates": [[-122.14167772936106, 47.94247181617371], [-122.142493134515, 47.94340447322406], [-122.14340233725699, 47.94444441556858], [-122.14431153999897, 47.94548435791311], [-122.14472742715527, 47.94596004792638]]}, "properties": {"type": "feeder", "layer": "feeder", "cableId": "ML-2136-p2", "fiberCount": null, "footage": 2136, "typeMethod": "AER", "installMethod": "AER", "cableSpec": null, "status": "designed", "progressPct": 0, "printRef": "PRNT/p2", "label": "ML-2136-p2", "routeStreet": "Foster Slough Rd", "lengthM": 450.0}}, {"type": "Feature", "id": "cable-ML-1997-p2-5", "geometry": {"type": "LineString", "coordinates": [[-122.14192848061144, 47.942758624419184], [-122.142493134515, 47.94340447322406], [-122.14340233725699, 47.94444441556858], [-122.14431153999897, 47.94548435791311], [-122.14497818227078, 47.946246860592744]]}, "properties": {"type": "feeder", "layer": "feeder", "cableId": "ML-1997-p2", "fiberCount": null, "footage": 1997, "typeMethod": "AER", "installMethod": "AER", "cableSpec": null, "status": "designed", "progressPct": 0, "printRef": "PRNT/p2", "label": "ML-1997-p2", "routeStreet": "Foster Slough Rd", "lengthM": 450.0}}, {"type": "Feature", "id": "cable-ML-84-p2-6", "geometry": {"type": "LineString", "coordinates": [[-122.14217923186182, 47.943045432664654], [-122.14235274630543, 47.943243897769264]]}, "properties": {"type": "distribution", "layer": "distribution", "cableId": "ML-84-p2", "fiberCount": null, "footage": 84, "typeMethod": "UGN", "installMethod": "UGN", "cableSpec": null, "status": "designed", "progressPct": 0, "printRef": "PRNT/p2", "label": "ML-84-p2", "routeStreet": "Foster Slough Rd", "lengthM": 25.6}}, {"type": "Feature", "id": "cable-ML-360-p2-7", "geometry": {"type": "LineString", "coordinates": [[-122.1424299831122, 47.943332240910124], [-122.142493134515, 47.94340447322406], [-122.14317361993827, 47.944182809643216]]}, "properties": {"type": "distribution", "layer": "distribution", "cableId": "ML-360-p2", "fiberCount": null, "footage": 360, "typeMethod": "UGN", "installMethod": "UGN", "cableSpec": null, "status": "designed", "progressPct": 0, "printRef": "PRNT/p2", "label": "ML-360-p2", "routeStreet": "Foster Slough Rd", "lengthM": 109.7}}, {"type": "Feature", "id": "cable-ML-202-p2-8", "geometry": {"type": "LineString", "coordinates": [[-122.14268073532645, 47.943619050258086], [-122.14309799839425, 47.94409631403323]]}, "properties": {"type": "distribution", "layer": "distribution", "cableId": "ML-202-p2", "fiberCount": null, "footage": 202, "typeMethod": "UGN", "installMethod": "UGN", "cableSpec": null, "status": "designed", "progressPct": 0, "printRef": "PRNT/p2", "label": "ML-202-p2", "routeStreet": "Foster Slough Rd", "lengthM": 61.6}}, {"type": "Feature", "id": "cable-ML-337-p2-9", "geometry": {"type": "LineString", "coordinates": [[-122.14293148786518, 47.94390585997717], [-122.14340233725699, 47.94444441556858], [-122.14362761602193, 47.944702088490324]]}, "properties": {"type": "distribution", "layer": "distribution", "cableId": "ML-337-p2", "fiberCount": null, "footage": 337, "typeMethod": "UGN", "installMethod": "UGN", "cableSpec": null, "status": "designed", "progressPct": 0, "printRef": "PRNT/p2", "label": "ML-337-p2", "routeStreet": "Foster Slough Rd", "lengthM": 102.7}}, {"type": "Feature", "id": "cable-ML-228-p2-10", "geometry": {"type": "LineString", "coordinates": [[-122.14318224040392, 47.944192669696264], [-122.14340233725699, 47.94444441556858], [-122.14365321188825, 47.944731364936615]]}, "properties": {"type": "distribution", "layer": "distribution", "cableId": "ML-228-p2", "fiberCount": null, "footage": 228, "typeMethod": "UGN", "installMethod": "UGN", "cableSpec": null, "status": "designed", "progressPct": 0, "printRef": "PRNT/p2", "label": "ML-228-p2", "routeStreet": "Foster Slough Rd", "lengthM": 69.5}}, {"type": "Feature", "id": "cable-ML-180-p2-11", "geometry": {"type": "LineString", "coordinates": [[-122.14343299310016, 47.94447947959551], [-122.14380481358585, 47.94490476633274]]}, "properties": {"type": "distribution", "layer": "distribution", "cableId": "ML-180-p2", "fiberCount": null, "footage": 180, "typeMethod": "UGN", "installMethod": "UGN", "cableSpec": null, "status": "designed", "progressPct": 0, "printRef": "PRNT/p2", "label": "ML-180-p2", "routeStreet": "Foster Slough Rd", "lengthM": 54.9}}, {"type": "Feature", "id": "cable-ML-251-p2-12", "geometry": {"type": "LineString", "coordinates": [[-122.14368374692727, 47.94476629078823], [-122.14420222993785, 47.94535932951626]]}, "properties": {"type": "distribution", "layer": "distribution", "cableId": "ML-251-p2", "fiberCount": null, "footage": 251, "typeMethod": "UGN", "installMethod": "UGN", "cableSpec": null, "status": "designed", "progressPct": 0, "printRef": "PRNT/p2", "label": "ML-251-p2", "routeStreet": "Foster Slough Rd", "lengthM": 76.5}}, {"type": "Feature", "id": "cable-ML-333-p2-13", "geometry": {"type": "LineString", "coordinates": [[-122.14393450075437, 47.94505310198095], [-122.14431153999897, 47.94548435791311], [-122.14462237024992, 47.945839884271535]]}, "properties": {"type": "distribution", "layer": "distribution", "cableId": "ML-333-p2", "fiberCount": null, "footage": 333, "typeMethod": "UGN", "installMethod": "UGN", "cableSpec": null, "status": "designed", "progressPct": 0, "printRef": "PRNT/p2", "label": "ML-333-p2", "routeStreet": "Foster Slough Rd", "lengthM": 101.5}}, {"type": "Feature", "id": "cable-ML-331-p2-14", "geometry": {"type": "LineString", "coordinates": [[-122.14418525458146, 47.945339913173676], [-122.14431153999897, 47.94548435791311], [-122.14486899400545, 47.946121971505434]]}, "properties": {"type": "distribution", "layer": "distribution", "cableId": "ML-331-p2", "fiberCount": null, "footage": 331, "typeMethod": "UGN", "installMethod": "UGN", "cableSpec": null, "status": "designed", "progressPct": 0, "printRef": "PRNT/p2", "label": "ML-331-p2", "routeStreet": "Foster Slough Rd", "lengthM": 100.9}}, {"type": "Feature", "id": "cable-ML-133-p2-15", "geometry": {"type": "LineString", "coordinates": [[-122.14443600904809, 47.94562672509789], [-122.14471074448522, 47.9459409663572]]}, "properties": {"type": "distribution", "layer": "distribution", "cableId": "ML-133-p2", "fiberCount": null, "footage": 133, "typeMethod": "UGN", "installMethod": "UGN", "cableSpec": null, "status": "designed", "progressPct": 0, "printRef": "PRNT/p2", "label": "ML-133-p2", "routeStreet": "Foster Slough Rd", "lengthM": 40.5}}, {"type": "Feature", "id": "cable-ML-495-p2-16", "geometry": {"type": "LineString", "coordinates": [[-122.14468676416358, 47.94591353776426], [-122.14522074274096, 47.94652430025764], [-122.14570927826301, 47.94708308517186]]}, "properties": {"type": "distribution", "layer": "distribution", "cableId": "ML-495-p2", "fiberCount": null, "footage": 495, "typeMethod": "UGN", "installMethod": "UGN", "cableSpec": null, "status": "designed", "progressPct": 0, "printRef": "PRNT/p2", "label": "ML-495-p2", "routeStreet": "Foster Slough Rd", "lengthM": 150.9}}, {"type": "Feature", "id": "cable-ML-64-p2-17", "geometry": {"type": "LineString", "coordinates": [[-122.14493751927907, 47.94620035043063], [-122.14506972279769, 47.9463515642697]]}, "properties": {"type": "distribution", "layer": "distribution", "cableId": "ML-64-p2", "fiberCount": null, "footage": 64, "typeMethod": "UGN", "installMethod": "UGN", "cableSpec": null, "status": "designed", "progressPct": 0, "printRef": "PRNT/p2", "label": "ML-64-p2", "routeStreet": "Foster Slough Rd", "lengthM": 19.5}}, {"type": "Feature", "id": "cable-ML-158-p2-18", "geometry": {"type": "LineString", "coordinates": [[-122.14518827439456, 47.946487163097004], [-122.14522074274096, 47.94652430025764], [-122.14551465334128, 47.94686047398948]]}, "properties": {"type": "distribution", "layer": "distribution", "cableId": "ML-158-p2", "fiberCount": null, "footage": 158, "typeMethod": "UGN", "installMethod": "UGN", "cableSpec": null, "status": "designed", "progressPct": 0, "printRef": "PRNT/p2", "label": "ML-158-p2", "routeStreet": "Foster Slough Rd", "lengthM": 48.2}}, {"type": "Feature", "id": "cable-ML-476-p2-19", "geometry": {"type": "LineString", "coordinates": [[-122.14543903063162, 47.946773977046234], [-122.14612994548295, 47.94756424260217], [-122.14584511858915, 47.94722694743141]]}, "properties": {"type": "distribution", "layer": "distribution", "cableId": "ML-476-p2", "fiberCount": null, "footage": 476, "typeMethod": "UGN", "installMethod": "UGN", "cableSpec": null, "status": "designed", "progressPct": 0, "printRef": "PRNT/p2", "label": "ML-476-p2", "routeStreet": "Foster Slough Rd", "lengthM": 145.1}}, {"type": "Feature", "id": "cable-ML-326-p2-20", "geometry": {"type": "LineString", "coordinates": [[-122.14568978703551, 47.947060791186274], [-122.14612994548295, 47.94756424260217], [-122.14590269425109, 47.947295129169675]]}, "properties": {"type": "distribution", "layer": "distribution", "cableId": "ML-326-p2", "fiberCount": null, "footage": 326, "typeMethod": "UGN", "installMethod": "UGN", "cableSpec": null, "status": "designed", "progressPct": 0, "printRef": "PRNT/p2", "label": "ML-326-p2", "routeStreet": "Foster Slough Rd", "lengthM": 99.4}}, {"type": "Feature", "id": "cable-ML-161-p2-21", "geometry": {"type": "LineString", "coordinates": [[-122.14594054343941, 47.947347605326314], [-122.14612994548295, 47.94756424260217], [-122.14599045751926, 47.947399059406486]]}, "properties": {"type": "distribution", "layer": "distribution", "cableId": "ML-161-p2", "fiberCount": null, "footage": 161, "typeMethod": "UGN", "installMethod": "UGN", "cableSpec": null, "status": "designed", "progressPct": 0, "printRef": "PRNT/p2", "label": "ML-161-p2", "routeStreet": "Foster Slough Rd", "lengthM": 49.1}}, {"type": "Feature", "id": "cable-ML-180-p2-22", "geometry": {"type": "LineString", "coordinates": [[-122.1460701707591, 47.947493456710355], [-122.14570791948428, 47.94706447472777]]}, "properties": {"type": "distribution", "layer": "distribution", "cableId": "ML-180-p2", "fiberCount": null, "footage": 180, "typeMethod": "UGN", "installMethod": "UGN", "cableSpec": null, "status": "designed", "progressPct": 0, "printRef": "PRNT/p2", "label": "ML-180-p2", "routeStreet": "Foster Slough Rd", "lengthM": 54.9}}, {"type": "Feature", "id": "cable-ML-334-p2-23", "geometry": {"type": "LineString", "coordinates": [[-122.14582587035869, 47.94720415346313], [-122.14537681512263, 47.94667237726564], [-122.14515369392642, 47.946408154667225]]}, "properties": {"type": "distribution", "layer": "distribution", "cableId": "ML-334-p2", "fiberCount": null, "footage": 334, "typeMethod": "UGN", "installMethod": "UGN", "cableSpec": null, "status": "designed", "progressPct": 0, "printRef": "PRNT/p2", "label": "ML-334-p2", "routeStreet": "Foster Slough Rd", "lengthM": 101.8}}, {"type": "Feature", "id": "cable-ML-49-p2-24", "geometry": {"type": "LineString", "coordinates": [[-122.14558156995828, 47.94691485021591], [-122.14548295711126, 47.94679807178731]]}, "properties": {"type": "distribution", "layer": "distribution", "cableId": "ML-49-p2", "fiberCount": null, "footage": 49, "typeMethod": "UGN", "installMethod": "UGN", "cableSpec": null, "status": "designed", "progressPct": 0, "printRef": "PRNT/p2", "label": "ML-49-p2", "routeStreet": "Foster Slough Rd", "lengthM": 14.9}}, {"type": "Feature", "id": "cable-ML-701-p2-25", "geometry": {"type": "LineString", "coordinates": [[-122.14533726972327, 47.94662554716455], [-122.14462368476231, 47.945780511929115], [-122.14392651107501, 47.94495491110621]]}, "properties": {"type": "distribution", "layer": "distribution", "cableId": "ML-701-p2", "fiberCount": null, "footage": 701, "typeMethod": "UGN", "installMethod": "UGN", "cableSpec": null, "status": "designed", "progressPct": 0, "printRef": "PRNT/p2", "label": "ML-701-p2", "routeStreet": "Foster Slough Rd", "lengthM": 213.7}}, {"type": "Feature", "id": "cable-ML-990-p2-26", "geometry": {"type": "LineString", "coordinates": [[-122.14509297034465, 47.946336245127334], [-122.14462368476231, 47.945780511929115], [-122.14387055440199, 47.94488864659259], [-122.14311742404165, 47.943996781256054], [-122.14310060632714, 47.943976865531766]]}, "properties": {"type": "feeder", "layer": "feeder", "cableId": "ML-990-p2", "fiberCount": null, "footage": 990, "typeMethod": "UGN", "installMethod": "UGN", "cableSpec": null, "status": "designed", "progressPct": 0, "printRef": "PRNT/p2", "label": "ML-990-p2", "routeStreet": "Foster Slough Rd", "lengthM": 301.8}}, {"type": "Feature", "id": "cable-ML-662-p2-27", "geometry": {"type": "LineString", "coordinates": [[-122.14484867096601, 47.94604694309012], [-122.14462368476231, 47.945780511929115], [-122.14387055440199, 47.94488864659259], [-122.14351640296219, 47.944469256524584]]}, "properties": {"type": "distribution", "layer": "distribution", "cableId": "ML-662-p2", "fiberCount": null, "footage": 662, "typeMethod": "UGN", "installMethod": "UGN", "cableSpec": null, "status": "designed", "progressPct": 0, "printRef": "PRNT/p2", "label": "ML-662-p2", "routeStreet": "Foster Slough Rd", "lengthM": 201.8}}, {"type": "Feature", "id": "cable-ML-268-p2-28", "geometry": {"type": "LineString", "coordinates": [[-122.14460437166817, 47.94575764114855], [-122.14406502428176, 47.94511893998388]]}, "properties": {"type": "distribution", "layer": "distribution", "cableId": "ML-268-p2", "fiberCount": null, "footage": 268, "typeMethod": "UGN", "installMethod": "UGN", "cableSpec": null, "status": "designed", "progressPct": 0, "printRef": "PRNT/p2", "label": "ML-268-p2", "routeStreet": "Foster Slough Rd", "lengthM": 81.7}}, {"type": "Feature", "id": "cable-ML-56-p2-29", "geometry": {"type": "LineString", "coordinates": [[-122.14436007331132, 47.945468340321334], [-122.14424737385744, 47.94533488037647]]}, "properties": {"type": "distribution", "layer": "distribution", "cableId": "ML-56-p2", "fiberCount": null, "footage": 56, "typeMethod": "UGN", "installMethod": "UGN", "cableSpec": null, "status": "designed", "progressPct": 0, "printRef": "PRNT/p2", "label": "ML-56-p2", "routeStreet": "Foster Slough Rd", "lengthM": 17.1}}, {"type": "Feature", "id": "cable-ML-184-p2-30", "geometry": {"type": "LineString", "coordinates": [[-122.14411577495446, 47.94517903949411], [-122.14387055440199, 47.94488864659259], [-122.14374547727199, 47.94474052886621]]}, "properties": {"type": "distribution", "layer": "distribution", "cableId": "ML-184-p2", "fiberCount": null, "footage": 184, "typeMethod": "UGN", "installMethod": "UGN", "cableSpec": null, "status": "designed", "progressPct": 0, "printRef": "PRNT/p2", "label": "ML-184-p2", "routeStreet": "Foster Slough Rd", "lengthM": 56.1}}, {"type": "Feature", "id": "cable-ML-192-p2-31", "geometry": {"type": "LineString", "coordinates": [[-122.14387147659761, 47.94488973866688], [-122.14348508008224, 47.94443216362231]]}, "properties": {"type": "distribution", "layer": "distribution", "cableId": "ML-192-p2", "fiberCount": null, "footage": 192, "typeMethod": "UGN", "installMethod": "UGN", "cableSpec": null, "status": "designed", "progressPct": 0, "printRef": "PRNT/p2", "label": "ML-192-p2", "routeStreet": "Foster Slough Rd", "lengthM": 58.5}}, {"type": "Feature", "id": "cable-ML-138-p2-32", "geometry": {"type": "LineString", "coordinates": [[-122.14362717925866, 47.944600439045075], [-122.14334945676602, 47.944271556985065]]}, "properties": {"type": "distribution", "layer": "distribution", "cableId": "ML-138-p2", "fiberCount": null, "footage": 138, "typeMethod": "UGN", "installMethod": "UGN", "cableSpec": null, "status": "designed", "progressPct": 0, "printRef": "PRNT/p2", "label": "ML-138-p2", "routeStreet": "Foster Slough Rd", "lengthM": 42.1}}, {"type": "Feature", "id": "cable-ML-322-p2-33", "geometry": {"type": "LineString", "coordinates": [[-122.14338288192356, 47.94431113942783], [-122.14311742404165, 47.943996781256054], [-122.1427348643741, 47.943543749849255]]}, "properties": {"type": "distribution", "layer": "distribution", "cableId": "ML-322-p2", "fiberCount": null, "footage": 322, "typeMethod": "UGN", "installMethod": "UGN", "cableSpec": null, "status": "designed", "progressPct": 0, "printRef": "PRNT/p2", "label": "ML-322-p2", "routeStreet": "Foster Slough Rd", "lengthM": 98.1}}, {"type": "Feature", "id": "cable-ML-194-p2-34", "geometry": {"type": "LineString", "coordinates": [[-122.14313858458847, 47.94402183981059], [-122.14311742404165, 47.943996781256054], [-122.14274816465772, 47.94355950019281]]}, "properties": {"type": "distribution", "layer": "distribution", "cableId": "ML-194-p2", "fiberCount": null, "footage": 194, "typeMethod": "UGN", "installMethod": "UGN", "cableSpec": null, "status": "designed", "progressPct": 0, "printRef": "PRNT/p2", "label": "ML-194-p2", "routeStreet": "Foster Slough Rd", "lengthM": 59.1}}, {"type": "Feature", "id": "cable-ML-391-p2-35", "geometry": {"type": "LineString", "coordinates": [[-122.14289428818662, 47.943732541298516], [-122.14236429368133, 47.94310491591953], [-122.14210741215626, 47.942800713964765]]}, "properties": {"type": "distribution", "layer": "distribution", "cableId": "ML-391-p2", "fiberCount": null, "footage": 391, "typeMethod": "UGN", "installMethod": "UGN", "cableSpec": null, "status": "designed", "progressPct": 0, "printRef": "PRNT/p2", "label": "ML-391-p2", "routeStreet": "Foster Slough Rd", "lengthM": 119.2}}, {"type": "Feature", "id": "cable-ML-441-p2-36", "geometry": {"type": "LineString", "coordinates": [[-122.14264999187328, 47.94344324289124], [-122.14236429368133, 47.94310491591953], [-122.14176249361483, 47.94239225759754]]}, "properties": {"type": "distribution", "layer": "distribution", "cableId": "ML-441-p2", "fiberCount": null, "footage": 441, "typeMethod": "UGN", "installMethod": "UGN", "cableSpec": null, "status": "designed", "progressPct": 0, "printRef": "PRNT/p2", "label": "ML-441-p2", "routeStreet": "Foster Slough Rd", "lengthM": 134.4}}, {"type": "Feature", "id": "cable-ML-1431-p2-37", "geometry": {"type": "LineString", "coordinates": [[-122.14240569555994, 47.943153944483974], [-122.14236429368133, 47.94310491591953], [-122.141611163321, 47.942213050583], [-122.14157823551567, 47.942212846831836], [-122.14154530771033, 47.942212643080666], [-122.14151237990501, 47.942212439329495], [-122.14147945209967, 47.94221223557833], [-122.14144652429434, 47.94221203182717], [-122.141413596489, 47.942211828076], [-122.1414384115795, 47.94220242466017], [-122.14146322667, 47.94219302124433], [-122.14148804176051, 47.9421836178285], [-122.14151285685101, 47.94217421441267], [-122.1415376719415, 47.94216481099683], [-122.141562487032, 47.942155407581], [-122.14152144651183, 47.94214559666283], [-122.14148040599167, 47.94213578574467], [-122.14143936547151, 47.942125974826496], [-122.14139832495134, 47.94211616390833], [-122.14135728443117, 47.942106352990166], [-122.141316243911, 47.942096542072], [-122.14133835476318, 47.942083936267], [-122.14136046561534, 47.942071330462], [-122.1413825764675, 47.942058724657], [-122.14140468731968, 47.942046118852], [-122.14142679817184, 47.942033513046994], [-122.141448909024, 47.942020907242], [-122.14141598121867, 47.94202070349083], [-122.14138305341334, 47.94202049973966], [-122.141350125608, 47.9420202959885], [-122.14131719780268, 47.942020092237335], [-122.14128426999734, 47.942019888486165], [-122.141251342192, 47.942019684735], [-122.14127074880601, 47.942003876541165], [-122.14129015542001, 47.941988068347335], [-122.141309562034, 47.941972260153506], [-122.141328968648, 47.94195645195967], [-122.141348375262, 47.94194064376583], [-122.141367781876, 47.941924835572], [-122.14134111220683, 47.941892766735336], [-122.14131444253766, 47.94186069789867], [-122.14128777286851, 47.941828629062], [-122.14126110319934, 47.941796560225335], [-122.14123443353017, 47.94176449138867], [-122.141207763861, 47.941732422552], [-122.14110561143484, 47.941648360352], [-122.14100345900867, 47.941564298152], [-122.14090130658249, 47.941480235952], [-122.14079915415633, 47.941396173752], [-122.14069700173016, 47.941312111552], [-122.140594849304, 47.941228049352], [-122.1406251099765, 47.94122522628766], [-122.140655370649, 47.941222403223335], [-122.1406856313215, 47.941219580159], [-122.14071589199399, 47.941216757094665], [-122.1407461526665, 47.94121393403034], [-122.140776413339, 47.941211110966], [-122.14076576270884, 47.941198239075], [-122.14075511207866, 47.941185367184], [-122.14074446144849, 47.941172495293], [-122.14073381081833, 47.941159623402], [-122.14072316018817, 47.941146751511], [-122.140712509558, 47.94113387962], [-122.140679586228, 47.94113348471166], [-122.140646662898, 47.94113308980333], [-122.14061373956801, 47.941132694895], [-122.140580816238, 47.94113229998667], [-122.140547892908, 47.941131905078336], [-122.140514969578, 47.94113151017], [-122.14054256759283, 47.941125469132835], [-122.14057016560767, 47.94111942809567], [-122.14059776362251, 47.9411133870585], [-122.14062536163733, 47.94110734602133], [-122.14065295965216, 47.941101304984166], [-122.140680557667, 47.941095263947], [-122.14064763433717, 47.941094869038665], [-122.14061471100733, 47.94109447413033], [-122.14058178767749, 47.941094079222], [-122.14054886434766, 47.941093684313664], [-122.14051594101784, 47.94109328940533], [-122.140483017688, 47.941092894497], [-122.14051061570284, 47.94108685345983], [-122.14053821371766, 47.94108081242266], [-122.1405658117325, 47.9410747713855], [-122.14059340974734, 47.941068730348334], [-122.14062100776216, 47.94106268931117], [-122.140648605777, 47.941056648274], [-122.140615682447, 47.941056253365666], [-122.140582759117, 47.94105585845733], [-122.140549835787, 47.941055463549], [-122.140516912457, 47.941055068640665], [-122.14048398912699, 47.94105467373233], [-122.140451065797, 47.941054278824], [-122.14048132646933, 47.94105145575966], [-122.14051158714166, 47.941048632695335], [-122.140541847814, 47.941045809631], [-122.14057210848634, 47.941042986566664], [-122.14060236915867, 47.941040163502336], [-122.140632629831, 47.941037340438], [-122.14059970650118, 47.941036945529504], [-122.14056678317134, 47.941036550621], [-122.1405338598415, 47.941036155712496], [-122.14050093651167, 47.941035760804], [-122.14046801318185, 47.9410353658955], [-122.140435089852, 47.941034970987], [-122.14046268786683, 47.94102892995], [-122.14049028588167, 47.941022888913], [-122.1405178838965, 47.941016847876], [-122.14054276544589, 47.941011401456706]]}, "properties": {"type": "feeder", "layer": "feeder", "cableId": "ML-1431-p2", "fiberCount": null, "footage": 1431, "typeMethod": "UGN", "installMethod": "UGN", "cableSpec": null, "status": "designed", "progressPct": 0, "printRef": "PRNT/p2", "label": "ML-1431-p2", "routeStreet": "Foster Slough Rd", "lengthM": 436.2}}, {"type": "Feature", "id": "cable-ML-160-p2-38", "geometry": {"type": "LineString", "coordinates": [[-122.14216140009519, 47.942864647081606], [-122.14183940569572, 47.94248333773786]]}, "properties": {"type": "distribution", "layer": "distribution", "cableId": "ML-160-p2", "fiberCount": null, "footage": 160, "typeMethod": "UGN", "installMethod": "UGN", "cableSpec": null, "status": "designed", "progressPct": 0, "printRef": "PRNT/p2", "label": "ML-160-p2", "routeStreet": "Foster Slough Rd", "lengthM": 48.8}}, {"type": "Feature", "id": "cable-ML-524-p2-39", "geometry": {"type": "LineString", "coordinates": [[-122.1419171048036, 47.942575349884294], [-122.141611163321, 47.942213050583], [-122.14157823551567, 47.942212846831836], [-122.14154530771033, 47.942212643080666], [-122.14151237990501, 47.942212439329495], [-122.14147945209967, 47.94221223557833], [-122.14144652429434, 47.94221203182717], [-122.141413596489, 47.942211828076], [-122.1414384115795, 47.94220242466017], [-122.14146322667, 47.94219302124433], [-122.14148804176051, 47.9421836178285], [-122.14151285685101, 47.94217421441267], [-122.1415376719415, 47.94216481099683], [-122.141562487032, 47.942155407581], [-122.14152144651183, 47.94214559666283], [-122.14148040599167, 47.94213578574467], [-122.14143936547151, 47.942125974826496], [-122.14139832495134, 47.94211616390833], [-122.14135728443117, 47.942106352990166], [-122.141316243911, 47.942096542072], [-122.14133835476318, 47.942083936267], [-122.14136046561534, 47.942071330462], [-122.1413825764675, 47.942058724657], [-122.14140468731968, 47.942046118852], [-122.14142679817184, 47.942033513046994], [-122.141448909024, 47.942020907242], [-122.14141598121867, 47.94202070349083], [-122.14138305341334, 47.94202049973966], [-122.141350125608, 47.9420202959885], [-122.14131719780268, 47.942020092237335], [-122.14128426999734, 47.942019888486165], [-122.141251342192, 47.942019684735], [-122.14127074880601, 47.942003876541165], [-122.14129015542001, 47.941988068347335], [-122.141309562034, 47.941972260153506], [-122.141328968648, 47.94195645195967], [-122.141348375262, 47.94194064376583], [-122.141367781876, 47.941924835572], [-122.14134111220683, 47.941892766735336], [-122.14131444253766, 47.94186069789867], [-122.14128777286851, 47.941828629062], [-122.14126110319934, 47.941796560225335], [-122.14123443353017, 47.94176449138867], [-122.141207763861, 47.941732422552]]}, "properties": {"type": "distribution", "layer": "distribution", "cableId": "ML-524-p2", "fiberCount": null, "footage": 524, "typeMethod": "UGN", "installMethod": "UGN", "cableSpec": null, "status": "designed", "progressPct": 0, "printRef": "PRNT/p2", "label": "ML-524-p2", "routeStreet": "Foster Slough Rd", "lengthM": 159.2}}, {"type": "Feature", "id": "cable-ML-532-p2-40", "geometry": {"type": "LineString", "coordinates": [[-122.141672809512, 47.94228605268698], [-122.141611163321, 47.942213050583], [-122.14157823551567, 47.942212846831836], [-122.14154530771033, 47.942212643080666], [-122.14151237990501, 47.942212439329495], [-122.14147945209967, 47.94221223557833], [-122.14144652429434, 47.94221203182717], [-122.141413596489, 47.942211828076], [-122.1414384115795, 47.94220242466017], [-122.14146322667, 47.94219302124433], [-122.14148804176051, 47.9421836178285], [-122.14151285685101, 47.94217421441267], [-122.1415376719415, 47.94216481099683], [-122.141562487032, 47.942155407581], [-122.14152144651183, 47.94214559666283], [-122.14148040599167, 47.94213578574467], [-122.14143936547151, 47.942125974826496], [-122.14139832495134, 47.94211616390833], [-122.14135728443117, 47.942106352990166], [-122.141316243911, 47.942096542072], [-122.14133835476318, 47.942083936267], [-122.14136046561534, 47.942071330462], [-122.1413825764675, 47.942058724657], [-122.14140468731968, 47.942046118852], [-122.14142679817184, 47.942033513046994], [-122.141448909024, 47.942020907242], [-122.14141598121867, 47.94202070349083], [-122.14138305341334, 47.94202049973966], [-122.141350125608, 47.9420202959885], [-122.14131719780268, 47.942020092237335], [-122.14128426999734, 47.942019888486165], [-122.141251342192, 47.942019684735], [-122.14127074880601, 47.942003876541165], [-122.14129015542001, 47.941988068347335], [-122.141309562034, 47.941972260153506], [-122.141328968648, 47.94195645195967], [-122.141348375262, 47.94194064376583], [-122.141367781876, 47.941924835572], [-122.14134111220683, 47.941892766735336], [-122.14131444253766, 47.94186069789867], [-122.14128777286851, 47.941828629062], [-122.14126110319934, 47.941796560225335], [-122.14123443353017, 47.94176449138867], [-122.141207763861, 47.941732422552], [-122.14110561143484, 47.941648360352], [-122.14100345900867, 47.941564298152], [-122.14090130658249, 47.941480235952], [-122.14086983482338, 47.94145433754304]]}, "properties": {"type": "distribution", "layer": "distribution", "cableId": "ML-532-p2", "fiberCount": null, "footage": 532, "typeMethod": "UGN", "installMethod": "UGN", "cableSpec": null, "status": "designed", "progressPct": 0, "printRef": "PRNT/p2", "label": "ML-532-p2", "routeStreet": "Foster Slough Rd", "lengthM": 162.2}}, {"type": "Feature", "id": "cable-ML-232-p2-41", "geometry": {"type": "LineString", "coordinates": [[-122.14156029385788, 47.94215488329301], [-122.14152144651183, 47.94214559666283], [-122.14148040599167, 47.94213578574467], [-122.14143936547151, 47.942125974826496], [-122.14139832495134, 47.94211616390833], [-122.14135728443117, 47.942106352990166], [-122.141316243911, 47.942096542072], [-122.14133835476318, 47.942083936267], [-122.14136046561534, 47.942071330462], [-122.1413825764675, 47.942058724657], [-122.14140468731968, 47.942046118852], [-122.14142679817184, 47.942033513046994], [-122.141448909024, 47.942020907242], [-122.14141598121867, 47.94202070349083], [-122.14138305341334, 47.94202049973966], [-122.141350125608, 47.9420202959885], [-122.14131719780268, 47.942020092237335], [-122.14128426999734, 47.942019888486165], [-122.141251342192, 47.942019684735], [-122.14127074880601, 47.942003876541165], [-122.14129015542001, 47.941988068347335], [-122.141309562034, 47.941972260153506], [-122.141328968648, 47.94195645195967], [-122.141348375262, 47.94194064376583], [-122.141367781876, 47.941924835572], [-122.14134111220683, 47.941892766735336], [-122.14131444253766, 47.94186069789867], [-122.14130254709222, 47.941846394268026]]}, "properties": {"type": "distribution", "layer": "distribution", "cableId": "ML-232-p2", "fiberCount": null, "footage": 232, "typeMethod": "UGN", "installMethod": "UGN", "cableSpec": null, "status": "designed", "progressPct": 0, "printRef": "PRNT/p2", "label": "ML-232-p2", "routeStreet": "Foster Slough Rd", "lengthM": 70.7}}, {"type": "Feature", "id": "cable-ML-1410-p2-42", "geometry": {"type": "LineString", "coordinates": [[-122.14138607314551, 47.94202051842521], [-122.141350125608, 47.9420202959885], [-122.14131719780268, 47.942020092237335], [-122.14128426999734, 47.942019888486165], [-122.141251342192, 47.942019684735], [-122.14127074880601, 47.942003876541165], [-122.14129015542001, 47.941988068347335], [-122.141309562034, 47.941972260153506], [-122.141328968648, 47.94195645195967], [-122.141348375262, 47.94194064376583], [-122.141367781876, 47.941924835572], [-122.14134111220683, 47.941892766735336], [-122.14131444253766, 47.94186069789867], [-122.14128777286851, 47.941828629062], [-122.14126110319934, 47.941796560225335], [-122.14123443353017, 47.94176449138867], [-122.141207763861, 47.941732422552], [-122.14110561143484, 47.941648360352], [-122.14100345900867, 47.941564298152], [-122.14090130658249, 47.941480235952], [-122.14079915415633, 47.941396173752], [-122.14069700173016, 47.941312111552], [-122.140594849304, 47.941228049352], [-122.1406251099765, 47.94122522628766], [-122.140655370649, 47.941222403223335], [-122.1406856313215, 47.941219580159], [-122.14071589199399, 47.941216757094665], [-122.1407461526665, 47.94121393403034], [-122.140776413339, 47.941211110966], [-122.14076576270884, 47.941198239075], [-122.14075511207866, 47.941185367184], [-122.14074446144849, 47.941172495293], [-122.14073381081833, 47.941159623402], [-122.14072316018817, 47.941146751511], [-122.140712509558, 47.94113387962], [-122.140679586228, 47.94113348471166], [-122.140646662898, 47.94113308980333], [-122.14061373956801, 47.941132694895], [-122.140580816238, 47.94113229998667], [-122.140547892908, 47.941131905078336], [-122.140514969578, 47.94113151017], [-122.14054256759283, 47.941125469132835], [-122.14057016560767, 47.94111942809567], [-122.14059776362251, 47.9411133870585], [-122.14062536163733, 47.94110734602133], [-122.14065295965216, 47.941101304984166], [-122.140680557667, 47.941095263947], [-122.14064763433717, 47.941094869038665], [-122.14061471100733, 47.94109447413033], [-122.14058178767749, 47.941094079222], [-122.14054886434766, 47.941093684313664], [-122.14051594101784, 47.94109328940533], [-122.140483017688, 47.941092894497], [-122.14051061570284, 47.94108685345983], [-122.14053821371766, 47.94108081242266], [-122.1405658117325, 47.9410747713855], [-122.14059340974734, 47.941068730348334], [-122.14062100776216, 47.94106268931117], [-122.140648605777, 47.941056648274], [-122.140615682447, 47.941056253365666], [-122.140582759117, 47.94105585845733], [-122.140549835787, 47.941055463549], [-122.140516912457, 47.941055068640665], [-122.14048398912699, 47.94105467373233], [-122.140451065797, 47.941054278824], [-122.14048132646933, 47.94105145575966], [-122.14051158714166, 47.941048632695335], [-122.140541847814, 47.941045809631], [-122.14057210848634, 47.941042986566664], [-122.14060236915867, 47.941040163502336], [-122.140632629831, 47.941037340438], [-122.14059970650118, 47.941036945529504], [-122.14056678317134, 47.941036550621], [-122.1405338598415, 47.941036155712496], [-122.14050093651167, 47.941035760804], [-122.14046801318185, 47.9410353658955], [-122.140435089852, 47.941034970987], [-122.14046268786683, 47.94102892995], [-122.14049028588167, 47.941022888913], [-122.1405178838965, 47.941016847876], [-122.14054548191133, 47.941010806839], [-122.14057307992616, 47.941004765802], [-122.140600677941, 47.940998724765], [-122.14044672477166, 47.940877031742666], [-122.14029277160233, 47.94075533872034], [-122.140138818433, 47.940633645698], [-122.13998486526366, 47.940511952675664], [-122.13983091209433, 47.940390259653334], [-122.139676958925, 47.940268566631], [-122.13970094396532, 47.94025815418316], [-122.13972492900567, 47.940247741735334], [-122.139748914046, 47.9402373292875], [-122.13977289908632, 47.94022691683966], [-122.13979688412667, 47.940216504391834], [-122.139820869167, 47.940206091944], [-122.13978267935433, 47.94020387792183], [-122.13974448954167, 47.940201663899664], [-122.139706299729, 47.9401994498775], [-122.13966810991633, 47.94019723585534], [-122.13962992010367, 47.94019502183317], [-122.139591730291, 47.940192807811], [-122.13962441857284, 47.94019013158133], [-122.13965710685467, 47.94018745535167], [-122.13968979513649, 47.940184779122], [-122.13972248341832, 47.94018210289233], [-122.13975517170016, 47.94017942666267], [-122.139787859982, 47.940176750433], [-122.139745701852, 47.940171009016], [-122.13970354372199, 47.940165267599], [-122.139661385592, 47.940159526182], [-122.139619227462, 47.940153784764995], [-122.139577069332, 47.940148043347996], [-122.139534911202, 47.940142301931], [-122.13956606627033, 47.94013826284433], [-122.13958213453752, 47.94013617968011]]}, "properties": {"type": "feeder", "layer": "feeder", "cableId": "ML-1410-p2", "fiberCount": null, "footage": 1410, "typeMethod": "UGN", "installMethod": "UGN", "cableSpec": null, "status": "designed", "progressPct": 0, "printRef": "PRNT/p2", "label": "ML-1410-p2", "routeStreet": "Foster Slough Rd", "lengthM": 429.8}}, {"type": "Feature", "id": "cable-ML-311-p2-43", "geometry": {"type": "LineString", "coordinates": [[-122.14128109913403, 47.94182060425677], [-122.14126110319934, 47.941796560225335], [-122.14123443353017, 47.94176449138867], [-122.141207763861, 47.941732422552], [-122.14110561143484, 47.941648360352], [-122.14100345900867, 47.941564298152], [-122.14090130658249, 47.941480235952], [-122.14079915415633, 47.941396173752], [-122.14069700173016, 47.941312111552], [-122.140594849304, 47.941228049352], [-122.1406251099765, 47.94122522628766], [-122.140655370649, 47.941222403223335], [-122.1406856313215, 47.941219580159], [-122.14071589199399, 47.941216757094665], [-122.14074303805505, 47.941214224597196]]}, "properties": {"type": "distribution", "layer": "distribution", "cableId": "ML-311-p2", "fiberCount": null, "footage": 311, "typeMethod": "UGN", "installMethod": "UGN", "cableSpec": null, "status": "designed", "progressPct": 0, "printRef": "PRNT/p2", "label": "ML-311-p2", "routeStreet": "Foster Slough Rd", "lengthM": 94.8}}, {"type": "Feature", "id": "cable-ML-1044-p2-44", "geometry": {"type": "LineString", "coordinates": [[-122.14098965715648, 47.94155294047698], [-122.14090130658249, 47.941480235952], [-122.14079915415633, 47.941396173752], [-122.14069700173016, 47.941312111552], [-122.140594849304, 47.941228049352], [-122.1406251099765, 47.94122522628766], [-122.140655370649, 47.941222403223335], [-122.1406856313215, 47.941219580159], [-122.14071589199399, 47.941216757094665], [-122.1407461526665, 47.94121393403034], [-122.140776413339, 47.941211110966], [-122.14076576270884, 47.941198239075], [-122.14075511207866, 47.941185367184], [-122.14074446144849, 47.941172495293], [-122.14073381081833, 47.941159623402], [-122.14072316018817, 47.941146751511], [-122.140712509558, 47.94113387962], [-122.140679586228, 47.94113348471166], [-122.140646662898, 47.94113308980333], [-122.14061373956801, 47.941132694895], [-122.140580816238, 47.94113229998667], [-122.140547892908, 47.941131905078336], [-122.140514969578, 47.94113151017], [-122.14054256759283, 47.941125469132835], [-122.14057016560767, 47.94111942809567], [-122.14059776362251, 47.9411133870585], [-122.14062536163733, 47.94110734602133], [-122.14065295965216, 47.941101304984166], [-122.140680557667, 47.941095263947], [-122.14064763433717, 47.941094869038665], [-122.14061471100733, 47.94109447413033], [-122.14058178767749, 47.941094079222], [-122.14054886434766, 47.941093684313664], [-122.14051594101784, 47.94109328940533], [-122.140483017688, 47.941092894497], [-122.14051061570284, 47.94108685345983], [-122.14053821371766, 47.94108081242266], [-122.1405658117325, 47.9410747713855], [-122.14059340974734, 47.941068730348334], [-122.14062100776216, 47.94106268931117], [-122.140648605777, 47.941056648274], [-122.140615682447, 47.941056253365666], [-122.140582759117, 47.94105585845733], [-122.140549835787, 47.941055463549], [-122.140516912457, 47.941055068640665], [-122.14048398912699, 47.94105467373233], [-122.140451065797, 47.941054278824], [-122.14048132646933, 47.94105145575966], [-122.14051158714166, 47.941048632695335], [-122.140541847814, 47.941045809631], [-122.14057210848634, 47.941042986566664], [-122.14060236915867, 47.941040163502336], [-122.140632629831, 47.941037340438], [-122.14059970650118, 47.941036945529504], [-122.14056678317134, 47.941036550621], [-122.1405338598415, 47.941036155712496], [-122.14050093651167, 47.941035760804], [-122.14046801318185, 47.9410353658955], [-122.140435089852, 47.941034970987], [-122.14046268786683, 47.94102892995], [-122.14049028588167, 47.941022888913], [-122.1405178838965, 47.941016847876], [-122.14054548191133, 47.941010806839], [-122.14057307992616, 47.941004765802], [-122.140600677941, 47.940998724765], [-122.14044672477166, 47.940877031742666], [-122.14029277160233, 47.94075533872034], [-122.140138818433, 47.940633645698], [-122.13998486526366, 47.940511952675664], [-122.13983091209433, 47.940390259653334], [-122.139676958925, 47.940268566631], [-122.13970094396532, 47.94025815418316], [-122.13972492900567, 47.940247741735334], [-122.139748914046, 47.9402373292875], [-122.13977289908632, 47.94022691683966], [-122.13979688412667, 47.940216504391834], [-122.139820869167, 47.940206091944], [-122.13978267935433, 47.94020387792183], [-122.13974448954167, 47.940201663899664], [-122.139706299729, 47.9401994498775], [-122.13966810991633, 47.94019723585534], [-122.13962992010367, 47.94019502183317], [-122.139591730291, 47.940192807811]]}, "properties": {"type": "feeder", "layer": "feeder", "cableId": "ML-1044-p2", "fiberCount": null, "footage": 1044, "typeMethod": "UGN", "installMethod": "UGN", "cableSpec": null, "status": "designed", "progressPct": 0, "printRef": "PRNT/p2", "label": "ML-1044-p2", "routeStreet": "Foster Slough Rd", "lengthM": 318.2}}, {"type": "Feature", "id": "cable-ML-1086-p2-45", "geometry": {"type": "LineString", "coordinates": [[-122.14067642068649, 47.941295175216034], [-122.140594849304, 47.941228049352], [-122.1406251099765, 47.94122522628766], [-122.140655370649, 47.941222403223335], [-122.1406856313215, 47.941219580159], [-122.14071589199399, 47.941216757094665], [-122.1407461526665, 47.94121393403034], [-122.140776413339, 47.941211110966], [-122.14076576270884, 47.941198239075], [-122.14075511207866, 47.941185367184], [-122.14074446144849, 47.941172495293], [-122.14073381081833, 47.941159623402], [-122.14072316018817, 47.941146751511], [-122.140712509558, 47.94113387962], [-122.140679586228, 47.94113348471166], [-122.140646662898, 47.94113308980333], [-122.14061373956801, 47.941132694895], [-122.140580816238, 47.94113229998667], [-122.140547892908, 47.941131905078336], [-122.140514969578, 47.94113151017], [-122.14054256759283, 47.941125469132835], [-122.14057016560767, 47.94111942809567], [-122.14059776362251, 47.9411133870585], [-122.14062536163733, 47.94110734602133], [-122.14065295965216, 47.941101304984166], [-122.140680557667, 47.941095263947], [-122.14064763433717, 47.941094869038665], [-122.14061471100733, 47.94109447413033], [-122.14058178767749, 47.941094079222], [-122.14054886434766, 47.941093684313664], [-122.14051594101784, 47.94109328940533], [-122.140483017688, 47.941092894497], [-122.14051061570284, 47.94108685345983], [-122.14053821371766, 47.94108081242266], [-122.1405658117325, 47.9410747713855], [-122.14059340974734, 47.941068730348334], [-122.14062100776216, 47.94106268931117], [-122.140648605777, 47.941056648274], [-122.140615682447, 47.941056253365666], [-122.140582759117, 47.94105585845733], [-122.140549835787, 47.941055463549], [-122.140516912457, 47.941055068640665], [-122.14048398912699, 47.94105467373233], [-122.140451065797, 47.941054278824], [-122.14048132646933, 47.94105145575966], [-122.14051158714166, 47.941048632695335], [-122.140541847814, 47.941045809631], [-122.14057210848634, 47.941042986566664], [-122.14060236915867, 47.941040163502336], [-122.140632629831, 47.941037340438], [-122.14059970650118, 47.941036945529504], [-122.14056678317134, 47.941036550621], [-122.1405338598415, 47.941036155712496], [-122.14050093651167, 47.941035760804], [-122.14046801318185, 47.9410353658955], [-122.140435089852, 47.941034970987], [-122.14046268786683, 47.94102892995], [-122.14049028588167, 47.941022888913], [-122.1405178838965, 47.941016847876], [-122.14054548191133, 47.941010806839], [-122.14057307992616, 47.941004765802], [-122.140600677941, 47.940998724765], [-122.14044672477166, 47.940877031742666], [-122.14029277160233, 47.94075533872034], [-122.140138818433, 47.940633645698], [-122.13998486526366, 47.940511952675664], [-122.13983091209433, 47.940390259653334], [-122.139676958925, 47.940268566631], [-122.13970094396532, 47.94025815418316], [-122.13972492900567, 47.940247741735334], [-122.139748914046, 47.9402373292875], [-122.13977289908632, 47.94022691683966], [-122.13979688412667, 47.940216504391834], [-122.139820869167, 47.940206091944], [-122.13978267935433, 47.94020387792183], [-122.13974448954167, 47.940201663899664], [-122.139706299729, 47.9401994498775], [-122.13966810991633, 47.94019723585534], [-122.13962992010367, 47.94019502183317], [-122.139591730291, 47.940192807811], [-122.13962441857284, 47.94019013158133], [-122.13965710685467, 47.94018745535167], [-122.13968979513649, 47.940184779122], [-122.13972248341832, 47.94018210289233], [-122.13975517170016, 47.94017942666267], [-122.139787859982, 47.940176750433], [-122.139745701852, 47.940171009016], [-122.13970354372199, 47.940165267599], [-122.139661385592, 47.940159526182], [-122.139619227462, 47.940153784764995], [-122.139577069332, 47.940148043347996], [-122.139534911202, 47.940142301931], [-122.13956606627033, 47.94013826284433], [-122.13959722133868, 47.94013422375767], [-122.139628376407, 47.940130184671], [-122.13965953147533, 47.94012614558433], [-122.13969068654367, 47.94012210649767], [-122.139721841612, 47.940118067411], [-122.13969994479478, 47.94011796385308]]}, "properties": {"type": "feeder", "layer": "feeder", "cableId": "ML-1086-p2", "fiberCount": null, "footage": 1086, "typeMethod": "UGN", "installMethod": "UGN", "cableSpec": null, "status": "designed", "progressPct": 0, "printRef": "PRNT/p2", "label": "ML-1086-p2", "routeStreet": "Foster Slough Rd", "lengthM": 331.0}}, {"type": "Feature", "id": "cable-ML-335-p2-46", "geometry": {"type": "LineString", "coordinates": [[-122.14066069572277, 47.941133258124076], [-122.140646662898, 47.94113308980333], [-122.14061373956801, 47.941132694895], [-122.140580816238, 47.94113229998667], [-122.140547892908, 47.941131905078336], [-122.140514969578, 47.94113151017], [-122.14054256759283, 47.941125469132835], [-122.14057016560767, 47.94111942809567], [-122.14059776362251, 47.9411133870585], [-122.14062536163733, 47.94110734602133], [-122.14065295965216, 47.941101304984166], [-122.140680557667, 47.941095263947], [-122.14064763433717, 47.941094869038665], [-122.14061471100733, 47.94109447413033], [-122.14058178767749, 47.941094079222], [-122.14054886434766, 47.941093684313664], [-122.14051594101784, 47.94109328940533], [-122.140483017688, 47.941092894497], [-122.14051061570284, 47.94108685345983], [-122.14053821371766, 47.94108081242266], [-122.1405658117325, 47.9410747713855], [-122.14059340974734, 47.941068730348334], [-122.14062100776216, 47.94106268931117], [-122.140648605777, 47.941056648274], [-122.140615682447, 47.941056253365666], [-122.140582759117, 47.94105585845733], [-122.140549835787, 47.941055463549], [-122.140516912457, 47.941055068640665], [-122.14048398912699, 47.94105467373233], [-122.140451065797, 47.941054278824], [-122.14048132646933, 47.94105145575966], [-122.14051158714166, 47.941048632695335], [-122.140541847814, 47.941045809631], [-122.14057210848634, 47.941042986566664], [-122.14060236915867, 47.941040163502336], [-122.140632629831, 47.941037340438], [-122.14059970650118, 47.941036945529504], [-122.14056678317134, 47.941036550621], [-122.1405338598415, 47.941036155712496], [-122.14050093651167, 47.941035760804], [-122.14046801318185, 47.9410353658955], [-122.140435089852, 47.941034970987], [-122.14046268786683, 47.94102892995], [-122.14049028588167, 47.941022888913], [-122.1405178838965, 47.941016847876], [-122.14052924395817, 47.94101436122784]]}, "properties": {"type": "distribution", "layer": "distribution", "cableId": "ML-335-p2", "fiberCount": null, "footage": 335, "typeMethod": "UGN", "installMethod": "UGN", "cableSpec": null, "status": "designed", "progressPct": 0, "printRef": "PRNT/p2", "label": "ML-335-p2", "routeStreet": "Foster Slough Rd", "lengthM": 102.1}}, {"type": "Feature", "id": "cable-ML-1763-p2-47", "geometry": {"type": "LineString", "coordinates": [[-122.14050437863476, 47.94109315071701], [-122.140483017688, 47.941092894497], [-122.14051061570284, 47.94108685345983], [-122.14053821371766, 47.94108081242266], [-122.1405658117325, 47.9410747713855], [-122.14059340974734, 47.941068730348334], [-122.14062100776216, 47.94106268931117], [-122.140648605777, 47.941056648274], [-122.140615682447, 47.941056253365666], [-122.140582759117, 47.94105585845733], [-122.140549835787, 47.941055463549], [-122.140516912457, 47.941055068640665], [-122.14048398912699, 47.94105467373233], [-122.140451065797, 47.941054278824], [-122.14048132646933, 47.94105145575966], [-122.14051158714166, 47.941048632695335], [-122.140541847814, 47.941045809631], [-122.14057210848634, 47.941042986566664], [-122.14060236915867, 47.941040163502336], [-122.140632629831, 47.941037340438], [-122.14059970650118, 47.941036945529504], [-122.14056678317134, 47.941036550621], [-122.1405338598415, 47.941036155712496], [-122.14050093651167, 47.941035760804], [-122.14046801318185, 47.9410353658955], [-122.140435089852, 47.941034970987], [-122.14046268786683, 47.94102892995], [-122.14049028588167, 47.941022888913], [-122.1405178838965, 47.941016847876], [-122.14054548191133, 47.941010806839], [-122.14057307992616, 47.941004765802], [-122.140600677941, 47.940998724765], [-122.14044672477166, 47.940877031742666], [-122.14029277160233, 47.94075533872034], [-122.140138818433, 47.940633645698], [-122.13998486526366, 47.940511952675664], [-122.13983091209433, 47.940390259653334], [-122.139676958925, 47.940268566631], [-122.13970094396532, 47.94025815418316], [-122.13972492900567, 47.940247741735334], [-122.139748914046, 47.9402373292875], [-122.13977289908632, 47.94022691683966], [-122.13979688412667, 47.940216504391834], [-122.139820869167, 47.940206091944], [-122.13978267935433, 47.94020387792183], [-122.13974448954167, 47.940201663899664], [-122.139706299729, 47.9401994498775], [-122.13966810991633, 47.94019723585534], [-122.13962992010367, 47.94019502183317], [-122.139591730291, 47.940192807811], [-122.13962441857284, 47.94019013158133], [-122.13965710685467, 47.94018745535167], [-122.13968979513649, 47.940184779122], [-122.13972248341832, 47.94018210289233], [-122.13975517170016, 47.94017942666267], [-122.139787859982, 47.940176750433], [-122.139745701852, 47.940171009016], [-122.13970354372199, 47.940165267599], [-122.139661385592, 47.940159526182], [-122.139619227462, 47.940153784764995], [-122.139577069332, 47.940148043347996], [-122.139534911202, 47.940142301931], [-122.13956606627033, 47.94013826284433], [-122.13959722133868, 47.94013422375767], [-122.139628376407, 47.940130184671], [-122.13965953147533, 47.94012614558433], [-122.13969068654367, 47.94012210649767], [-122.139721841612, 47.940118067411], [-122.13968595161967, 47.940117897674334], [-122.13965006162734, 47.94011772793767], [-122.139614171635, 47.940117558200996], [-122.13957828164267, 47.94011738846433], [-122.13954239165034, 47.940117218727664], [-122.139506501658, 47.940117048991], [-122.139539640885, 47.940114773601664], [-122.139572780112, 47.94011249821233], [-122.139605919339, 47.940110222822995], [-122.139639058566, 47.94010794743367], [-122.139672197793, 47.94010567204433], [-122.13970533702, 47.940103396655], [-122.13966746286883, 47.940101463221], [-122.13962958871767, 47.940099529787], [-122.1395917145665, 47.940097596353], [-122.13955384041533, 47.940095662919], [-122.13951596626416, 47.940093729485], [-122.139478092113, 47.940091796051], [-122.13951046473333, 47.94008883923317], [-122.13954283735366, 47.94008588241533], [-122.139575209974, 47.9400829255975], [-122.13960758259434, 47.94007996877967], [-122.13963995521466, 47.94007701196183], [-122.139672327835, 47.940074055144], [-122.13966132477333, 47.940064274640335], [-122.13965032171167, 47.94005449413667], [-122.13963931865, 47.940044713633], [-122.13962831558833, 47.94003493312933], [-122.13961731252667, 47.940025152625665], [-122.139606309465, 47.940015372122], [-122.13955198982482, 47.93999844957467], [-122.13949767018467, 47.939981527027335], [-122.1394433505445, 47.93996460448], [-122.13938903090433, 47.939947681932665], [-122.13933471126417, 47.939930759385334], [-122.139280391624, 47.939913836838], [-122.13923406300566, 47.939839825697504], [-122.13918773438733, 47.939765814557], [-122.139141405769, 47.9396918034165], [-122.13909507715066, 47.939617792276], [-122.13904874853233, 47.9395437811355], [-122.139002419914, 47.939469769995], [-122.13899154118683, 47.9394599273325], [-122.13898066245966, 47.93945008467], [-122.1389697837325, 47.9394402420075], [-122.13895890500534, 47.939430399345], [-122.13894802627817, 47.9394205566825], [-122.138937147551, 47.93941071402], [-122.13892626882384, 47.9394008713575], [-122.13891539009667, 47.939391028695], [-122.1389045113695, 47.9393811860325], [-122.13889363264234, 47.93937134337], [-122.13888275391517, 47.9393615007075], [-122.138871875188, 47.939351658045], [-122.13886099646066, 47.93934181538266], [-122.13885011773334, 47.93933197272033], [-122.138839239006, 47.939322130058], [-122.13882836027867, 47.939312287395666], [-122.13881748155134, 47.93930244473333], [-122.138806602824, 47.939292602071], [-122.138675498164, 47.9392041677], [-122.13862790253667, 47.939172062896354]]}, "properties": {"type": "feeder", "layer": "feeder", "cableId": "ML-1763-p2", "fiberCount": null, "footage": 1763, "typeMethod": "AER", "installMethod": "AER", "cableSpec": null, "status": "designed", "progressPct": 0, "printRef": "PRNT/p2", "label": "ML-1763-p2", "routeStreet": "Foster Slough Rd", "lengthM": 450.0}}, {"type": "Feature", "id": "cable-ML-1763-p2-48", "geometry": {"type": "LineString", "coordinates": [[-122.14055310139862, 47.9410447597669], [-122.14057210848634, 47.941042986566664], [-122.14060236915867, 47.941040163502336], [-122.140632629831, 47.941037340438], [-122.14059970650118, 47.941036945529504], [-122.14056678317134, 47.941036550621], [-122.1405338598415, 47.941036155712496], [-122.14050093651167, 47.941035760804], [-122.14046801318185, 47.9410353658955], [-122.140435089852, 47.941034970987], [-122.14046268786683, 47.94102892995], [-122.14049028588167, 47.941022888913], [-122.1405178838965, 47.941016847876], [-122.14054548191133, 47.941010806839], [-122.14057307992616, 47.941004765802], [-122.140600677941, 47.940998724765], [-122.14044672477166, 47.940877031742666], [-122.14029277160233, 47.94075533872034], [-122.140138818433, 47.940633645698], [-122.13998486526366, 47.940511952675664], [-122.13983091209433, 47.940390259653334], [-122.139676958925, 47.940268566631], [-122.13970094396532, 47.94025815418316], [-122.13972492900567, 47.940247741735334], [-122.139748914046, 47.9402373292875], [-122.13977289908632, 47.94022691683966], [-122.13979688412667, 47.940216504391834], [-122.139820869167, 47.940206091944], [-122.13978267935433, 47.94020387792183], [-122.13974448954167, 47.940201663899664], [-122.139706299729, 47.9401994498775], [-122.13966810991633, 47.94019723585534], [-122.13962992010367, 47.94019502183317], [-122.139591730291, 47.940192807811], [-122.13962441857284, 47.94019013158133], [-122.13965710685467, 47.94018745535167], [-122.13968979513649, 47.940184779122], [-122.13972248341832, 47.94018210289233], [-122.13975517170016, 47.94017942666267], [-122.139787859982, 47.940176750433], [-122.139745701852, 47.940171009016], [-122.13970354372199, 47.940165267599], [-122.139661385592, 47.940159526182], [-122.139619227462, 47.940153784764995], [-122.139577069332, 47.940148043347996], [-122.139534911202, 47.940142301931], [-122.13956606627033, 47.94013826284433], [-122.13959722133868, 47.94013422375767], [-122.139628376407, 47.940130184671], [-122.13965953147533, 47.94012614558433], [-122.13969068654367, 47.94012210649767], [-122.139721841612, 47.940118067411], [-122.13968595161967, 47.940117897674334], [-122.13965006162734, 47.94011772793767], [-122.139614171635, 47.940117558200996], [-122.13957828164267, 47.94011738846433], [-122.13954239165034, 47.940117218727664], [-122.139506501658, 47.940117048991], [-122.139539640885, 47.940114773601664], [-122.139572780112, 47.94011249821233], [-122.139605919339, 47.940110222822995], [-122.139639058566, 47.94010794743367], [-122.139672197793, 47.94010567204433], [-122.13970533702, 47.940103396655], [-122.13966746286883, 47.940101463221], [-122.13962958871767, 47.940099529787], [-122.1395917145665, 47.940097596353], [-122.13955384041533, 47.940095662919], [-122.13951596626416, 47.940093729485], [-122.139478092113, 47.940091796051], [-122.13951046473333, 47.94008883923317], [-122.13954283735366, 47.94008588241533], [-122.139575209974, 47.9400829255975], [-122.13960758259434, 47.94007996877967], [-122.13963995521466, 47.94007701196183], [-122.139672327835, 47.940074055144], [-122.13966132477333, 47.940064274640335], [-122.13965032171167, 47.94005449413667], [-122.13963931865, 47.940044713633], [-122.13962831558833, 47.94003493312933], [-122.13961731252667, 47.940025152625665], [-122.139606309465, 47.940015372122], [-122.13955198982482, 47.93999844957467], [-122.13949767018467, 47.939981527027335], [-122.1394433505445, 47.93996460448], [-122.13938903090433, 47.939947681932665], [-122.13933471126417, 47.939930759385334], [-122.139280391624, 47.939913836838], [-122.13923406300566, 47.939839825697504], [-122.13918773438733, 47.939765814557], [-122.139141405769, 47.9396918034165], [-122.13909507715066, 47.939617792276], [-122.13904874853233, 47.9395437811355], [-122.139002419914, 47.939469769995], [-122.13899154118683, 47.9394599273325], [-122.13898066245966, 47.93945008467], [-122.1389697837325, 47.9394402420075], [-122.13895890500534, 47.939430399345], [-122.13894802627817, 47.9394205566825], [-122.138937147551, 47.93941071402], [-122.13892626882384, 47.9394008713575], [-122.13891539009667, 47.939391028695], [-122.1389045113695, 47.9393811860325], [-122.13889363264234, 47.93937134337], [-122.13888275391517, 47.9393615007075], [-122.138871875188, 47.939351658045], [-122.13886099646066, 47.93934181538266], [-122.13885011773334, 47.93933197272033], [-122.138839239006, 47.939322130058], [-122.13882836027867, 47.939312287395666], [-122.13881748155134, 47.93930244473333], [-122.138806602824, 47.939292602071], [-122.138675498164, 47.9392041677], [-122.138544393504, 47.939115733329], [-122.13841328884399, 47.939027298957996], [-122.13828218418399, 47.938938864587]]}, "properties": {"type": "feeder", "layer": "feeder", "cableId": "ML-1763-p2", "fiberCount": null, "footage": 1763, "typeMethod": "AER", "installMethod": "AER", "cableSpec": null, "status": "designed", "progressPct": 0, "printRef": "PRNT/p2", "label": "ML-1763-p2", "routeStreet": "Foster Slough Rd", "lengthM": 449.6}}, {"type": "Feature", "id": "cable-ML-3314-p2-49", "geometry": {"type": "LineString", "coordinates": [[-122.14057217337312, 47.940976193192384], [-122.14044672477166, 47.940877031742666], [-122.14029277160233, 47.94075533872034], [-122.140138818433, 47.940633645698], [-122.13998486526366, 47.940511952675664], [-122.13983091209433, 47.940390259653334], [-122.139676958925, 47.940268566631], [-122.13970094396532, 47.94025815418316], [-122.13972492900567, 47.940247741735334], [-122.139748914046, 47.9402373292875], [-122.13977289908632, 47.94022691683966], [-122.13979688412667, 47.940216504391834], [-122.139820869167, 47.940206091944], [-122.13978267935433, 47.94020387792183], [-122.13974448954167, 47.940201663899664], [-122.139706299729, 47.9401994498775], [-122.13966810991633, 47.94019723585534], [-122.13962992010367, 47.94019502183317], [-122.139591730291, 47.940192807811], [-122.13962441857284, 47.94019013158133], [-122.13965710685467, 47.94018745535167], [-122.13968979513649, 47.940184779122], [-122.13972248341832, 47.94018210289233], [-122.13975517170016, 47.94017942666267], [-122.139787859982, 47.940176750433], [-122.139745701852, 47.940171009016], [-122.13970354372199, 47.940165267599], [-122.139661385592, 47.940159526182], [-122.139619227462, 47.940153784764995], [-122.139577069332, 47.940148043347996], [-122.139534911202, 47.940142301931], [-122.13956606627033, 47.94013826284433], [-122.13959722133868, 47.94013422375767], [-122.139628376407, 47.940130184671], [-122.13965953147533, 47.94012614558433], [-122.13969068654367, 47.94012210649767], [-122.139721841612, 47.940118067411], [-122.13968595161967, 47.940117897674334], [-122.13965006162734, 47.94011772793767], [-122.139614171635, 47.940117558200996], [-122.13957828164267, 47.94011738846433], [-122.13954239165034, 47.940117218727664], [-122.139506501658, 47.940117048991], [-122.139539640885, 47.940114773601664], [-122.139572780112, 47.94011249821233], [-122.139605919339, 47.940110222822995], [-122.139639058566, 47.94010794743367], [-122.139672197793, 47.94010567204433], [-122.13970533702, 47.940103396655], [-122.13966746286883, 47.940101463221], [-122.13962958871767, 47.940099529787], [-122.1395917145665, 47.940097596353], [-122.13955384041533, 47.940095662919], [-122.13951596626416, 47.940093729485], [-122.139478092113, 47.940091796051], [-122.13951046473333, 47.94008883923317], [-122.13954283735366, 47.94008588241533], [-122.139575209974, 47.9400829255975], [-122.13960758259434, 47.94007996877967], [-122.13963995521466, 47.94007701196183], [-122.139672327835, 47.940074055144], [-122.13966132477333, 47.940064274640335], [-122.13965032171167, 47.94005449413667], [-122.13963931865, 47.940044713633], [-122.13962831558833, 47.94003493312933], [-122.13961731252667, 47.940025152625665], [-122.139606309465, 47.940015372122], [-122.13955198982482, 47.93999844957467], [-122.13949767018467, 47.939981527027335], [-122.1394433505445, 47.93996460448], [-122.13938903090433, 47.939947681932665], [-122.13933471126417, 47.939930759385334], [-122.139280391624, 47.939913836838], [-122.13923406300566, 47.939839825697504], [-122.13918773438733, 47.939765814557], [-122.139141405769, 47.9396918034165], [-122.13909507715066, 47.939617792276], [-122.13904874853233, 47.9395437811355], [-122.139002419914, 47.939469769995], [-122.13899154118683, 47.9394599273325], [-122.13898066245966, 47.93945008467], [-122.1389697837325, 47.9394402420075], [-122.13895890500534, 47.939430399345], [-122.13894802627817, 47.9394205566825], [-122.138937147551, 47.93941071402], [-122.13892626882384, 47.9394008713575], [-122.13891539009667, 47.939391028695], [-122.1389045113695, 47.9393811860325], [-122.13889363264234, 47.93937134337], [-122.13888275391517, 47.9393615007075], [-122.138871875188, 47.939351658045], [-122.13886099646066, 47.93934181538266], [-122.13885011773334, 47.93933197272033], [-122.138839239006, 47.939322130058], [-122.13882836027867, 47.939312287395666], [-122.13881748155134, 47.93930244473333], [-122.138806602824, 47.939292602071], [-122.138675498164, 47.9392041677], [-122.138544393504, 47.939115733329], [-122.13841328884399, 47.939027298957996], [-122.13828218418399, 47.938938864587], [-122.138151079524, 47.938850430216], [-122.138019974864, 47.938761995845], [-122.13804438905399, 47.938752134465666], [-122.138068803244, 47.93874227308633], [-122.138093217434, 47.938732411707], [-122.138117631624, 47.93872255032767], [-122.1381309419654, 47.93871717401473]]}, "properties": {"type": "feeder", "layer": "feeder", "cableId": "ML-3314-p2", "fiberCount": null, "footage": 3314, "typeMethod": "AER", "installMethod": "AER", "cableSpec": null, "status": "designed", "progressPct": 0, "printRef": "PRNT/p2", "label": "ML-3314-p2", "routeStreet": "Foster Slough Rd", "lengthM": 450.0}}, {"type": "Feature", "id": "cable-ML-323-p2-50", "geometry": {"type": "LineString", "coordinates": [[-122.14025139060283, 47.94072262891047], [-122.140138818433, 47.940633645698], [-122.13998486526366, 47.940511952675664], [-122.13983091209433, 47.940390259653334], [-122.139676958925, 47.940268566631], [-122.13970094396532, 47.94025815418316], [-122.13972492900567, 47.940247741735334], [-122.139748914046, 47.9402373292875], [-122.13977289908632, 47.94022691683966], [-122.13979688412667, 47.940216504391834], [-122.139820869167, 47.940206091944], [-122.13978267935433, 47.94020387792183], [-122.13974448954167, 47.940201663899664], [-122.139706299729, 47.9401994498775], [-122.13966810991633, 47.94019723585534], [-122.13962992010367, 47.94019502183317], [-122.139591730291, 47.940192807811], [-122.13962172689861, 47.940190351952]]}, "properties": {"type": "distribution", "layer": "distribution", "cableId": "ML-323-p2", "fiberCount": null, "footage": 323, "typeMethod": "UGN", "installMethod": "UGN", "cableSpec": null, "status": "designed", "progressPct": 0, "printRef": "PRNT/p2", "label": "ML-323-p2", "routeStreet": "Foster Slough Rd", "lengthM": 98.5}}, {"type": "Feature", "id": "cable-ML-364-p2-51", "geometry": {"type": "LineString", "coordinates": [[-122.13993060848915, 47.94046906514759], [-122.13983091209433, 47.940390259653334], [-122.139676958925, 47.940268566631], [-122.13970094396532, 47.94025815418316], [-122.13972492900567, 47.940247741735334], [-122.139748914046, 47.9402373292875], [-122.13977289908632, 47.94022691683966], [-122.13979688412667, 47.940216504391834], [-122.139820869167, 47.940206091944], [-122.13978267935433, 47.94020387792183], [-122.13974448954167, 47.940201663899664], [-122.139706299729, 47.9401994498775], [-122.13966810991633, 47.94019723585534], [-122.13962992010367, 47.94019502183317], [-122.139591730291, 47.940192807811], [-122.13962441857284, 47.94019013158133], [-122.13965710685467, 47.94018745535167], [-122.13968979513649, 47.940184779122], [-122.13972248341832, 47.94018210289233], [-122.13975517170016, 47.94017942666267], [-122.139787859982, 47.940176750433], [-122.139745701852, 47.940171009016], [-122.13970354372199, 47.940165267599], [-122.139661385592, 47.940159526182], [-122.139619227462, 47.940153784764995], [-122.139577069332, 47.940148043347996], [-122.139534911202, 47.940142301931], [-122.13956606627033, 47.94013826284433], [-122.13959722133868, 47.94013422375767], [-122.139628376407, 47.940130184671], [-122.13965953147533, 47.94012614558433], [-122.13969068654367, 47.94012210649767], [-122.139721841612, 47.940118067411], [-122.13968595161967, 47.940117897674334], [-122.1396740061195, 47.94011784117977]]}, "properties": {"type": "distribution", "layer": "distribution", "cableId": "ML-364-p2", "fiberCount": null, "footage": 364, "typeMethod": "UGN", "installMethod": "UGN", "cableSpec": null, "status": "designed", "progressPct": 0, "printRef": "PRNT/p2", "label": "ML-364-p2", "routeStreet": "Foster Slough Rd", "lengthM": 110.9}}, {"type": "Feature", "id": "cable-ML-87-p2-52", "geometry": {"type": "LineString", "coordinates": [[-122.13976409513666, 47.9402307388331], [-122.13977289908632, 47.94022691683966], [-122.13979688412667, 47.940216504391834], [-122.139820869167, 47.940206091944], [-122.13978267935433, 47.94020387792183], [-122.13974448954167, 47.940201663899664], [-122.139706299729, 47.9401994498775], [-122.13966810991633, 47.94019723585534], [-122.13962992010367, 47.94019502183317], [-122.139591730291, 47.940192807811], [-122.13962441857284, 47.94019013158133], [-122.13964924231523, 47.94018809923114]]}, "properties": {"type": "distribution", "layer": "distribution", "cableId": "ML-87-p2", "fiberCount": null, "footage": 87, "typeMethod": "UGN", "installMethod": "UGN", "cableSpec": null, "status": "designed", "progressPct": 0, "printRef": "PRNT/p2", "label": "ML-87-p2", "routeStreet": "Foster Slough Rd", "lengthM": 26.5}}, {"type": "Feature", "id": "cable-ML-190-p2-53", "geometry": {"type": "LineString", "coordinates": [[-122.13978696351069, 47.940176628344666], [-122.139745701852, 47.940171009016], [-122.13970354372199, 47.940165267599], [-122.139661385592, 47.940159526182], [-122.139619227462, 47.940153784764995], [-122.139577069332, 47.940148043347996], [-122.139534911202, 47.940142301931], [-122.13956606627033, 47.94013826284433], [-122.13959722133868, 47.94013422375767], [-122.139628376407, 47.940130184671], [-122.13965953147533, 47.94012614558433], [-122.13969068654367, 47.94012210649767], [-122.139721841612, 47.940118067411], [-122.13968595161967, 47.940117897674334], [-122.13965006162734, 47.94011772793767], [-122.139614171635, 47.940117558200996], [-122.13957828164267, 47.94011738846433], [-122.13954239165034, 47.940117218727664], [-122.139506501658, 47.940117048991], [-122.139539640885, 47.940114773601664], [-122.139572780112, 47.94011249821233], [-122.139605919339, 47.940110222822995], [-122.13961952820875, 47.94010928841747]]}, "properties": {"type": "distribution", "layer": "distribution", "cableId": "ML-190-p2", "fiberCount": null, "footage": 190, "typeMethod": "UGN", "installMethod": "UGN", "cableSpec": null, "status": "designed", "progressPct": 0, "printRef": "PRNT/p2", "label": "ML-190-p2", "routeStreet": "Foster Slough Rd", "lengthM": 57.9}}, {"type": "Feature", "id": "cable-ML-330-p2-54", "geometry": {"type": "LineString", "coordinates": [[-122.13967329811597, 47.94011783783137], [-122.13965006162734, 47.94011772793767], [-122.139614171635, 47.940117558200996], [-122.13957828164267, 47.94011738846433], [-122.13954239165034, 47.940117218727664], [-122.139506501658, 47.940117048991], [-122.139539640885, 47.940114773601664], [-122.139572780112, 47.94011249821233], [-122.139605919339, 47.940110222822995], [-122.139639058566, 47.94010794743367], [-122.139672197793, 47.94010567204433], [-122.13970533702, 47.940103396655], [-122.13966746286883, 47.940101463221], [-122.13962958871767, 47.940099529787], [-122.1395917145665, 47.940097596353], [-122.13955384041533, 47.940095662919], [-122.13951596626416, 47.940093729485], [-122.139478092113, 47.940091796051], [-122.13951046473333, 47.94008883923317], [-122.13954283735366, 47.94008588241533], [-122.139575209974, 47.9400829255975], [-122.13960758259434, 47.94007996877967], [-122.13963995521466, 47.94007701196183], [-122.139672327835, 47.940074055144], [-122.13966132477333, 47.940064274640335], [-122.13965032171167, 47.94005449413667], [-122.13963931865, 47.940044713633], [-122.13962831558833, 47.94003493312933], [-122.13961731252667, 47.940025152625665], [-122.139606309465, 47.940015372122], [-122.13955198982482, 47.93999844957467], [-122.13949767018467, 47.939981527027335], [-122.1394433505445, 47.93996460448], [-122.13938903090433, 47.939947681932665], [-122.13933471126417, 47.939930759385334], [-122.139280391624, 47.939913836838], [-122.13924595930136, 47.939858830331026]]}, "properties": {"type": "distribution", "layer": "distribution", "cableId": "ML-330-p2", "fiberCount": null, "footage": 330, "typeMethod": "UGN", "installMethod": "UGN", "cableSpec": null, "status": "designed", "progressPct": 0, "printRef": "PRNT/p2", "label": "ML-330-p2", "routeStreet": "Foster Slough Rd", "lengthM": 100.6}}, {"type": "Feature", "id": "cable-ML-176-p2-55", "geometry": {"type": "LineString", "coordinates": [[-122.13957623780972, 47.94009680628149], [-122.13955384041533, 47.940095662919], [-122.13951596626416, 47.940093729485], [-122.139478092113, 47.940091796051], [-122.13951046473333, 47.94008883923317], [-122.13954283735366, 47.94008588241533], [-122.139575209974, 47.9400829255975], [-122.13960758259434, 47.94007996877967], [-122.13963995521466, 47.94007701196183], [-122.139672327835, 47.940074055144], [-122.13966132477333, 47.940064274640335], [-122.13965032171167, 47.94005449413667], [-122.13963931865, 47.940044713633], [-122.13962831558833, 47.94003493312933], [-122.13961731252667, 47.940025152625665], [-122.139606309465, 47.940015372122], [-122.13955198982482, 47.93999844957467], [-122.13949767018467, 47.939981527027335], [-122.1394433505445, 47.93996460448], [-122.13938903090433, 47.939947681932665], [-122.13933471126417, 47.939930759385334], [-122.13932050745518, 47.93992633438124]]}, "properties": {"type": "distribution", "layer": "distribution", "cableId": "ML-176-p2", "fiberCount": null, "footage": 176, "typeMethod": "UGN", "installMethod": "UGN", "cableSpec": null, "status": "designed", "progressPct": 0, "printRef": "PRNT/p2", "label": "ML-176-p2", "routeStreet": "Foster Slough Rd", "lengthM": 53.6}}, {"type": "Feature", "id": "cable-ML-357-p2-56", "geometry": {"type": "LineString", "coordinates": [[-122.1395228911306, 47.93998938427105], [-122.13949767018467, 47.939981527027335], [-122.1394433505445, 47.93996460448], [-122.13938903090433, 47.939947681932665], [-122.13933471126417, 47.939930759385334], [-122.139280391624, 47.939913836838], [-122.13923406300566, 47.939839825697504], [-122.13918773438733, 47.939765814557], [-122.139141405769, 47.9396918034165], [-122.13909507715066, 47.939617792276], [-122.13904874853233, 47.9395437811355], [-122.139002419914, 47.939469769995], [-122.13899154118683, 47.9394599273325], [-122.13898066245966, 47.93945008467], [-122.1389697837325, 47.9394402420075], [-122.13895890500534, 47.939430399345], [-122.13894802627817, 47.9394205566825], [-122.138937147551, 47.93941071402], [-122.13892626882384, 47.9394008713575], [-122.13891539009667, 47.939391028695], [-122.1389045113695, 47.9393811860325], [-122.13889363264234, 47.93937134337], [-122.13888275391517, 47.9393615007075], [-122.138871875188, 47.939351658045], [-122.13886099646066, 47.93934181538266], [-122.13885011773334, 47.93933197272033], [-122.138839239006, 47.939322130058], [-122.13882836027867, 47.939312287395666], [-122.13881748155134, 47.93930244473333], [-122.138806602824, 47.939292602071], [-122.13870525729854, 47.93922424120726]]}, "properties": {"type": "distribution", "layer": "distribution", "cableId": "ML-357-p2", "fiberCount": null, "footage": 357, "typeMethod": "UGN", "installMethod": "UGN", "cableSpec": null, "status": "designed", "progressPct": 0, "printRef": "PRNT/p2", "label": "ML-357-p2", "routeStreet": "Foster Slough Rd", "lengthM": 108.8}}, {"type": "Feature", "id": "cable-ML-174-p2-57", "geometry": {"type": "LineString", "coordinates": [[-122.13919194554818, 47.93977254199305], [-122.13918773438733, 47.939765814557], [-122.139141405769, 47.9396918034165], [-122.13909507715066, 47.939617792276], [-122.13904874853233, 47.9395437811355], [-122.139002419914, 47.939469769995], [-122.13899154118683, 47.9394599273325], [-122.13898066245966, 47.93945008467], [-122.1389697837325, 47.9394402420075], [-122.13895890500534, 47.939430399345], [-122.13894802627817, 47.9394205566825], [-122.138937147551, 47.93941071402], [-122.13892626882384, 47.9394008713575], [-122.13891539009667, 47.939391028695], [-122.1389045113695, 47.9393811860325], [-122.13889363264234, 47.93937134337], [-122.13888275391517, 47.9393615007075], [-122.138871875188, 47.939351658045]]}, "properties": {"type": "distribution", "layer": "distribution", "cableId": "ML-174-p2", "fiberCount": null, "footage": 174, "typeMethod": "UGN", "installMethod": "UGN", "cableSpec": null, "status": "designed", "progressPct": 0, "printRef": "PRNT/p2", "label": "ML-174-p2", "routeStreet": "Foster Slough Rd", "lengthM": 52.9}}, {"type": "Feature", "id": "cable-ML-172-p2-58", "geometry": {"type": "LineString", "coordinates": [[-122.13899881401083, 47.93946650750967], [-122.13899154118683, 47.9394599273325], [-122.13898066245966, 47.93945008467], [-122.1389697837325, 47.9394402420075], [-122.13895890500534, 47.939430399345], [-122.13894802627817, 47.9394205566825], [-122.138937147551, 47.93941071402], [-122.13892626882384, 47.9394008713575], [-122.13891539009667, 47.939391028695], [-122.1389045113695, 47.9393811860325], [-122.13889363264234, 47.93937134337], [-122.13888275391517, 47.9393615007075], [-122.138871875188, 47.939351658045], [-122.13886099646066, 47.93934181538266], [-122.13885011773334, 47.93933197272033], [-122.138839239006, 47.939322130058], [-122.13882836027867, 47.939312287395666], [-122.13881748155134, 47.93930244473333], [-122.138806602824, 47.939292602071], [-122.138675498164, 47.9392041677], [-122.138544393504, 47.939115733329], [-122.13853883838554, 47.93911198622033]]}, "properties": {"type": "distribution", "layer": "distribution", "cableId": "ML-172-p2", "fiberCount": null, "footage": 172, "typeMethod": "UGN", "installMethod": "UGN", "cableSpec": null, "status": "designed", "progressPct": 0, "printRef": "PRNT/p2", "label": "ML-172-p2", "routeStreet": "Foster Slough Rd", "lengthM": 52.4}}, {"type": "Feature", "id": "cable-ML-410-p2-59", "geometry": {"type": "LineString", "coordinates": [[-122.13868459760201, 47.93921030556783], [-122.138675498164, 47.9392041677], [-122.138544393504, 47.939115733329], [-122.13841328884399, 47.939027298957996], [-122.13828218418399, 47.938938864587], [-122.138151079524, 47.938850430216], [-122.138019974864, 47.938761995845], [-122.13804438905399, 47.938752134465666], [-122.138068803244, 47.93874227308633], [-122.138093217434, 47.938732411707], [-122.138117631624, 47.93872255032767], [-122.13814204581399, 47.938712688948335], [-122.138166460004, 47.938702827569], [-122.13812830046034, 47.938699645290505], [-122.13809014091667, 47.938696463012], [-122.138051981373, 47.9386932807335], [-122.13801382182933, 47.938690098455005], [-122.13797566228567, 47.9386869161765], [-122.137937502742, 47.938683733898], [-122.13793486260568, 47.9386466484995], [-122.13793222246933, 47.938609563101004], [-122.137929582333, 47.9385724777025], [-122.13792694219667, 47.938535392304], [-122.13792430206033, 47.9384983069055], [-122.13792174481483, 47.938462385855885]]}, "properties": {"type": "distribution", "layer": "distribution", "cableId": "ML-410-p2", "fiberCount": null, "footage": 410, "typeMethod": "UGN", "installMethod": "UGN", "cableSpec": null, "status": "designed", "progressPct": 0, "printRef": "PRNT/p2", "label": "ML-410-p2", "routeStreet": "Foster Slough Rd", "lengthM": 125.0}}, {"type": "Feature", "id": "cable-ML-94-p2-60", "geometry": {"type": "LineString", "coordinates": [[-122.13833497831672, 47.93897447595215], [-122.13828218418399, 47.938938864587], [-122.138151079524, 47.938850430216], [-122.1380642487964, 47.93879186005702]]}, "properties": {"type": "distribution", "layer": "distribution", "cableId": "ML-94-p2", "fiberCount": null, "footage": 94, "typeMethod": "UGN", "installMethod": "UGN", "cableSpec": null, "status": "designed", "progressPct": 0, "printRef": "PRNT/p2", "label": "ML-94-p2", "routeStreet": "Foster Slough Rd", "lengthM": 28.7}}, {"type": "Feature", "id": "cable-ML-183-p2-61", "geometry": {"type": "LineString", "coordinates": [[-122.13806204186994, 47.93874500414046], [-122.138068803244, 47.93874227308633], [-122.138093217434, 47.938732411707], [-122.138117631624, 47.93872255032767], [-122.13814204581399, 47.938712688948335], [-122.138166460004, 47.938702827569], [-122.13812830046034, 47.938699645290505], [-122.13809014091667, 47.938696463012], [-122.138051981373, 47.9386932807335], [-122.13801382182933, 47.938690098455005], [-122.13797566228567, 47.9386869161765], [-122.137937502742, 47.938683733898], [-122.13793486260568, 47.9386466484995], [-122.13793222246933, 47.938609563101004], [-122.137929582333, 47.9385724777025], [-122.13792694219667, 47.938535392304], [-122.13792430206033, 47.9384983069055], [-122.137921661924, 47.938461221507], [-122.137886563048, 47.938459516600666], [-122.1378590632995, 47.938458180817285]]}, "properties": {"type": "distribution", "layer": "distribution", "cableId": "ML-183-p2", "fiberCount": null, "footage": 183, "typeMethod": "UGN", "installMethod": "UGN", "cableSpec": null, "status": "designed", "progressPct": 0, "printRef": "PRNT/p2", "label": "ML-183-p2", "routeStreet": "Foster Slough Rd", "lengthM": 55.8}}, {"type": "Feature", "id": "cable-ML-196-p2-62", "geometry": {"type": "LineString", "coordinates": [[-122.13793066740763, 47.93858771950065], [-122.137929582333, 47.9385724777025], [-122.13792694219667, 47.938535392304], [-122.13792430206033, 47.9384983069055], [-122.137921661924, 47.938461221507], [-122.137886563048, 47.938459516600666], [-122.137851464172, 47.938457811694335], [-122.137816365296, 47.938456106787996], [-122.13778126641999, 47.938454401881664], [-122.137746167544, 47.93845269697533], [-122.137711068668, 47.938450992069], [-122.13774369680917, 47.93845002189266], [-122.13777632495034, 47.93844905171633], [-122.13780895309151, 47.93844808154], [-122.13784158123266, 47.938447111363665], [-122.13787420937383, 47.93844614118733], [-122.137906837515, 47.938445171011], [-122.13780727573901, 47.93833521883283], [-122.13780055407544, 47.938327795687336]]}, "properties": {"type": "distribution", "layer": "distribution", "cableId": "ML-196-p2", "fiberCount": null, "footage": 196, "typeMethod": "UGN", "installMethod": "UGN", "cableSpec": null, "status": "designed", "progressPct": 0, "printRef": "PRNT/p2", "label": "ML-196-p2", "routeStreet": "Foster Slough Rd", "lengthM": 59.7}}, {"type": "Feature", "id": "cable-ML-162-p2-63", "geometry": {"type": "LineString", "coordinates": [[-122.13780692568591, 47.93844814182358], [-122.13784158123266, 47.938447111363665], [-122.13787420937383, 47.93844614118733], [-122.137906837515, 47.938445171011], [-122.13780727573901, 47.93833521883283], [-122.137707713963, 47.93822526665466], [-122.13761530507337, 47.93812321384781]]}, "properties": {"type": "distribution", "layer": "distribution", "cableId": "ML-162-p2", "fiberCount": null, "footage": 162, "typeMethod": "UGN", "installMethod": "UGN", "cableSpec": null, "status": "designed", "progressPct": 0, "printRef": "PRNT/p2", "label": "ML-162-p2", "routeStreet": "Foster Slough Rd", "lengthM": 49.4}}, {"type": "Feature", "id": "cable-ML-197-p2-64", "geometry": {"type": "LineString", "coordinates": [[-122.13770138663688, 47.93821827900019], [-122.137608152187, 47.9381153144765], [-122.137508590411, 47.938005362298334], [-122.13740902863499, 47.93789541012016], [-122.137309466859, 47.937785457942], [-122.13727578912683, 47.93778398986316], [-122.13726006952338, 47.93778330461462]]}, "properties": {"type": "distribution", "layer": "distribution", "cableId": "ML-197-p2", "fiberCount": null, "footage": 197, "typeMethod": "UGN", "installMethod": "UGN", "cableSpec": null, "status": "designed", "progressPct": 0, "printRef": "PRNT/p2", "label": "ML-197-p2", "routeStreet": "Foster Slough Rd", "lengthM": 60.0}}, {"type": "Feature", "id": "cable-ML-379-p2-65", "geometry": {"type": "LineString", "coordinates": [[-122.13744406565132, 47.93793410364711], [-122.13740902863499, 47.93789541012016], [-122.137309466859, 47.937785457942], [-122.13727578912683, 47.93778398986316], [-122.13724211139466, 47.937782521784335], [-122.1372084336625, 47.9377810537055], [-122.13717475593033, 47.937779585626664], [-122.13714107819816, 47.937778117547836], [-122.137107400466, 47.937776649469], [-122.13713875911483, 47.93777538221733], [-122.13717011776366, 47.93777411496567], [-122.1372014764125, 47.937772847714], [-122.13723283506134, 47.93777158046233], [-122.13726419371017, 47.93777031321067], [-122.137295552359, 47.937769045959], [-122.1372623026305, 47.93776764344983], [-122.137229052902, 47.93776624094067], [-122.13719580317351, 47.937764838431505], [-122.13716255344501, 47.937763435922335], [-122.1371293037165, 47.937762033413165], [-122.137096053988, 47.937760630904], [-122.13712516423467, 47.93775717966984], [-122.13715427448133, 47.937753728435666], [-122.137183384728, 47.9377502772015], [-122.13721249497468, 47.93774682596734], [-122.13724160522133, 47.93774337473317], [-122.137270715468, 47.937739923499], [-122.13723782306234, 47.9377380352115], [-122.13720493065667, 47.937736146924], [-122.13717203825101, 47.937734258636496], [-122.13713914584534, 47.937732370348996], [-122.13710625343967, 47.9377304820615], [-122.137073361034, 47.937728593774], [-122.13710222727033, 47.93772479805467], [-122.13713109350667, 47.93772100233533], [-122.137159959743, 47.937717206616], [-122.13718882597934, 47.93771341089667], [-122.13721769221567, 47.93770961517733], [-122.137246558452, 47.937705819458], [-122.1372139100565, 47.93770427565567], [-122.137181261661, 47.937702731853335], [-122.13714861326551, 47.937701188051], [-122.13711596487, 47.93769964424867], [-122.1371002895779, 47.93769890303146]]}, "properties": {"type": "distribution", "layer": "distribution", "cableId": "ML-379-p2", "fiberCount": null, "footage": 379, "typeMethod": "UGN", "installMethod": "UGN", "cableSpec": null, "status": "designed", "progressPct": 0, "printRef": "PRNT/p2", "label": "ML-379-p2", "routeStreet": "Foster Slough Rd", "lengthM": 115.5}}, {"type": "Feature", "id": "cable-ML-234-p2-66", "geometry": {"type": "LineString", "coordinates": [[-122.13714145959877, 47.93777527308659], [-122.13717011776366, 47.93777411496567], [-122.1372014764125, 47.937772847714], [-122.13723283506134, 47.93777158046233], [-122.13726419371017, 47.93777031321067], [-122.137295552359, 47.937769045959], [-122.1372623026305, 47.93776764344983], [-122.137229052902, 47.93776624094067], [-122.13719580317351, 47.937764838431505], [-122.13716255344501, 47.937763435922335], [-122.1371293037165, 47.937762033413165], [-122.137096053988, 47.937760630904], [-122.13712516423467, 47.93775717966984], [-122.13715427448133, 47.937753728435666], [-122.137183384728, 47.9377502772015], [-122.13721249497468, 47.93774682596734], [-122.13724160522133, 47.93774337473317], [-122.137270715468, 47.937739923499], [-122.13723782306234, 47.9377380352115], [-122.13720493065667, 47.937736146924], [-122.13717203825101, 47.937734258636496], [-122.13713914584534, 47.937732370348996], [-122.13710625343967, 47.9377304820615], [-122.137073361034, 47.937728593774], [-122.13710222727033, 47.93772479805467], [-122.13713109350667, 47.93772100233533], [-122.137159959743, 47.937717206616], [-122.13718882597934, 47.93771341089667], [-122.13721769221567, 47.93770961517733], [-122.137246558452, 47.937705819458], [-122.1372139100565, 47.93770427565567], [-122.13719654031782, 47.93770345431536]]}, "properties": {"type": "distribution", "layer": "distribution", "cableId": "ML-234-p2", "fiberCount": null, "footage": 234, "typeMethod": "UGN", "installMethod": "UGN", "cableSpec": null, "status": "designed", "progressPct": 0, "printRef": "PRNT/p2", "label": "ML-234-p2", "routeStreet": "Foster Slough Rd", "lengthM": 71.3}}, {"type": "Feature", "id": "cable-ML-197-p2-67", "geometry": {"type": "LineString", "coordinates": [[-122.13723574579431, 47.9377440694114], [-122.137270715468, 47.937739923499], [-122.13723782306234, 47.9377380352115], [-122.13720493065667, 47.937736146924], [-122.13717203825101, 47.937734258636496], [-122.13713914584534, 47.937732370348996], [-122.13710625343967, 47.9377304820615], [-122.137073361034, 47.937728593774], [-122.13710222727033, 47.93772479805467], [-122.13713109350667, 47.93772100233533], [-122.137159959743, 47.937717206616], [-122.13718882597934, 47.93771341089667], [-122.13721769221567, 47.93770961517733], [-122.137246558452, 47.937705819458], [-122.1372139100565, 47.93770427565567], [-122.137181261661, 47.937702731853335], [-122.13714861326551, 47.937701188051], [-122.13711596487, 47.93769964424867], [-122.1370833164745, 47.93769810044633], [-122.137050668079, 47.937696556644], [-122.13708130338983, 47.93769525844283], [-122.13711193870067, 47.93769396024167], [-122.1371425740115, 47.937692662040504], [-122.13717320932233, 47.937691363839335], [-122.13720384463316, 47.937690065638165], [-122.137234479944, 47.937688767437], [-122.13722001476654, 47.93768815747526]]}, "properties": {"type": "distribution", "layer": "distribution", "cableId": "ML-197-p2", "fiberCount": null, "footage": 197, "typeMethod": "UGN", "installMethod": "UGN", "cableSpec": null, "status": "designed", "progressPct": 0, "printRef": "PRNT/p2", "label": "ML-197-p2", "routeStreet": "Foster Slough Rd", "lengthM": 60.0}}, {"type": "Feature", "id": "cable-ML-149-p2-68", "geometry": {"type": "LineString", "coordinates": [[-122.13716073653964, 47.93770176130854], [-122.13714861326551, 47.937701188051], [-122.13711596487, 47.93769964424867], [-122.1370833164745, 47.93769810044633], [-122.137050668079, 47.937696556644], [-122.13708130338983, 47.93769525844283], [-122.13711193870067, 47.93769396024167], [-122.1371425740115, 47.937692662040504], [-122.13717320932233, 47.937691363839335], [-122.13720384463316, 47.937690065638165], [-122.137234479944, 47.937688767437], [-122.1372019535535, 47.93768739587733], [-122.137169427163, 47.93768602431767], [-122.1371369007725, 47.937684652758], [-122.13710437438199, 47.93768328119833], [-122.13707184799149, 47.93768190963867], [-122.137039321601, 47.937680538079], [-122.13706379565267, 47.93767054162483], [-122.13708826970434, 47.937660545170665], [-122.137112743756, 47.937650548716505], [-122.13713721780766, 47.93764055226234]]}, "properties": {"type": "distribution", "layer": "distribution", "cableId": "ML-149-p2", "fiberCount": null, "footage": 149, "typeMethod": "UGN", "installMethod": "UGN", "cableSpec": null, "status": "designed", "progressPct": 0, "printRef": "PRNT/p2", "label": "ML-149-p2", "routeStreet": "Foster Slough Rd", "lengthM": 45.1}}, {"type": "Feature", "id": "cable-ML-526-p2-69", "geometry": {"type": "LineString", "coordinates": [[-122.13704449736386, 47.93767842403279], [-122.13706379565267, 47.93767054162483], [-122.13708826970434, 47.937660545170665], [-122.137112743756, 47.937650548716505], [-122.13713721780766, 47.93764055226234], [-122.13716169185933, 47.93763055580817], [-122.137186165911, 47.937620559354], [-122.13715412754117, 47.937619876765], [-122.13712208917134, 47.937619194176], [-122.1370900508015, 47.937618511587004], [-122.13705801243167, 47.937617828998], [-122.13702597406184, 47.937617146408996], [-122.136993935692, 47.93761646382], [-122.137023960977, 47.93761430440567], [-122.137053986262, 47.937612144991334], [-122.137084011547, 47.937609985577], [-122.137114036832, 47.93760782616267], [-122.137144062117, 47.93760566674834], [-122.137174087402, 47.937603507334], [-122.13714217103734, 47.9376029969875], [-122.13711025467266, 47.937602486641005], [-122.137078338308, 47.9376019762945], [-122.13704642194334, 47.937601465948], [-122.13701450557866, 47.9376009556015], [-122.136982589214, 47.937600445255], [-122.137012492494, 47.937598113598], [-122.137042395774, 47.937595781941], [-122.137072299054, 47.937593450284], [-122.13710220233399, 47.937591118627005], [-122.137132105614, 47.937588786970004], [-122.137162008894, 47.937586455313], [-122.1371302145345, 47.93758611720917], [-122.137098420175, 47.93758577910533], [-122.13706662581549, 47.9375854410015], [-122.137034831456, 47.93758510289767], [-122.1370030370965, 47.93758476479383], [-122.136971242737, 47.93758442669], [-122.13700102401184, 47.937581922790336], [-122.13703080528667, 47.93757941889067], [-122.1370605865615, 47.937576914991], [-122.13709036783634, 47.93757441109133], [-122.13712014911117, 47.93757190719167], [-122.137149930386, 47.937569403292], [-122.137061826585, 47.93745153883667], [-122.136973722784, 47.937333674381335], [-122.136885618983, 47.937215809926], [-122.136797515182, 47.93709794547067], [-122.13676159186704, 47.937049887590035]]}, "properties": {"type": "distribution", "layer": "distribution", "cableId": "ML-526-p2", "fiberCount": null, "footage": 526, "typeMethod": "UGN", "installMethod": "UGN", "cableSpec": null, "status": "designed", "progressPct": 0, "printRef": "PRNT/p2", "label": "ML-526-p2", "routeStreet": "Foster Slough Rd", "lengthM": 160.3}}, {"type": "Feature", "id": "cable-ML-198-p2-70", "geometry": {"type": "LineString", "coordinates": [[-122.13713102538232, 47.93760660434849], [-122.137144062117, 47.93760566674834], [-122.137174087402, 47.937603507334], [-122.13714217103734, 47.9376029969875], [-122.13711025467266, 47.937602486641005], [-122.137078338308, 47.9376019762945], [-122.13704642194334, 47.937601465948], [-122.13701450557866, 47.9376009556015], [-122.136982589214, 47.937600445255], [-122.137012492494, 47.937598113598], [-122.137042395774, 47.937595781941], [-122.137072299054, 47.937593450284], [-122.13710220233399, 47.937591118627005], [-122.137132105614, 47.937588786970004], [-122.137162008894, 47.937586455313], [-122.1371302145345, 47.93758611720917], [-122.137098420175, 47.93758577910533], [-122.13706662581549, 47.9375854410015], [-122.137034831456, 47.93758510289767], [-122.1370030370965, 47.93758476479383], [-122.136971242737, 47.93758442669], [-122.13700102401184, 47.937581922790336], [-122.13703080528667, 47.93757941889067], [-122.1370605865615, 47.937576914991], [-122.13709036783634, 47.93757441109133], [-122.13712014911117, 47.93757190719167], [-122.137149930386, 47.937569403292], [-122.13713969604049, 47.93755571187864]]}, "properties": {"type": "distribution", "layer": "distribution", "cableId": "ML-198-p2", "fiberCount": null, "footage": 198, "typeMethod": "UGN", "installMethod": "UGN", "cableSpec": null, "status": "designed", "progressPct": 0, "printRef": "PRNT/p2", "label": "ML-198-p2", "routeStreet": "Foster Slough Rd", "lengthM": 60.4}}, {"type": "Feature", "id": "cable-ML-190-p2-71", "geometry": {"type": "LineString", "coordinates": [[-122.13708138503547, 47.93758559795226], [-122.13706662581549, 47.9375854410015], [-122.137034831456, 47.93758510289767], [-122.1370030370965, 47.93758476479383], [-122.136971242737, 47.93758442669], [-122.13700102401184, 47.937581922790336], [-122.13703080528667, 47.93757941889067], [-122.1370605865615, 47.937576914991], [-122.13709036783634, 47.93757441109133], [-122.13712014911117, 47.93757190719167], [-122.137149930386, 47.937569403292], [-122.137061826585, 47.93745153883667], [-122.136973722784, 47.937333674381335], [-122.1369321848789, 47.93727810535361]]}, "properties": {"type": "distribution", "layer": "distribution", "cableId": "ML-190-p2", "fiberCount": null, "footage": 190, "typeMethod": "UGN", "installMethod": "UGN", "cableSpec": null, "status": "designed", "progressPct": 0, "printRef": "PRNT/p2", "label": "ML-190-p2", "routeStreet": "Foster Slough Rd", "lengthM": 57.9}}, {"type": "Feature", "id": "cable-ML-149-p2-72", "geometry": {"type": "LineString", "coordinates": [[-122.13705774250377, 47.93744607519034], [-122.136973722784, 47.937333674381335], [-122.136885618983, 47.937215809926], [-122.136797515182, 47.93709794547067], [-122.13678506544639, 47.93708129032878]]}, "properties": {"type": "distribution", "layer": "distribution", "cableId": "ML-149-p2", "fiberCount": null, "footage": 149, "typeMethod": "UGN", "installMethod": "UGN", "cableSpec": null, "status": "designed", "progressPct": 0, "printRef": "PRNT/p2", "label": "ML-149-p2", "routeStreet": "Foster Slough Rd", "lengthM": 45.4}}, {"type": "Feature", "id": "cable-ML-151-p2-73", "geometry": {"type": "LineString", "coordinates": [[-122.13683559105846, 47.9371488830283], [-122.136797515182, 47.93709794547067], [-122.136709411381, 47.936980081015335], [-122.13662130758, 47.93686221656], [-122.136649380499, 47.93685749352317], [-122.136677453418, 47.93685277048633], [-122.13670552633701, 47.9368480474495], [-122.136733599256, 47.93684332441267], [-122.13675571516839, 47.93683960359301]]}, "properties": {"type": "distribution", "layer": "distribution", "cableId": "ML-151-p2", "fiberCount": null, "footage": 151, "typeMethod": "UGN", "installMethod": "UGN", "cableSpec": null, "status": "designed", "progressPct": 0, "printRef": "PRNT/p2", "label": "ML-151-p2", "routeStreet": "Foster Slough Rd", "lengthM": 46.0}}, {"type": "Feature", "id": "cable-ML-363-p2-74", "geometry": {"type": "LineString", "coordinates": [[-122.13663834906312, 47.93685934947117], [-122.136649380499, 47.93685749352317], [-122.136677453418, 47.93685277048633], [-122.13670552633701, 47.9368480474495], [-122.136733599256, 47.93684332441267], [-122.136761672175, 47.93683860137583], [-122.136789745094, 47.936833878339], [-122.136755520978, 47.936830594353836], [-122.136721296862, 47.93682731036867], [-122.136687072746, 47.936824026383505], [-122.13665284862999, 47.93682074239833], [-122.136618624514, 47.93681745841317], [-122.136584400398, 47.936814174428], [-122.13661453720616, 47.936811327448], [-122.13664467401433, 47.936808480468], [-122.1366748108225, 47.936805633488], [-122.13670494763066, 47.936802786508], [-122.13673508443884, 47.936799939528], [-122.136765221247, 47.936797092548], [-122.13672755243917, 47.93679135968233], [-122.13668988363133, 47.936785626816665], [-122.1366522148235, 47.936779893951], [-122.13661454601566, 47.93677416108533], [-122.13657687720783, 47.936768428219665], [-122.1365392084, 47.936762695354], [-122.13657133369932, 47.936761616685], [-122.13660345899866, 47.936760538015996], [-122.136635584298, 47.936759459347], [-122.13666770959733, 47.936758380678], [-122.13669983489666, 47.936757302009], [-122.136731960196, 47.93675622334], [-122.136692072028, 47.936748676595165], [-122.13665218386001, 47.93674112985033], [-122.136612295692, 47.9367335831055], [-122.136572407524, 47.93672603636067], [-122.13653251935601, 47.936718489615835], [-122.136492631188, 47.936710942871], [-122.13652221926284, 47.9367068314385], [-122.13655180733767, 47.936702720006004], [-122.1365813954125, 47.9366986085735], [-122.13661098348734, 47.936694497141], [-122.13664057156217, 47.9366903857085], [-122.136670159637, 47.936686274276], [-122.13663539631634, 47.93668463543267], [-122.13660063299567, 47.93668299658933], [-122.13658770929007, 47.936682387328524]]}, "properties": {"type": "distribution", "layer": "distribution", "cableId": "ML-363-p2", "fiberCount": null, "footage": 363, "typeMethod": "UGN", "installMethod": "UGN", "cableSpec": null, "status": "designed", "progressPct": 0, "printRef": "PRNT/p2", "label": "ML-363-p2", "routeStreet": "Foster Slough Rd", "lengthM": 110.6}}, {"type": "Feature", "id": "cable-ML-627-p2-75", "geometry": {"type": "LineString", "coordinates": [[-122.13671568413751, 47.936801772245964], [-122.13673508443884, 47.936799939528], [-122.136765221247, 47.936797092548], [-122.13672755243917, 47.93679135968233], [-122.13668988363133, 47.936785626816665], [-122.1366522148235, 47.936779893951], [-122.13661454601566, 47.93677416108533], [-122.13657687720783, 47.936768428219665], [-122.1365392084, 47.936762695354], [-122.13657133369932, 47.936761616685], [-122.13660345899866, 47.936760538015996], [-122.136635584298, 47.936759459347], [-122.13666770959733, 47.936758380678], [-122.13669983489666, 47.936757302009], [-122.136731960196, 47.93675622334], [-122.136692072028, 47.936748676595165], [-122.13665218386001, 47.93674112985033], [-122.136612295692, 47.9367335831055], [-122.136572407524, 47.93672603636067], [-122.13653251935601, 47.936718489615835], [-122.136492631188, 47.936710942871], [-122.13652221926284, 47.9367068314385], [-122.13655180733767, 47.936702720006004], [-122.1365813954125, 47.9366986085735], [-122.13661098348734, 47.936694497141], [-122.13664057156217, 47.9366903857085], [-122.136670159637, 47.936686274276], [-122.13663539631634, 47.93668463543267], [-122.13660063299567, 47.93668299658933], [-122.136565869675, 47.936681357746], [-122.13653110635434, 47.93667971890267], [-122.13649634303367, 47.93667808005934], [-122.136461579713, 47.936676441216], [-122.136483404919, 47.9366637043695], [-122.136505230125, 47.936650967523], [-122.136527055331, 47.9366382306765], [-122.136548880537, 47.93662549383], [-122.136570705743, 47.9366127569835], [-122.136592530949, 47.936600020137], [-122.13647794946267, 47.936509037462], [-122.13636336797633, 47.936418054787], [-122.13624878649, 47.936327072112], [-122.13613420500367, 47.936236089437], [-122.13601962351733, 47.936145106762], [-122.135905042031, 47.936054124087], [-122.13591926108383, 47.93603280847067], [-122.13593348013667, 47.936011492854334], [-122.1359476991895, 47.935990177238], [-122.13596191824233, 47.93596886162167], [-122.13597613729517, 47.93594754600534], [-122.13599025597787, 47.9359263808527]]}, "properties": {"type": "distribution", "layer": "distribution", "cableId": "ML-627-p2", "fiberCount": null, "footage": 627, "typeMethod": "UGN", "installMethod": "UGN", "cableSpec": null, "status": "designed", "progressPct": 0, "printRef": "PRNT/p2", "label": "ML-627-p2", "routeStreet": "Foster Slough Rd", "lengthM": 191.1}}, {"type": "Feature", "id": "cable-ML-582-p2-76", "geometry": {"type": "LineString", "coordinates": [[-122.13671143594324, 47.93675234020105], [-122.136692072028, 47.936748676595165], [-122.13665218386001, 47.93674112985033], [-122.136612295692, 47.9367335831055], [-122.136572407524, 47.93672603636067], [-122.13653251935601, 47.936718489615835], [-122.136492631188, 47.936710942871], [-122.13652221926284, 47.9367068314385], [-122.13655180733767, 47.936702720006004], [-122.1365813954125, 47.9366986085735], [-122.13661098348734, 47.936694497141], [-122.13664057156217, 47.9366903857085], [-122.136670159637, 47.936686274276], [-122.13663539631634, 47.93668463543267], [-122.13660063299567, 47.93668299658933], [-122.136565869675, 47.936681357746], [-122.13653110635434, 47.93667971890267], [-122.13649634303367, 47.93667808005934], [-122.136461579713, 47.936676441216], [-122.136483404919, 47.9366637043695], [-122.136505230125, 47.936650967523], [-122.136527055331, 47.9366382306765], [-122.136548880537, 47.93662549383], [-122.136570705743, 47.9366127569835], [-122.136592530949, 47.936600020137], [-122.13647794946267, 47.936509037462], [-122.13636336797633, 47.936418054787], [-122.13624878649, 47.936327072112], [-122.13613420500367, 47.936236089437], [-122.13601962351733, 47.936145106762], [-122.135905042031, 47.936054124087], [-122.13591926108383, 47.93603280847067], [-122.13593348013667, 47.936011492854334], [-122.1359476991895, 47.935990177238], [-122.13596191824233, 47.93596886162167], [-122.13597613729517, 47.93594754600534], [-122.135990356348, 47.935926230389], [-122.13594453845701, 47.93590809854533], [-122.135898720566, 47.935889966701666], [-122.135852902675, 47.935871834858006], [-122.135807084784, 47.93585370301434], [-122.13576126689301, 47.93583557117067], [-122.13572175979296, 47.935819936741716]]}, "properties": {"type": "distribution", "layer": "distribution", "cableId": "ML-582-p2", "fiberCount": null, "footage": 582, "typeMethod": "UGN", "installMethod": "UGN", "cableSpec": null, "status": "designed", "progressPct": 0, "printRef": "PRNT/p2", "label": "ML-582-p2", "routeStreet": "Foster Slough Rd", "lengthM": 177.4}}, {"type": "Feature", "id": "cable-ML-612-p2-77", "geometry": {"type": "LineString", "coordinates": [[-122.13658292620167, 47.936682161839926], [-122.136565869675, 47.936681357746], [-122.13653110635434, 47.93667971890267], [-122.13649634303367, 47.93667808005934], [-122.136461579713, 47.936676441216], [-122.136483404919, 47.9366637043695], [-122.136505230125, 47.936650967523], [-122.136527055331, 47.9366382306765], [-122.136548880537, 47.93662549383], [-122.136570705743, 47.9366127569835], [-122.136592530949, 47.936600020137], [-122.13647794946267, 47.936509037462], [-122.13636336797633, 47.936418054787], [-122.13624878649, 47.936327072112], [-122.13613420500367, 47.936236089437], [-122.13601962351733, 47.936145106762], [-122.135905042031, 47.936054124087], [-122.13591926108383, 47.93603280847067], [-122.13593348013667, 47.936011492854334], [-122.1359476991895, 47.935990177238], [-122.13596191824233, 47.93596886162167], [-122.13597613729517, 47.93594754600534], [-122.135990356348, 47.935926230389], [-122.13594453845701, 47.93590809854533], [-122.135898720566, 47.935889966701666], [-122.135852902675, 47.935871834858006], [-122.135807084784, 47.93585370301434], [-122.13576126689301, 47.93583557117067], [-122.135715449002, 47.935817439327], [-122.13567476670467, 47.9356948973205], [-122.13563408440734, 47.935572355314], [-122.13559340211, 47.9354498133075], [-122.13558270897161, 47.93541760375395]]}, "properties": {"type": "distribution", "layer": "distribution", "cableId": "ML-612-p2", "fiberCount": null, "footage": 612, "typeMethod": "UGN", "installMethod": "UGN", "cableSpec": null, "status": "designed", "progressPct": 0, "printRef": "PRNT/p2", "label": "ML-612-p2", "routeStreet": "Foster Slough Rd", "lengthM": 186.5}}, {"type": "Feature", "id": "cable-ML-120-p2-78", "geometry": {"type": "LineString", "coordinates": [[-122.13646304035596, 47.93649719898396], [-122.13636336797633, 47.936418054787], [-122.13624878649, 47.936327072112], [-122.13614678141496, 47.936246075653614]]}, "properties": {"type": "distribution", "layer": "distribution", "cableId": "ML-120-p2", "fiberCount": null, "footage": 120, "typeMethod": "UGN", "installMethod": "UGN", "cableSpec": null, "status": "designed", "progressPct": 0, "printRef": "PRNT/p2", "label": "ML-120-p2", "routeStreet": "Foster Slough Rd", "lengthM": 36.6}}, {"type": "Feature", "id": "cable-ML-224-p2-79", "geometry": {"type": "LineString", "coordinates": [[-122.1361431152488, 47.9362431645585], [-122.13613420500367, 47.936236089437], [-122.13601962351733, 47.936145106762], [-122.135905042031, 47.936054124087], [-122.13591926108383, 47.93603280847067], [-122.13593348013667, 47.936011492854334], [-122.1359476991895, 47.935990177238], [-122.13596191824233, 47.93596886162167], [-122.13597613729517, 47.93594754600534], [-122.135990356348, 47.935926230389], [-122.13594453845701, 47.93590809854533], [-122.135898720566, 47.935889966701666], [-122.135852902675, 47.935871834858006], [-122.135807084784, 47.93585370301434], [-122.13576126689301, 47.93583557117067], [-122.135715449002, 47.935817439327], [-122.135711562745, 47.935805733259194]]}, "properties": {"type": "distribution", "layer": "distribution", "cableId": "ML-224-p2", "fiberCount": null, "footage": 224, "typeMethod": "UGN", "installMethod": "UGN", "cableSpec": null, "status": "designed", "progressPct": 0, "printRef": "PRNT/p2", "label": "ML-224-p2", "routeStreet": "Foster Slough Rd", "lengthM": 68.3}}, {"type": "Feature", "id": "cable-ML-177-p2-80", "geometry": {"type": "LineString", "coordinates": [[-122.13595683104862, 47.93597648777447], [-122.13596191824233, 47.93596886162167], [-122.13597613729517, 47.93594754600534], [-122.135990356348, 47.935926230389], [-122.13594453845701, 47.93590809854533], [-122.135898720566, 47.935889966701666], [-122.135852902675, 47.935871834858006], [-122.135807084784, 47.93585370301434], [-122.13576126689301, 47.93583557117067], [-122.135715449002, 47.935817439327], [-122.13567476670467, 47.9356948973205], [-122.13564555452481, 47.93560690526083]]}, "properties": {"type": "distribution", "layer": "distribution", "cableId": "ML-177-p2", "fiberCount": null, "footage": 177, "typeMethod": "UGN", "installMethod": "UGN", "cableSpec": null, "status": "designed", "progressPct": 0, "printRef": "PRNT/p2", "label": "ML-177-p2", "routeStreet": "Foster Slough Rd", "lengthM": 53.9}}, {"type": "Feature", "id": "cable-ML-796-p2-81", "geometry": {"type": "LineString", "coordinates": [[-122.13569489708338, 47.93575553344878], [-122.13567476670467, 47.9356948973205], [-122.13563408440734, 47.935572355314], [-122.13559340211, 47.9354498133075], [-122.13555271981267, 47.935327271301006], [-122.13551203751534, 47.935204729294504], [-122.135471355218, 47.935082187288], [-122.13549921469884, 47.93507814150867], [-122.13552707417966, 47.935074095729334], [-122.1355549336605, 47.93507004995], [-122.13558279314134, 47.93506600417067], [-122.13561065262216, 47.93506195839134], [-122.135638512103, 47.935057912612], [-122.13563426591733, 47.93504478802617], [-122.13563001973166, 47.935031663440334], [-122.135625773546, 47.9350185388545], [-122.13562152736034, 47.935005414268666], [-122.13561728117467, 47.93499228968283], [-122.135613034989, 47.934979165097], [-122.13556727104084, 47.934950017217], [-122.13552150709268, 47.934920869337], [-122.1354757431445, 47.934891721457], [-122.13542997919633, 47.934862573577], [-122.13538421524817, 47.934833425697], [-122.1353384513, 47.934804277817], [-122.1352666711695, 47.93469771256667], [-122.135194891039, 47.93459114731633], [-122.1351231109085, 47.934484582066005], [-122.135051330778, 47.93437801681567], [-122.1349795506475, 47.93427145156534], [-122.134907770517, 47.934164886315], [-122.134925155437, 47.934144651799], [-122.134942540357, 47.934124417283], [-122.134959925277, 47.934104182767], [-122.134977310197, 47.934083948251], [-122.134994695117, 47.934063713735], [-122.135012080037, 47.934043479219], [-122.13497989279284, 47.93404240734783], [-122.13494770554867, 47.934041335476664], [-122.1349155183045, 47.934040263605496], [-122.13488333106034, 47.934039191734335], [-122.13485114381618, 47.93403811986317], [-122.134818956572, 47.934037047992], [-122.1348405707275, 47.93402290101517], [-122.134862184883, 47.93400875403833], [-122.1348837990385, 47.9339946070615], [-122.13489323870391, 47.93398842857686]]}, "properties": {"type": "distribution", "layer": "distribution", "cableId": "ML-796-p2", "fiberCount": null, "footage": 796, "typeMethod": "UGN", "installMethod": "UGN", "cableSpec": null, "status": "designed", "progressPct": 0, "printRef": "PRNT/p2", "label": "ML-796-p2", "routeStreet": "Foster Slough Rd", "lengthM": 242.6}}, {"type": "Feature", "id": "cable-ML-379-p2-82", "geometry": {"type": "LineString", "coordinates": [[-122.1355871851302, 47.935431086705776], [-122.13555271981267, 47.935327271301006], [-122.13551203751534, 47.935204729294504], [-122.135471355218, 47.935082187288], [-122.13549921469884, 47.93507814150867], [-122.13552707417966, 47.935074095729334], [-122.1355549336605, 47.93507004995], [-122.13558279314134, 47.93506600417067], [-122.13561065262216, 47.93506195839134], [-122.135638512103, 47.935057912612], [-122.13563426591733, 47.93504478802617], [-122.13563001973166, 47.935031663440334], [-122.135625773546, 47.9350185388545], [-122.13562152736034, 47.935005414268666], [-122.13561728117467, 47.93499228968283], [-122.135613034989, 47.934979165097], [-122.13556727104084, 47.934950017217], [-122.13552150709268, 47.934920869337], [-122.1354757431445, 47.934891721457], [-122.13542997919633, 47.934862573577], [-122.13538421524817, 47.934833425697], [-122.1353384513, 47.934804277817], [-122.1352666711695, 47.93469771256667], [-122.13519644217914, 47.93459345014909]]}, "properties": {"type": "distribution", "layer": "distribution", "cableId": "ML-379-p2", "fiberCount": null, "footage": 379, "typeMethod": "UGN", "installMethod": "UGN", "cableSpec": null, "status": "designed", "progressPct": 0, "printRef": "PRNT/p2", "label": "ML-379-p2", "routeStreet": "Foster Slough Rd", "lengthM": 115.5}}, {"type": "Feature", "id": "cable-ML-117-p2-83", "geometry": {"type": "LineString", "coordinates": [[-122.13547947320922, 47.935106640059765], [-122.135471355218, 47.935082187288], [-122.13549921469884, 47.93507814150867], [-122.13552707417966, 47.935074095729334], [-122.1355549336605, 47.93507004995], [-122.13558279314134, 47.93506600417067], [-122.13561065262216, 47.93506195839134], [-122.135638512103, 47.935057912612], [-122.13563426591733, 47.93504478802617], [-122.13563001973166, 47.935031663440334], [-122.135625773546, 47.9350185388545], [-122.13562152736034, 47.935005414268666], [-122.13561728117467, 47.93499228968283], [-122.135613034989, 47.934979165097], [-122.13556727104084, 47.934950017217], [-122.13552150709268, 47.934920869337], [-122.1355047121267, 47.93491017232172]]}, "properties": {"type": "distribution", "layer": "distribution", "cableId": "ML-117-p2", "fiberCount": null, "footage": 117, "typeMethod": "UGN", "installMethod": "UGN", "cableSpec": null, "status": "designed", "progressPct": 0, "printRef": "PRNT/p2", "label": "ML-117-p2", "routeStreet": "Foster Slough Rd", "lengthM": 35.7}}, {"type": "Feature", "id": "cable-ML-137-p2-84", "geometry": {"type": "LineString", "coordinates": [[-122.13549170596919, 47.934901888466555], [-122.1354757431445, 47.934891721457], [-122.13542997919633, 47.934862573577], [-122.13538421524817, 47.934833425697], [-122.1353384513, 47.934804277817], [-122.1352666711695, 47.93469771256667], [-122.13519512734668, 47.93459149814025]]}, "properties": {"type": "distribution", "layer": "distribution", "cableId": "ML-137-p2", "fiberCount": null, "footage": 137, "typeMethod": "UGN", "installMethod": "UGN", "cableSpec": null, "status": "designed", "progressPct": 0, "printRef": "PRNT/p2", "label": "ML-137-p2", "routeStreet": "Foster Slough Rd", "lengthM": 41.8}}, {"type": "Feature", "id": "cable-ML-513-p2-85", "geometry": {"type": "LineString", "coordinates": [[-122.13522136663724, 47.93463045316231], [-122.135194891039, 47.93459114731633], [-122.1351231109085, 47.934484582066005], [-122.135051330778, 47.93437801681567], [-122.1349795506475, 47.93427145156534], [-122.134907770517, 47.934164886315], [-122.134925155437, 47.934144651799], [-122.134942540357, 47.934124417283], [-122.134959925277, 47.934104182767], [-122.134977310197, 47.934083948251], [-122.134994695117, 47.934063713735], [-122.135012080037, 47.934043479219], [-122.13497989279284, 47.93404240734783], [-122.13494770554867, 47.934041335476664], [-122.1349155183045, 47.934040263605496], [-122.13488333106034, 47.934039191734335], [-122.13485114381618, 47.93403811986317], [-122.134818956572, 47.934037047992], [-122.1348405707275, 47.93402290101517], [-122.134862184883, 47.93400875403833], [-122.1348837990385, 47.9339946070615], [-122.134905413194, 47.93398046008467], [-122.1349270273495, 47.93396631310783], [-122.134948641505, 47.933952166131], [-122.13491433964317, 47.933948050490166], [-122.13488003778134, 47.93394393484933], [-122.1348457359195, 47.933939819208504], [-122.13481143405767, 47.93393570356767], [-122.13477713219584, 47.933931587926836], [-122.134742830334, 47.933927472286], [-122.13477078834268, 47.93392245661817], [-122.13479874635134, 47.93391744095033], [-122.13482670436, 47.9339124252825], [-122.13485466236867, 47.93390740961467], [-122.13488262037734, 47.93390239394683], [-122.134910578386, 47.933897378279], [-122.13480230174784, 47.93379017826366], [-122.13470454138005, 47.9336933899527]]}, "properties": {"type": "distribution", "layer": "distribution", "cableId": "ML-513-p2", "fiberCount": null, "footage": 513, "typeMethod": "UGN", "installMethod": "UGN", "cableSpec": null, "status": "designed", "progressPct": 0, "printRef": "PRNT/p2", "label": "ML-513-p2", "routeStreet": "Foster Slough Rd", "lengthM": 156.4}}, {"type": "Feature", "id": "cable-ML-90-p2-86", "geometry": {"type": "LineString", "coordinates": [[-122.13501730298661, 47.93432749893444], [-122.1349795506475, 47.93427145156534], [-122.134907770517, 47.934164886315], [-122.134925155437, 47.934144651799], [-122.134942540357, 47.934124417283], [-122.13495841951024, 47.93410593534692]]}, "properties": {"type": "distribution", "layer": "distribution", "cableId": "ML-90-p2", "fiberCount": null, "footage": 90, "typeMethod": "UGN", "installMethod": "UGN", "cableSpec": null, "status": "designed", "progressPct": 0, "printRef": "PRNT/p2", "label": "ML-90-p2", "routeStreet": "Foster Slough Rd", "lengthM": 27.4}}, {"type": "Feature", "id": "cable-ML-628-p2-87", "geometry": {"type": "LineString", "coordinates": [[-122.1349913799536, 47.93404278988311], [-122.13497989279284, 47.93404240734783], [-122.13494770554867, 47.934041335476664], [-122.1349155183045, 47.934040263605496], [-122.13488333106034, 47.934039191734335], [-122.13485114381618, 47.93403811986317], [-122.134818956572, 47.934037047992], [-122.1348405707275, 47.93402290101517], [-122.134862184883, 47.93400875403833], [-122.1348837990385, 47.9339946070615], [-122.134905413194, 47.93398046008467], [-122.1349270273495, 47.93396631310783], [-122.134948641505, 47.933952166131], [-122.13491433964317, 47.933948050490166], [-122.13488003778134, 47.93394393484933], [-122.1348457359195, 47.933939819208504], [-122.13481143405767, 47.93393570356767], [-122.13477713219584, 47.933931587926836], [-122.134742830334, 47.933927472286], [-122.13477078834268, 47.93392245661817], [-122.13479874635134, 47.93391744095033], [-122.13482670436, 47.9339124252825], [-122.13485466236867, 47.93390740961467], [-122.13488262037734, 47.93390239394683], [-122.134910578386, 47.933897378279], [-122.13480230174784, 47.93379017826366], [-122.13469402510967, 47.933682978248335], [-122.1345857484715, 47.933575778233], [-122.13447747183334, 47.93346857821766], [-122.13436919519518, 47.933361378202335], [-122.134260918557, 47.933254178187], [-122.13425093925417, 47.933238410377], [-122.13424095995134, 47.933222642567], [-122.13423098064851, 47.933206874757005], [-122.13422100134567, 47.933191106947], [-122.13421102204283, 47.933175339137], [-122.13420104274, 47.933159571327], [-122.134227592369, 47.93315261909134], [-122.134254141998, 47.933145666855665], [-122.134280691627, 47.93313871462], [-122.134307241256, 47.933131762384335], [-122.134333790885, 47.93312481014866], [-122.134360340514, 47.933117857913], [-122.13432467047316, 47.93310917514766], [-122.13428900043233, 47.93310049238233], [-122.13425333039149, 47.933091809617], [-122.13421766035066, 47.93308312685166], [-122.13418199030983, 47.93307444408633], [-122.134146320269, 47.933065761321], [-122.1341390239395, 47.93305325332017], [-122.13413172761, 47.93304074531933], [-122.1341244312805, 47.933028237318496], [-122.134117134951, 47.93301572931767], [-122.1341098386215, 47.93300322131684], [-122.13410319139123, 47.932991826058206]]}, "properties": {"type": "distribution", "layer": "distribution", "cableId": "ML-628-p2", "fiberCount": null, "footage": 628, "typeMethod": "UGN", "installMethod": "UGN", "cableSpec": null, "status": "designed", "progressPct": 0, "printRef": "PRNT/p2", "label": "ML-628-p2", "routeStreet": "Foster Slough Rd", "lengthM": 191.4}}, {"type": "Feature", "id": "cable-ML-739-p2-88", "geometry": {"type": "LineString", "coordinates": [[-122.13480870959647, 47.9339353766786], [-122.13477713219584, 47.933931587926836], [-122.134742830334, 47.933927472286], [-122.13477078834268, 47.93392245661817], [-122.13479874635134, 47.93391744095033], [-122.13482670436, 47.9339124252825], [-122.13485466236867, 47.93390740961467], [-122.13488262037734, 47.93390239394683], [-122.134910578386, 47.933897378279], [-122.13480230174784, 47.93379017826366], [-122.13469402510967, 47.933682978248335], [-122.1345857484715, 47.933575778233], [-122.13447747183334, 47.93346857821766], [-122.13436919519518, 47.933361378202335], [-122.134260918557, 47.933254178187], [-122.13425093925417, 47.933238410377], [-122.13424095995134, 47.933222642567], [-122.13423098064851, 47.933206874757005], [-122.13422100134567, 47.933191106947], [-122.13421102204283, 47.933175339137], [-122.13420104274, 47.933159571327], [-122.134227592369, 47.93315261909134], [-122.134254141998, 47.933145666855665], [-122.134280691627, 47.93313871462], [-122.134307241256, 47.933131762384335], [-122.134333790885, 47.93312481014866], [-122.134360340514, 47.933117857913], [-122.13432467047316, 47.93310917514766], [-122.13428900043233, 47.93310049238233], [-122.13425333039149, 47.933091809617], [-122.13421766035066, 47.93308312685166], [-122.13418199030983, 47.93307444408633], [-122.134146320269, 47.933065761321], [-122.1341390239395, 47.93305325332017], [-122.13413172761, 47.93304074531933], [-122.1341244312805, 47.933028237318496], [-122.134117134951, 47.93301572931767], [-122.1341098386215, 47.93300322131684], [-122.134102542292, 47.932990713316], [-122.1341257122925, 47.93297782056], [-122.134148882293, 47.932964927804], [-122.13417205229351, 47.932952035048004], [-122.134195222294, 47.932939142292], [-122.1342183922945, 47.932926249535996], [-122.134241562295, 47.93291335678], [-122.1341547462775, 47.9328019030375], [-122.13406793026, 47.932690449295], [-122.1339811142425, 47.932578995552504], [-122.133894298225, 47.93246754181], [-122.13388659869479, 47.93245765721172]]}, "properties": {"type": "distribution", "layer": "distribution", "cableId": "ML-739-p2", "fiberCount": null, "footage": 739, "typeMethod": "UGN", "installMethod": "UGN", "cableSpec": null, "status": "designed", "progressPct": 0, "printRef": "PRNT/p2", "label": "ML-739-p2", "routeStreet": "Foster Slough Rd", "lengthM": 225.2}}, {"type": "Feature", "id": "cable-ML-310-p2-89", "geometry": {"type": "LineString", "coordinates": [[-122.13476738000428, 47.933755603756104], [-122.13469402510967, 47.933682978248335], [-122.1345857484715, 47.933575778233], [-122.13447747183334, 47.93346857821766], [-122.13436919519518, 47.933361378202335], [-122.134260918557, 47.933254178187], [-122.13425093925417, 47.933238410377], [-122.13424095995134, 47.933222642567], [-122.13423098064851, 47.933206874757005], [-122.13422100134567, 47.933191106947], [-122.13421102204283, 47.933175339137], [-122.13420104274, 47.933159571327], [-122.134227592369, 47.93315261909134], [-122.134254141998, 47.933145666855665], [-122.134280691627, 47.93313871462], [-122.134307241256, 47.933131762384335], [-122.134333790885, 47.93312481014866], [-122.134360340514, 47.933117857913], [-122.13432467047316, 47.93310917514766]]}, "properties": {"type": "distribution", "layer": "distribution", "cableId": "ML-310-p2", "fiberCount": null, "footage": 310, "typeMethod": "UGN", "installMethod": "UGN", "cableSpec": null, "status": "designed", "progressPct": 0, "printRef": "PRNT/p2", "label": "ML-310-p2", "routeStreet": "Foster Slough Rd", "lengthM": 94.4}}, {"type": "Feature", "id": "cable-ML-1529-p2-90", "geometry": {"type": "LineString", "coordinates": [[-122.13448934649037, 47.933480334801885], [-122.13447747183334, 47.93346857821766], [-122.13436919519518, 47.933361378202335], [-122.134260918557, 47.933254178187], [-122.13425093925417, 47.933238410377], [-122.13424095995134, 47.933222642567], [-122.13423098064851, 47.933206874757005], [-122.13422100134567, 47.933191106947], [-122.13421102204283, 47.933175339137], [-122.13420104274, 47.933159571327], [-122.134227592369, 47.93315261909134], [-122.134254141998, 47.933145666855665], [-122.134280691627, 47.93313871462], [-122.134307241256, 47.933131762384335], [-122.134333790885, 47.93312481014866], [-122.134360340514, 47.933117857913], [-122.13432467047316, 47.93310917514766], [-122.13428900043233, 47.93310049238233], [-122.13425333039149, 47.933091809617], [-122.13421766035066, 47.93308312685166], [-122.13418199030983, 47.93307444408633], [-122.134146320269, 47.933065761321], [-122.1341390239395, 47.93305325332017], [-122.13413172761, 47.93304074531933], [-122.1341244312805, 47.933028237318496], [-122.134117134951, 47.93301572931767], [-122.1341098386215, 47.93300322131684], [-122.134102542292, 47.932990713316], [-122.1341257122925, 47.93297782056], [-122.134148882293, 47.932964927804], [-122.13417205229351, 47.932952035048004], [-122.134195222294, 47.932939142292], [-122.1342183922945, 47.932926249535996], [-122.134241562295, 47.93291335678], [-122.1341547462775, 47.9328019030375], [-122.13406793026, 47.932690449295], [-122.1339811142425, 47.932578995552504], [-122.133894298225, 47.93246754181], [-122.1338074822075, 47.9323560880675], [-122.13372066619, 47.932244634325], [-122.13374462279434, 47.93223229733217], [-122.13376857939866, 47.93221996033933], [-122.133792536003, 47.9322076233465], [-122.13381649260734, 47.93219528635367], [-122.13384044921166, 47.93218294936083], [-122.133864405816, 47.932170612368], [-122.133826382056, 47.93215424086083], [-122.133788358296, 47.93213786935367], [-122.13375033453599, 47.932121497846495], [-122.13371231077599, 47.93210512633933], [-122.13367428701599, 47.932088754832165], [-122.133636263256, 47.932072383325], [-122.13366334589483, 47.93206642599867], [-122.13369042853367, 47.93206046867233], [-122.1337175111725, 47.932054511345996], [-122.13374459381133, 47.932048554019666], [-122.13377167645017, 47.932042596693336], [-122.133798759089, 47.932036639367], [-122.13369557810417, 47.93189255562133], [-122.13359239711933, 47.931748471875665], [-122.1334892161345, 47.93160438813], [-122.13338603514967, 47.93146030438433], [-122.13328285416483, 47.931316220638664], [-122.13317967318, 47.931172136893], [-122.13320828926283, 47.931169152327996], [-122.13323690534567, 47.931166167762996], [-122.1332655214285, 47.931163183197995], [-122.13329413751133, 47.931160198633], [-122.13332275359417, 47.931157214068], [-122.133351369677, 47.931154229503], [-122.13331382151567, 47.93113986770133], [-122.13327627335434, 47.931125505899665], [-122.133238725193, 47.931111144098], [-122.13320117703167, 47.931096782296336], [-122.13316362887034, 47.93108242049467], [-122.133126080709, 47.931068058693], [-122.1330777122475, 47.930947130573166], [-122.133029343786, 47.93082620245333], [-122.1329809753245, 47.930705274333505], [-122.132932606863, 47.93058434621367], [-122.1328842384015, 47.93046341809384], [-122.13283586994, 47.930342489974], [-122.13283854291834, 47.9303260985915], [-122.13283998848695, 47.93031723399733]]}, "properties": {"type": "feeder", "layer": "feeder", "cableId": "ML-1529-p2", "fiberCount": null, "footage": 1529, "typeMethod": "UGN", "installMethod": "UGN", "cableSpec": null, "status": "designed", "progressPct": 0, "printRef": "PRNT/p2", "label": "ML-1529-p2", "routeStreet": "Foster Slough Rd", "lengthM": 450.0}}, {"type": "Feature", "id": "cable-ML-733-p2-91", "geometry": {"type": "LineString", "coordinates": [[-122.13422636581396, 47.93319958308188], [-122.13422100134567, 47.933191106947], [-122.13421102204283, 47.933175339137], [-122.13420104274, 47.933159571327], [-122.134227592369, 47.93315261909134], [-122.134254141998, 47.933145666855665], [-122.134280691627, 47.93313871462], [-122.134307241256, 47.933131762384335], [-122.134333790885, 47.93312481014866], [-122.134360340514, 47.933117857913], [-122.13432467047316, 47.93310917514766], [-122.13428900043233, 47.93310049238233], [-122.13425333039149, 47.933091809617], [-122.13421766035066, 47.93308312685166], [-122.13418199030983, 47.93307444408633], [-122.134146320269, 47.933065761321], [-122.1341390239395, 47.93305325332017], [-122.13413172761, 47.93304074531933], [-122.1341244312805, 47.933028237318496], [-122.134117134951, 47.93301572931767], [-122.1341098386215, 47.93300322131684], [-122.134102542292, 47.932990713316], [-122.1341257122925, 47.93297782056], [-122.134148882293, 47.932964927804], [-122.13417205229351, 47.932952035048004], [-122.134195222294, 47.932939142292], [-122.1342183922945, 47.932926249535996], [-122.134241562295, 47.93291335678], [-122.1341547462775, 47.9328019030375], [-122.13406793026, 47.932690449295], [-122.1339811142425, 47.932578995552504], [-122.133894298225, 47.93246754181], [-122.1338074822075, 47.9323560880675], [-122.13372066619, 47.932244634325], [-122.13374462279434, 47.93223229733217], [-122.13376857939866, 47.93221996033933], [-122.133792536003, 47.9322076233465], [-122.13381649260734, 47.93219528635367], [-122.13384044921166, 47.93218294936083], [-122.133864405816, 47.932170612368], [-122.133826382056, 47.93215424086083], [-122.133788358296, 47.93213786935367], [-122.13375033453599, 47.932121497846495], [-122.13371231077599, 47.93210512633933], [-122.13367428701599, 47.932088754832165], [-122.133636263256, 47.932072383325], [-122.13366334589483, 47.93206642599867], [-122.13369042853367, 47.93206046867233], [-122.1337175111725, 47.932054511345996], [-122.13374459381133, 47.932048554019666], [-122.13377167645017, 47.932042596693336], [-122.133798759089, 47.932036639367], [-122.13369557810417, 47.93189255562133], [-122.13359239711933, 47.931748471875665]]}, "properties": {"type": "distribution", "layer": "distribution", "cableId": "ML-733-p2", "fiberCount": null, "footage": 733, "typeMethod": "UGN", "installMethod": "UGN", "cableSpec": null, "status": "designed", "progressPct": 0, "printRef": "PRNT/p2", "label": "ML-733-p2", "routeStreet": "Foster Slough Rd", "lengthM": 223.1}}, {"type": "Feature", "id": "cable-ML-574-p2-92", "geometry": {"type": "LineString", "coordinates": [[-122.13413449769602, 47.93304549404104], [-122.13413172761, 47.93304074531933], [-122.1341244312805, 47.933028237318496], [-122.134117134951, 47.93301572931767], [-122.1341098386215, 47.93300322131684], [-122.134102542292, 47.932990713316], [-122.1341257122925, 47.93297782056], [-122.134148882293, 47.932964927804], [-122.13417205229351, 47.932952035048004], [-122.134195222294, 47.932939142292], [-122.1342183922945, 47.932926249535996], [-122.134241562295, 47.93291335678], [-122.1341547462775, 47.9328019030375], [-122.13406793026, 47.932690449295], [-122.1339811142425, 47.932578995552504], [-122.133894298225, 47.93246754181], [-122.1338074822075, 47.9323560880675], [-122.13372066619, 47.932244634325], [-122.13374462279434, 47.93223229733217], [-122.13376857939866, 47.93221996033933], [-122.133792536003, 47.9322076233465], [-122.13381649260734, 47.93219528635367], [-122.13384044921166, 47.93218294936083], [-122.133864405816, 47.932170612368], [-122.133826382056, 47.93215424086083], [-122.133788358296, 47.93213786935367], [-122.13375033453599, 47.932121497846495], [-122.13371231077599, 47.93210512633933], [-122.13367428701599, 47.932088754832165], [-122.133636263256, 47.932072383325], [-122.13366334589483, 47.93206642599867], [-122.13369042853367, 47.93206046867233], [-122.1337175111725, 47.932054511345996], [-122.13374459381133, 47.932048554019666], [-122.13377167645017, 47.932042596693336], [-122.133798759089, 47.932036639367], [-122.13369557810417, 47.93189255562133], [-122.13365692677638, 47.93183858222602]]}, "properties": {"type": "distribution", "layer": "distribution", "cableId": "ML-574-p2", "fiberCount": null, "footage": 574, "typeMethod": "UGN", "installMethod": "UGN", "cableSpec": null, "status": "designed", "progressPct": 0, "printRef": "PRNT/p2", "label": "ML-574-p2", "routeStreet": "Foster Slough Rd", "lengthM": 175.0}}, {"type": "Feature", "id": "cable-ML-168-p2-93", "geometry": {"type": "LineString", "coordinates": [[-122.13413626522205, 47.93277817719918], [-122.13406793026, 47.932690449295], [-122.1339811142425, 47.932578995552504], [-122.133894298225, 47.93246754181], [-122.13381861525615, 47.932370380590605]]}, "properties": {"type": "distribution", "layer": "distribution", "cableId": "ML-168-p2", "fiberCount": null, "footage": 168, "typeMethod": "UGN", "installMethod": "UGN", "cableSpec": null, "status": "designed", "progressPct": 0, "printRef": "PRNT/p2", "label": "ML-168-p2", "routeStreet": "Foster Slough Rd", "lengthM": 51.2}}, {"type": "Feature", "id": "cable-ML-170-p2-94", "geometry": {"type": "LineString", "coordinates": [[-122.13390674212542, 47.93248351719464], [-122.133894298225, 47.93246754181], [-122.1338074822075, 47.9323560880675], [-122.13372066619, 47.932244634325], [-122.13374462279434, 47.93223229733217], [-122.13376857939866, 47.93221996033933], [-122.133792536003, 47.9322076233465], [-122.13381649260734, 47.93219528635367], [-122.13384044921166, 47.93218294936083], [-122.133864405816, 47.932170612368], [-122.133826382056, 47.93215424086083], [-122.133788358296, 47.93213786935367], [-122.13377080939911, 47.93213031350198]]}, "properties": {"type": "distribution", "layer": "distribution", "cableId": "ML-170-p2", "fiberCount": null, "footage": 170, "typeMethod": "UGN", "installMethod": "UGN", "cableSpec": null, "status": "designed", "progressPct": 0, "printRef": "PRNT/p2", "label": "ML-170-p2", "routeStreet": "Foster Slough Rd", "lengthM": 51.8}}, {"type": "Feature", "id": "cable-ML-260-p2-95", "geometry": {"type": "LineString", "coordinates": [[-122.1337951186825, 47.932206293337536], [-122.13381649260734, 47.93219528635367], [-122.13384044921166, 47.93218294936083], [-122.133864405816, 47.932170612368], [-122.133826382056, 47.93215424086083], [-122.133788358296, 47.93213786935367], [-122.13375033453599, 47.932121497846495], [-122.13371231077599, 47.93210512633933], [-122.13367428701599, 47.932088754832165], [-122.133636263256, 47.932072383325], [-122.13366334589483, 47.93206642599867], [-122.13369042853367, 47.93206046867233], [-122.1337175111725, 47.932054511345996], [-122.13374459381133, 47.932048554019666], [-122.13377167645017, 47.932042596693336], [-122.133798759089, 47.932036639367], [-122.13369557810417, 47.93189255562133], [-122.13359239711933, 47.931748471875665], [-122.13356823006076, 47.93171472456916]]}, "properties": {"type": "distribution", "layer": "distribution", "cableId": "ML-260-p2", "fiberCount": null, "footage": 260, "typeMethod": "UGN", "installMethod": "UGN", "cableSpec": null, "status": "designed", "progressPct": 0, "printRef": "PRNT/p2", "label": "ML-260-p2", "routeStreet": "Foster Slough Rd", "lengthM": 79.2}}, {"type": "Feature", "id": "cable-ML-1763-p2-96", "geometry": {"type": "LineString", "coordinates": [[-122.13376690090091, 47.932043647163546], [-122.133798759089, 47.932036639367], [-122.13369557810417, 47.93189255562133], [-122.13359239711933, 47.931748471875665], [-122.1334892161345, 47.93160438813], [-122.13338603514967, 47.93146030438433], [-122.13328285416483, 47.931316220638664], [-122.13317967318, 47.931172136893], [-122.13320828926283, 47.931169152327996], [-122.13323690534567, 47.931166167762996], [-122.1332655214285, 47.931163183197995], [-122.13329413751133, 47.931160198633], [-122.13332275359417, 47.931157214068], [-122.133351369677, 47.931154229503], [-122.13331382151567, 47.93113986770133], [-122.13327627335434, 47.931125505899665], [-122.133238725193, 47.931111144098], [-122.13320117703167, 47.931096782296336], [-122.13316362887034, 47.93108242049467], [-122.133126080709, 47.931068058693], [-122.1330777122475, 47.930947130573166], [-122.133029343786, 47.93082620245333], [-122.1329809753245, 47.930705274333505], [-122.132932606863, 47.93058434621367], [-122.1328842384015, 47.93046341809384], [-122.13283586994, 47.930342489974], [-122.13283854291834, 47.9303260985915], [-122.13284121589666, 47.930309707209], [-122.13284388887499, 47.9302933158265], [-122.13284656185333, 47.930276924444], [-122.13284923483167, 47.9302605330615], [-122.13285190781, 47.930244141679], [-122.13288179961482, 47.930241951096164], [-122.13291169141966, 47.93023976051333], [-122.1329415832245, 47.9302375699305], [-122.13297147502932, 47.930235379347664], [-122.13300136683416, 47.93023318876483], [-122.133031258639, 47.930230998182], [-122.133101374185, 47.93008777452083], [-122.133171489731, 47.929944550859666], [-122.133241605277, 47.9298013271985], [-122.133311720823, 47.92965810353733], [-122.13338183636901, 47.929514879876166], [-122.133451951915, 47.929371656215], [-122.13346112772834, 47.929220718113996], [-122.13347030354167, 47.929069780012995], [-122.133479479355, 47.928918841911994], [-122.13348865516834, 47.928767903811], [-122.13349783098167, 47.92861696571], [-122.13350634248738, 47.92847695517765]]}, "properties": {"type": "feeder", "layer": "feeder", "cableId": "ML-1763-p2", "fiberCount": null, "footage": 1763, "typeMethod": "AER", "installMethod": "AER", "cableSpec": null, "status": "designed", "progressPct": 0, "printRef": "PRNT/p2", "label": "ML-1763-p2", "routeStreet": "Foster Slough Rd", "lengthM": 450.0}}, {"type": "Feature", "id": "cable-ML-1763-p2-97", "geometry": {"type": "LineString", "coordinates": [[-122.13359866792936, 47.931757228545315], [-122.13359239711933, 47.931748471875665], [-122.1334892161345, 47.93160438813], [-122.13338603514967, 47.93146030438433], [-122.13328285416483, 47.931316220638664], [-122.13317967318, 47.931172136893], [-122.13320828926283, 47.931169152327996], [-122.13323690534567, 47.931166167762996], [-122.1332655214285, 47.931163183197995], [-122.13329413751133, 47.931160198633], [-122.13332275359417, 47.931157214068], [-122.133351369677, 47.931154229503], [-122.13331382151567, 47.93113986770133], [-122.13327627335434, 47.931125505899665], [-122.133238725193, 47.931111144098], [-122.13320117703167, 47.931096782296336], [-122.13316362887034, 47.93108242049467], [-122.133126080709, 47.931068058693], [-122.1330777122475, 47.930947130573166], [-122.133029343786, 47.93082620245333], [-122.1329809753245, 47.930705274333505], [-122.132932606863, 47.93058434621367], [-122.1328842384015, 47.93046341809384], [-122.13283586994, 47.930342489974], [-122.13283854291834, 47.9303260985915], [-122.13284121589666, 47.930309707209], [-122.13284388887499, 47.9302933158265], [-122.13284656185333, 47.930276924444], [-122.13284923483167, 47.9302605330615], [-122.13285190781, 47.930244141679], [-122.13288179961482, 47.930241951096164], [-122.13291169141966, 47.93023976051333], [-122.1329415832245, 47.9302375699305], [-122.13297147502932, 47.930235379347664], [-122.13300136683416, 47.93023318876483], [-122.133031258639, 47.930230998182], [-122.133101374185, 47.93008777452083], [-122.133171489731, 47.929944550859666], [-122.133241605277, 47.9298013271985], [-122.133311720823, 47.92965810353733], [-122.13338183636901, 47.929514879876166], [-122.133451951915, 47.929371656215], [-122.13346112772834, 47.929220718113996], [-122.13347030354167, 47.929069780012995], [-122.133479479355, 47.928918841911994], [-122.13348865516834, 47.928767903811], [-122.13349783098167, 47.92861696571], [-122.133507006795, 47.928466027609], [-122.133507385126, 47.92844156259066], [-122.133507763457, 47.92841709757233], [-122.133508141788, 47.928392632553994], [-122.133508520119, 47.928368167535666], [-122.13350889845, 47.92834370251733], [-122.133509276781, 47.928319237499], [-122.13351065642867, 47.928175601534164], [-122.13351095419785, 47.92814460060206]]}, "properties": {"type": "feeder", "layer": "feeder", "cableId": "ML-1763-p2", "fiberCount": null, "footage": 1763, "typeMethod": "AER", "installMethod": "AER", "cableSpec": null, "status": "designed", "progressPct": 0, "printRef": "PRNT/p2", "label": "ML-1763-p2", "routeStreet": "Foster Slough Rd", "lengthM": 450.0}}, {"type": "Feature", "id": "cable-ML-113-p2-98", "geometry": {"type": "LineString", "coordinates": [[-122.13338407175151, 47.93145756266053], [-122.13328285416483, 47.931316220638664], [-122.13318430960018, 47.93117861127187]]}, "properties": {"type": "distribution", "layer": "distribution", "cableId": "ML-113-p2", "fiberCount": null, "footage": 113, "typeMethod": "UGN", "installMethod": "UGN", "cableSpec": null, "status": "designed", "progressPct": 0, "printRef": "PRNT/p2", "label": "ML-113-p2", "routeStreet": "Foster Slough Rd", "lengthM": 34.4}}, {"type": "Feature", "id": "cable-ML-234-p2-99", "geometry": {"type": "LineString", "coordinates": [[-122.1332029651958, 47.93116970761099], [-122.13323690534567, 47.931166167762996], [-122.1332655214285, 47.931163183197995], [-122.13329413751133, 47.931160198633], [-122.13332275359417, 47.931157214068], [-122.133351369677, 47.931154229503], [-122.13331382151567, 47.93113986770133], [-122.13327627335434, 47.931125505899665], [-122.133238725193, 47.931111144098], [-122.13320117703167, 47.931096782296336], [-122.13316362887034, 47.93108242049467], [-122.133126080709, 47.931068058693], [-122.1330777122475, 47.930947130573166], [-122.133029343786, 47.93082620245333], [-122.13298457875419, 47.93071428342668]]}, "properties": {"type": "distribution", "layer": "distribution", "cableId": "ML-234-p2", "fiberCount": null, "footage": 234, "typeMethod": "UGN", "installMethod": "UGN", "cableSpec": null, "status": "designed", "progressPct": 0, "printRef": "PRNT/p2", "label": "ML-234-p2", "routeStreet": "Foster Slough Rd", "lengthM": 71.3}}, {"type": "Feature", "id": "cable-ML-202-p2-100", "geometry": {"type": "LineString", "coordinates": [[-122.13310369975142, 47.9310121030757], [-122.1330777122475, 47.930947130573166], [-122.133029343786, 47.93082620245333], [-122.1329809753245, 47.930705274333505], [-122.132932606863, 47.93058434621367], [-122.1328900183055, 47.93047786868626]]}, "properties": {"type": "distribution", "layer": "distribution", "cableId": "ML-202-p2", "fiberCount": null, "footage": 202, "typeMethod": "UGN", "installMethod": "UGN", "cableSpec": null, "status": "designed", "progressPct": 0, "printRef": "PRNT/p2", "label": "ML-202-p2", "routeStreet": "Foster Slough Rd", "lengthM": 61.6}}, {"type": "Feature", "id": "cable-ML-139-p2-101", "geometry": {"type": "LineString", "coordinates": [[-122.13297528874006, 47.930691057053416], [-122.132932606863, 47.93058434621367], [-122.1328842384015, 47.93046341809384], [-122.13283586994, 47.930342489974], [-122.13283854291834, 47.9303260985915]]}, "properties": {"type": "distribution", "layer": "distribution", "cableId": "ML-139-p2", "fiberCount": null, "footage": 139, "typeMethod": "UGN", "installMethod": "UGN", "cableSpec": null, "status": "designed", "progressPct": 0, "printRef": "PRNT/p2", "label": "ML-139-p2", "routeStreet": "Foster Slough Rd", "lengthM": 42.0}}, {"type": "Feature", "id": "cable-ML-189-p2-102", "geometry": {"type": "LineString", "coordinates": [[-122.13284687778294, 47.93037001116674], [-122.13283586994, 47.930342489974], [-122.13283854291834, 47.9303260985915], [-122.13284121589666, 47.930309707209], [-122.13284388887499, 47.9302933158265], [-122.13284656185333, 47.930276924444], [-122.13284923483167, 47.9302605330615], [-122.13285190781, 47.930244141679], [-122.13288179961482, 47.930241951096164], [-122.13291169141966, 47.93023976051333], [-122.1329415832245, 47.9302375699305], [-122.13297147502932, 47.930235379347664], [-122.13300136683416, 47.93023318876483], [-122.133031258639, 47.930230998182], [-122.133101374185, 47.93008777452083], [-122.13315647132468, 47.92997522866595]]}, "properties": {"type": "distribution", "layer": "distribution", "cableId": "ML-189-p2", "fiberCount": null, "footage": 189, "typeMethod": "UGN", "installMethod": "UGN", "cableSpec": null, "status": "designed", "progressPct": 0, "printRef": "PRNT/p2", "label": "ML-189-p2", "routeStreet": "Foster Slough Rd", "lengthM": 57.6}}, {"type": "Feature", "id": "cable-ML-337-p2-103", "geometry": {"type": "LineString", "coordinates": [[-122.13307036112184, 47.93015112430135], [-122.133101374185, 47.93008777452083], [-122.133171489731, 47.929944550859666], [-122.133241605277, 47.9298013271985], [-122.133311720823, 47.92965810353733], [-122.13338183636901, 47.929514879876166], [-122.133451951915, 47.929371656215], [-122.13345817138102, 47.929269348729385]]}, "properties": {"type": "distribution", "layer": "distribution", "cableId": "ML-337-p2", "fiberCount": null, "footage": 337, "typeMethod": "UGN", "installMethod": "UGN", "cableSpec": null, "status": "designed", "progressPct": 0, "printRef": "PRNT/p2", "label": "ML-337-p2", "routeStreet": "Foster Slough Rd", "lengthM": 102.7}}, {"type": "Feature", "id": "cable-ML-121-p2-104", "geometry": {"type": "LineString", "coordinates": [[-122.13322497101895, 47.92983530567365], [-122.133241605277, 47.9298013271985], [-122.133311720823, 47.92965810353733], [-122.13337908273095, 47.929520504679026]]}, "properties": {"type": "distribution", "layer": "distribution", "cableId": "ML-121-p2", "fiberCount": null, "footage": 121, "typeMethod": "UGN", "installMethod": "UGN", "cableSpec": null, "status": "designed", "progressPct": 0, "printRef": "PRNT/p2", "label": "ML-121-p2", "routeStreet": "Foster Slough Rd", "lengthM": 36.9}}, {"type": "Feature", "id": "cable-ML-362-p2-105", "geometry": {"type": "LineString", "coordinates": [[-122.13337958082516, 47.92951948723169], [-122.13338183636901, 47.929514879876166], [-122.133451951915, 47.929371656215], [-122.13346112772834, 47.929220718113996], [-122.13347030354167, 47.929069780012995], [-122.133479479355, 47.928918841911994], [-122.13348865516834, 47.928767903811], [-122.13349783098167, 47.92861696571], [-122.13350270716283, 47.928536754670446]]}, "properties": {"type": "distribution", "layer": "distribution", "cableId": "ML-362-p2", "fiberCount": null, "footage": 362, "typeMethod": "UGN", "installMethod": "UGN", "cableSpec": null, "status": "designed", "progressPct": 0, "printRef": "PRNT/p2", "label": "ML-362-p2", "routeStreet": "Foster Slough Rd", "lengthM": 110.3}}, {"type": "Feature", "id": "cable-BORE-32-p2-106", "geometry": {"type": "LineString", "coordinates": [[-122.13343769065527, 47.929220008652194], [-122.1334430126867, 47.92913246357171]]}, "properties": {"type": "bore", "layer": "bore", "cableId": "BORE-32-p2", "fiberCount": null, "footage": 32, "typeMethod": "UGN", "installMethod": "DIR_BORE", "cableSpec": null, "status": "designed", "progressPct": 0, "printRef": "p2", "label": "BORE-32-p2", "routeStreet": "Foster Slough Rd", "lengthM": 9.8}}, {"type": "Feature", "id": "cable-BORE-31-p2-107", "geometry": {"type": "LineString", "coordinates": [[-122.13345787962774, 47.92888790891821], [-122.13346303534564, 47.928803099622314]]}, "properties": {"type": "bore", "layer": "bore", "cableId": "BORE-31-p2", "fiberCount": null, "footage": 31, "typeMethod": "UGN", "installMethod": "DIR_BORE", "cableSpec": null, "status": "designed", "progressPct": 0, "printRef": "p2", "label": "BORE-31-p2", "routeStreet": "Foster Slough Rd", "lengthM": 9.4}}, {"type": "Feature", "id": "cable-BORE-32-p2-108", "geometry": {"type": "LineString", "coordinates": [[-122.13347806860001, 47.92855580918773], [-122.133482006795, 47.928491027609], [-122.13348235908646, 47.92846824645443]]}, "properties": {"type": "bore", "layer": "bore", "cableId": "BORE-32-p2", "fiberCount": null, "footage": 32, "typeMethod": "UGN", "installMethod": "DIR_BORE", "cableSpec": null, "status": "designed", "progressPct": 0, "printRef": "p2", "label": "BORE-32-p2", "routeStreet": "Foster Slough Rd", "lengthM": 9.8}}, {"type": "Feature", "id": "cable-BORE-56-p2-109", "geometry": {"type": "LineString", "coordinates": [[-122.13348543650275, 47.92822349815628], [-122.13348565642868, 47.928200601534165], [-122.13348690924177, 47.928070170394044]]}, "properties": {"type": "bore", "layer": "bore", "cableId": "BORE-56-p2", "fiberCount": null, "footage": 56, "typeMethod": "UGN", "installMethod": "DIR_BORE", "cableSpec": null, "status": "designed", "progressPct": 0, "printRef": "p2", "label": "BORE-56-p2", "routeStreet": "Foster Slough Rd", "lengthM": 17.1}}, {"type": "Feature", "id": "cable-BORE-29-p2-110", "geometry": {"type": "LineString", "coordinates": [[-122.13348862895586, 47.92789112990531], [-122.13348939162428, 47.92781172802846]]}, "properties": {"type": "bore", "layer": "bore", "cableId": "BORE-29-p2", "fiberCount": null, "footage": 29, "typeMethod": "UGN", "installMethod": "DIR_BORE", "cableSpec": null, "status": "designed", "progressPct": 0, "printRef": "p2", "label": "BORE-29-p2", "routeStreet": "Foster Slough Rd", "lengthM": 8.8}}, {"type": "Feature", "id": "cable-BORE-31-p2-111", "geometry": {"type": "LineString", "coordinates": [[-122.13349182140895, 47.92755876165443], [-122.133492554667, 47.92748242171], [-122.13349484595629, 47.92747402278553]]}, "properties": {"type": "bore", "layer": "bore", "cableId": "BORE-31-p2", "fiberCount": null, "footage": 31, "typeMethod": "UGN", "installMethod": "DIR_BORE", "cableSpec": null, "status": "designed", "progressPct": 0, "printRef": "p2", "label": "BORE-31-p2", "routeStreet": "Foster Slough Rd", "lengthM": 9.4}}, {"type": "Feature", "id": "cable-BORE-29-p2-112", "geometry": {"type": "LineString", "coordinates": [[-122.13356126398013, 47.92723056161791], [-122.133578184714, 47.9271685371645], [-122.13358257274858, 47.927152452433845]]}, "properties": {"type": "bore", "layer": "bore", "cableId": "BORE-29-p2", "fiberCount": null, "footage": 29, "typeMethod": "UGN", "installMethod": "DIR_BORE", "cableSpec": null, "status": "designed", "progressPct": 0, "printRef": "p2", "label": "BORE-29-p2", "routeStreet": "Foster Slough Rd", "lengthM": 8.8}}, {"type": "Feature", "id": "cable-BORE-45-p2-114", "geometry": {"type": "LineString", "coordinates": [[-122.13350117931735, 47.926597862059936], [-122.1335261669135, 47.92649564051317], [-122.13353090193284, 47.92647627006237]]}, "properties": {"type": "bore", "layer": "bore", "cableId": "BORE-45-p2", "fiberCount": null, "footage": 45, "typeMethod": "UGN", "installMethod": "DIR_BORE", "cableSpec": null, "status": "designed", "progressPct": 0, "printRef": "p2", "label": "BORE-45-p2", "routeStreet": "Foster Slough Rd", "lengthM": 13.7}}, {"type": "Feature", "id": "cable-BORE-50-p2-115", "geometry": {"type": "LineString", "coordinates": [[-122.13358135843049, 47.92626985800092], [-122.13358671493651, 47.9262479451155], [-122.13361438355328, 47.92613475580405]]}, "properties": {"type": "bore", "layer": "bore", "cableId": "BORE-50-p2", "fiberCount": null, "footage": 50, "typeMethod": "UGN", "installMethod": "DIR_BORE", "cableSpec": null, "status": "designed", "progressPct": 0, "printRef": "p2", "label": "BORE-50-p2", "routeStreet": "Foster Slough Rd", "lengthM": 15.2}}, {"type": "Feature", "id": "cable-BORE-27-p2-116", "geometry": {"type": "LineString", "coordinates": [[-122.13366153753022, 47.925941853996655], [-122.133677536971, 47.925876402019], [-122.13367765765159, 47.925868799258595]]}, "properties": {"type": "bore", "layer": "bore", "cableId": "BORE-27-p2", "fiberCount": null, "footage": 27, "typeMethod": "UGN", "installMethod": "DIR_BORE", "cableSpec": null, "status": "designed", "progressPct": 0, "printRef": "p2", "label": "BORE-27-p2", "routeStreet": "Foster Slough Rd", "lengthM": 8.2}}, {"type": "Feature", "id": "cable-BORE-31-p2-119", "geometry": {"type": "LineString", "coordinates": [[-122.13369140942017, 47.92502149882395], [-122.13366479207684, 47.92497735632617], [-122.13364395556506, 47.924942800823636]]}, "properties": {"type": "bore", "layer": "bore", "cableId": "BORE-31-p2", "fiberCount": null, "footage": 31, "typeMethod": "UGN", "installMethod": "DIR_BORE", "cableSpec": null, "status": "designed", "progressPct": 0, "printRef": "p2", "label": "BORE-31-p2", "routeStreet": "Foster Slough Rd", "lengthM": 9.4}}, {"type": "Feature", "id": "cable-ML-360-p3-120", "geometry": {"type": "LineString", "coordinates": [[-122.13355310965166, 47.924685502050686], [-122.1335535237105, 47.9246650063795], [-122.13355392352534, 47.92464521577867], [-122.13355432334016, 47.92462542517783], [-122.133554723155, 47.924605634577], [-122.13358511381183, 47.92451219698167], [-122.13361550446866, 47.924418759386334], [-122.13364589512551, 47.924325321791], [-122.13367628578234, 47.92423188419566], [-122.13370667643917, 47.92413844660033], [-122.133737067096, 47.924045009005], [-122.13371098283051, 47.923943151203666], [-122.13368489856501, 47.92384129340233], [-122.13365881429951, 47.923739435601], [-122.13365326239266, 47.92371775567199]]}, "properties": {"type": "distribution", "layer": "distribution", "cableId": "ML-360-p3", "fiberCount": null, "footage": 360, "typeMethod": "AER", "installMethod": "AER", "cableSpec": null, "status": "designed", "progressPct": 0, "printRef": "PRNT/p3", "label": "ML-360-p3", "routeStreet": "Foster Slough Rd", "lengthM": 109.7}}, {"type": "Feature", "id": "cable-BORE-78-p3-121", "geometry": {"type": "LineString", "coordinates": [[-122.13360996531276, 47.924383926047305], [-122.13362089512552, 47.924350321791], [-122.13365128578235, 47.924256884195664], [-122.13367783516598, 47.924175256787024]]}, "properties": {"type": "bore", "layer": "bore", "cableId": "BORE-78-p3", "fiberCount": null, "footage": 78, "typeMethod": "UGN", "installMethod": "DIR_BORE", "cableSpec": null, "status": "designed", "progressPct": 0, "printRef": "p3", "label": "BORE-78-p3", "routeStreet": "Foster Slough Rd", "lengthM": 23.8}}, {"type": "Feature", "id": "cable-ML-1178-p5-122", "geometry": {"type": "LineString", "coordinates": [[-122.14094402704411, 47.94163261049114], [-122.141583931773, 47.94236453087952], [-122.142493134515, 47.94340447322406], [-122.14337736180627, 47.944415848751106]]}, "properties": {"type": "feeder", "layer": "feeder", "cableId": "ML-1178-p5", "fiberCount": null, "footage": 1178, "typeMethod": "AER", "installMethod": "AER", "cableSpec": null, "status": "designed", "progressPct": 0, "printRef": "PRNT/p5", "label": "ML-1178-p5", "routeStreet": "Foster Slough Rd", "lengthM": 359.1}}, {"type": "Feature", "id": "cable-ML-307-p5-123", "geometry": {"type": "LineString", "coordinates": [[-122.13365037838926, 47.92370649377752], [-122.133632730034, 47.92363757779967], [-122.1336066457685, 47.923535719998334], [-122.133580561503, 47.923433862197], [-122.13348551472733, 47.92306270911269], [-122.13343821917674, 47.922878022263994]]}, "properties": {"type": "distribution", "layer": "distribution", "cableId": "ML-307-p5", "fiberCount": null, "footage": 307, "typeMethod": "AER", "installMethod": "AER", "cableSpec": null, "status": "designed", "progressPct": 0, "printRef": "PRNT/p5", "label": "ML-307-p5", "routeStreet": "Foster Slough Rd", "lengthM": 93.6}}, {"type": "Feature", "id": "cable-ML-84-p5-124", "geometry": {"type": "LineString", "coordinates": [[-122.13356648836114, 47.923378907255426], [-122.13350843828424, 47.923152224499106]]}, "properties": {"type": "distribution", "layer": "distribution", "cableId": "ML-84-p5", "fiberCount": null, "footage": 84, "typeMethod": "UGN", "installMethod": "UGN", "cableSpec": null, "status": "designed", "progressPct": 0, "printRef": "PRNT/p5", "label": "ML-84-p5", "routeStreet": "Foster Slough Rd", "lengthM": 25.6}}, {"type": "Feature", "id": "cable-ML-337-p5-125", "geometry": {"type": "LineString", "coordinates": [[-122.13355820904286, 47.92334657691599], [-122.13348551472733, 47.92306270911269], [-122.13339046795167, 47.92269155602838], [-122.13332531770915, 47.92243714746708]]}, "properties": {"type": "distribution", "layer": "distribution", "cableId": "ML-337-p5", "fiberCount": null, "footage": 337, "typeMethod": "UGN", "installMethod": "UGN", "cableSpec": null, "status": "designed", "progressPct": 0, "printRef": "PRNT/p5", "label": "ML-337-p5", "routeStreet": "Foster Slough Rd", "lengthM": 102.7}}, {"type": "Feature", "id": "cable-ML-3314-p5-126", "geometry": {"type": "LineString", "coordinates": [[-122.14256337298129, 47.943484811691974], [-122.14340233725699, 47.94444441556858], [-122.14431153999897, 47.94548435791311], [-122.14522074274096, 47.94652430025764], [-122.14561308608192, 47.94697306095206]]}, "properties": {"type": "feeder", "layer": "feeder", "cableId": "ML-3314-p5", "fiberCount": null, "footage": 3314, "typeMethod": "AER", "installMethod": "AER", "cableSpec": null, "status": "designed", "progressPct": 0, "printRef": "PRNT/p5", "label": "ML-3314-p5", "routeStreet": "Foster Slough Rd", "lengthM": 450.0}}, {"type": "Feature", "id": "cable-ML-323-p5-127", "geometry": {"type": "LineString", "coordinates": [[-122.13355820904286, 47.92334657691599], [-122.13348551472733, 47.92306270911269], [-122.13339046795167, 47.92269155602838], [-122.13333499271799, 47.922474927910955]]}, "properties": {"type": "distribution", "layer": "distribution", "cableId": "ML-323-p5", "fiberCount": null, "footage": 323, "typeMethod": "UGN", "installMethod": "UGN", "cableSpec": null, "status": "designed", "progressPct": 0, "printRef": "PRNT/p5", "label": "ML-323-p5", "routeStreet": "Foster Slough Rd", "lengthM": 98.5}}, {"type": "Feature", "id": "cable-ML-379-p5-128", "geometry": {"type": "LineString", "coordinates": [[-122.14079808243378, 47.94146567964807], [-122.14158095905579, 47.94236113069783]]}, "properties": {"type": "distribution", "layer": "distribution", "cableId": "ML-379-p5", "fiberCount": null, "footage": 379, "typeMethod": "UGN", "installMethod": "UGN", "cableSpec": null, "status": "designed", "progressPct": 0, "printRef": "PRNT/p5", "label": "ML-379-p5", "routeStreet": "Foster Slough Rd", "lengthM": 115.5}}, {"type": "Feature", "id": "cable-ML-139-p5-129", "geometry": {"type": "LineString", "coordinates": [[-122.13355820904286, 47.92334657691599], [-122.13348551472733, 47.92306270911269], [-122.13346214999181, 47.922971470945086]]}, "properties": {"type": "distribution", "layer": "distribution", "cableId": "ML-139-p5", "fiberCount": null, "footage": 139, "typeMethod": "UGN", "installMethod": "UGN", "cableSpec": null, "status": "designed", "progressPct": 0, "printRef": "PRNT/p5", "label": "ML-139-p5", "routeStreet": "Foster Slough Rd", "lengthM": 42.4}}, {"type": "Feature", "id": "cable-ML-189-p5-130", "geometry": {"type": "LineString", "coordinates": [[-122.14090711122807, 47.9415903863331], [-122.14129751672031, 47.94203693052414]]}, "properties": {"type": "distribution", "layer": "distribution", "cableId": "ML-189-p5", "fiberCount": null, "footage": 189, "typeMethod": "UGN", "installMethod": "UGN", "cableSpec": null, "status": "designed", "progressPct": 0, "printRef": "PRNT/p5", "label": "ML-189-p5", "routeStreet": "Foster Slough Rd", "lengthM": 57.6}}, {"type": "Feature", "id": "cable-ML-337-p5-131", "geometry": {"type": "LineString", "coordinates": [[-122.14146357554382, 47.942226867921235], [-122.141583931773, 47.94236453087952], [-122.14215969834802, 47.943023090312174]]}, "properties": {"type": "distribution", "layer": "distribution", "cableId": "ML-337-p5", "fiberCount": null, "footage": 337, "typeMethod": "UGN", "installMethod": "UGN", "cableSpec": null, "status": "designed", "progressPct": 0, "printRef": "PRNT/p5", "label": "ML-337-p5", "routeStreet": "Foster Slough Rd", "lengthM": 102.7}}, {"type": "Feature", "id": "cable-BORE-32-p5-132", "geometry": {"type": "LineString", "coordinates": [[-122.14105930606071, 47.94181806105148], [-122.14112540646151, 47.94189366641716]]}, "properties": {"type": "bore", "layer": "bore", "cableId": "BORE-32-p5", "fiberCount": null, "footage": 32, "typeMethod": "UGN", "installMethod": "DIR_BORE", "cableSpec": null, "status": "designed", "progressPct": 0, "printRef": "p5", "label": "BORE-32-p5", "routeStreet": "Foster Slough Rd", "lengthM": 9.8}}, {"type": "Feature", "id": "cable-BORE-56-p5-133", "geometry": {"type": "LineString", "coordinates": [[-122.14135963132335, 47.942161571847606], [-122.14147530702475, 47.942293881237546]]}, "properties": {"type": "bore", "layer": "bore", "cableId": "BORE-56-p5", "fiberCount": null, "footage": 56, "typeMethod": "UGN", "installMethod": "DIR_BORE", "cableSpec": null, "status": "designed", "progressPct": 0, "printRef": "p5", "label": "BORE-56-p5", "routeStreet": "Foster Slough Rd", "lengthM": 17.1}}, {"type": "Feature", "id": "cable-ML-117-p6-134", "geometry": {"type": "LineString", "coordinates": [[-122.15324326615077, 47.942301564425605], [-122.1531002252196, 47.942280693894396], [-122.1529438111448, 47.9422578721412], [-122.15278739707, 47.942235050388], [-122.1527757304571, 47.942235050386664]]}, "properties": {"type": "distribution", "layer": "distribution", "cableId": "ML-117-p6", "fiberCount": null, "footage": 117, "typeMethod": "UGN", "installMethod": "UGN", "cableSpec": null, "status": "designed", "progressPct": 0, "printRef": "PRNT/p6", "label": "ML-117-p6", "routeStreet": "60th St SE", "lengthM": 35.7}}, {"type": "Feature", "id": "cable-ML-137-p6-135", "geometry": {"type": "LineString", "coordinates": [[-122.15260851355147, 47.94226360584987], [-122.1525741687768, 47.9422808869204], [-122.1525286205032, 47.9423038051936], [-122.1524830722296, 47.9423267234668], [-122.152437523956, 47.94234964174], [-122.1523809521084, 47.9423496417338], [-122.1523243802608, 47.9423496417276], [-122.1522678084132, 47.9423496417214], [-122.15221123656559, 47.942349641715204], [-122.152154664718, 47.942349641709], [-122.152132035979, 47.9423496417066], [-122.15210940723999, 47.9423496417042], [-122.15209140451556, 47.94234964170229]]}, "properties": {"type": "distribution", "layer": "distribution", "cableId": "ML-137-p6", "fiberCount": null, "footage": 137, "typeMethod": "UGN", "installMethod": "UGN", "cableSpec": null, "status": "designed", "progressPct": 0, "printRef": "PRNT/p6", "label": "ML-137-p6", "routeStreet": "60th St SE", "lengthM": 41.8}}, {"type": "Feature", "id": "cable-ML-513-p6-136", "geometry": {"type": "LineString", "coordinates": [[-122.14911237545454, 47.942355147685355], [-122.148869823485, 47.942367641345], [-122.1473437618636, 47.9423680273184], [-122.14701626001002, 47.942368110150575]]}, "properties": {"type": "distribution", "layer": "distribution", "cableId": "ML-513-p6", "fiberCount": null, "footage": 513, "typeMethod": "UGN", "installMethod": "UGN", "cableSpec": null, "status": "designed", "progressPct": 0, "printRef": "PRNT/p6", "label": "ML-513-p6", "routeStreet": "60th St SE", "lengthM": 156.4}}, {"type": "Feature", "id": "cable-BORE-56-p6-137", "geometry": {"type": "LineString", "coordinates": [[-122.15229618876562, 47.942374641727255], [-122.1522428084132, 47.9423746417214], [-122.1521862365656, 47.942374641715205], [-122.152129664718, 47.942374641709], [-122.152107035979, 47.9423746417066], [-122.15208440724, 47.9423746417042], [-122.15206729494429, 47.942374641702386]]}, "properties": {"type": "bore", "layer": "bore", "cableId": "BORE-56-p6", "fiberCount": null, "footage": 56, "typeMethod": "UGN", "installMethod": "DIR_BORE", "cableSpec": null, "status": "designed", "progressPct": 0, "printRef": "p6", "label": "BORE-56-p6", "routeStreet": "60th St SE", "lengthM": 17.1}}, {"type": "Feature", "id": "cable-ML-360-p7-138", "geometry": {"type": "LineString", "coordinates": [[-122.14937001093092, 47.94234187708623], [-122.148869823485, 47.942367641345], [-122.14790002685719, 47.94236788662717]]}, "properties": {"type": "distribution", "layer": "distribution", "cableId": "ML-360-p7", "fiberCount": null, "footage": 360, "typeMethod": "UGN", "installMethod": "UGN", "cableSpec": null, "status": "designed", "progressPct": 0, "printRef": "PRNT/p7", "label": "ML-360-p7", "routeStreet": "60th St SE", "lengthM": 109.7}}, {"type": "Feature", "id": "cable-ML-202-p7-139", "geometry": {"type": "LineString", "coordinates": [[-122.15016311178753, 47.942301025089904], [-122.1498994732374, 47.9423146049026], [-122.1493846483612, 47.9423411231238], [-122.14933988963634, 47.942343428610236]]}, "properties": {"type": "distribution", "layer": "distribution", "cableId": "ML-202-p7", "fiberCount": null, "footage": 202, "typeMethod": "UGN", "installMethod": "UGN", "cableSpec": null, "status": "designed", "progressPct": 0, "printRef": "PRNT/p7", "label": "ML-202-p7", "routeStreet": "60th St SE", "lengthM": 61.6}}, {"type": "Feature", "id": "cable-ML-117-p8-140", "geometry": {"type": "LineString", "coordinates": [[-122.14326589755883, 47.94428835640485], [-122.14340233725699, 47.94444441556858], [-122.14350758017349, 47.94456479198221]]}, "properties": {"type": "distribution", "layer": "distribution", "cableId": "ML-117-p8", "fiberCount": null, "footage": 117, "typeMethod": "UGN", "installMethod": "UGN", "cableSpec": null, "status": "designed", "progressPct": 0, "printRef": "PRNT/p8", "label": "ML-117-p8", "routeStreet": "Foster Slough Rd", "lengthM": 35.7}}, {"type": "Feature", "id": "cable-ML-90-p8-141", "geometry": {"type": "LineString", "coordinates": [[-122.14346087761206, 47.94451137378515], [-122.14364678785489, 47.94472401715376]]}, "properties": {"type": "distribution", "layer": "distribution", "cableId": "ML-90-p8", "fiberCount": null, "footage": 90, "typeMethod": "UGN", "installMethod": "UGN", "cableSpec": null, "status": "designed", "progressPct": 0, "printRef": "PRNT/p8", "label": "ML-90-p8", "routeStreet": "Foster Slough Rd", "lengthM": 27.4}}, {"type": "Feature", "id": "cable-ML-628-p8-142", "geometry": {"type": "LineString", "coordinates": [[-122.14482296418517, 47.94606932278693], [-122.14522074274096, 47.94652430025764], [-122.14612021583315, 47.94755311386888]]}, "properties": {"type": "distribution", "layer": "distribution", "cableId": "ML-628-p8", "fiberCount": null, "footage": 628, "typeMethod": "UGN", "installMethod": "UGN", "cableSpec": null, "status": "designed", "progressPct": 0, "printRef": "PRNT/p8", "label": "ML-628-p8", "routeStreet": "Foster Slough Rd", "lengthM": 191.4}}, {"type": "Feature", "id": "cable-BORE-29-p8-143", "geometry": {"type": "LineString", "coordinates": [[-122.14381137943501, 47.94496587122075], [-122.1438712838466, 47.94503438963953]]}, "properties": {"type": "bore", "layer": "bore", "cableId": "BORE-29-p8", "fiberCount": null, "footage": 29, "typeMethod": "UGN", "installMethod": "DIR_BORE", "cableSpec": null, "status": "designed", "progressPct": 0, "printRef": "p8", "label": "BORE-29-p8", "routeStreet": "Foster Slough Rd", "lengthM": 8.8}}, {"type": "Feature", "id": "cable-ML-379-p9-144", "geometry": {"type": "LineString", "coordinates": [[-122.14623913007469, 47.942368306703244], [-122.1458177002422, 47.9423684132918], [-122.14469000893634, 47.942368698508886]]}, "properties": {"type": "distribution", "layer": "distribution", "cableId": "ML-379-p9", "fiberCount": null, "footage": 379, "typeMethod": "UGN", "installMethod": "UGN", "cableSpec": null, "status": "designed", "progressPct": 0, "printRef": "PRNT/p9", "label": "ML-379-p9", "routeStreet": "60th St SE", "lengthM": 115.5}}, {"type": "Feature", "id": "cable-ML-234-p9-145", "geometry": {"type": "LineString", "coordinates": [[-122.14692830064642, 47.94236813239737], [-122.14597185118889, 47.942368374303754]]}, "properties": {"type": "distribution", "layer": "distribution", "cableId": "ML-234-p9", "fiberCount": null, "footage": 234, "typeMethod": "UGN", "installMethod": "UGN", "cableSpec": null, "status": "designed", "progressPct": 0, "printRef": "PRNT/p9", "label": "ML-234-p9", "routeStreet": "60th St SE", "lengthM": 71.3}}, {"type": "Feature", "id": "cable-ML-739-p9-146", "geometry": {"type": "LineString", "coordinates": [[-122.14230386307622, 47.942369302015855], [-122.141239515378, 47.942369571212], [-122.1393222407366, 47.9423563969066], [-122.13928338419588, 47.94235612990889]]}, "properties": {"type": "distribution", "layer": "distribution", "cableId": "ML-739-p9", "fiberCount": null, "footage": 739, "typeMethod": "UGN", "installMethod": "UGN", "cableSpec": null, "status": "designed", "progressPct": 0, "printRef": "PRNT/p9", "label": "ML-739-p9", "routeStreet": "60th St SE", "lengthM": 225.2}}, {"type": "Feature", "id": "cable-ML-113-p9-147", "geometry": {"type": "LineString", "coordinates": [[-122.14692510368455, 47.942368133205946], [-122.14646322851917, 47.94236825002399]]}, "properties": {"type": "distribution", "layer": "distribution", "cableId": "ML-113-p9", "fiberCount": null, "footage": 113, "typeMethod": "UGN", "installMethod": "UGN", "cableSpec": null, "status": "designed", "progressPct": 0, "printRef": "PRNT/p9", "label": "ML-113-p9", "routeStreet": "60th St SE", "lengthM": 34.4}}, {"type": "Feature", "id": "cable-ML-364-p11-148", "geometry": {"type": "LineString", "coordinates": [[-122.1457821582484, 47.947166444998395], [-122.14612994548295, 47.94756424260217], [-122.14573622596906, 47.94709799558139]]}, "properties": {"type": "distribution", "layer": "distribution", "cableId": "ML-364-p11", "fiberCount": null, "footage": 364, "typeMethod": "UGN", "installMethod": "UGN", "cableSpec": null, "status": "designed", "progressPct": 0, "printRef": "PRNT/p11", "label": "ML-364-p11", "routeStreet": "Foster Slough Rd", "lengthM": 110.9}}, {"type": "Feature", "id": "cable-ML-87-p11-149", "geometry": {"type": "LineString", "coordinates": [[-122.14546071835828, 47.94679878337849], [-122.1456404334398, 47.94700434074714]]}, "properties": {"type": "distribution", "layer": "distribution", "cableId": "ML-87-p11", "fiberCount": null, "footage": 87, "typeMethod": "UGN", "installMethod": "UGN", "cableSpec": null, "status": "designed", "progressPct": 0, "printRef": "PRNT/p11", "label": "ML-87-p11", "routeStreet": "Foster Slough Rd", "lengthM": 26.5}}, {"type": "Feature", "id": "cable-ML-190-p11-150", "geometry": {"type": "LineString", "coordinates": [[-122.14592424089315, 47.947328958541185], [-122.14612994548295, 47.94756424260217], [-122.14594797763287, 47.94734875425327]]}, "properties": {"type": "distribution", "layer": "distribution", "cableId": "ML-190-p11", "fiberCount": null, "footage": 190, "typeMethod": "UGN", "installMethod": "UGN", "cableSpec": null, "status": "designed", "progressPct": 0, "printRef": "PRNT/p11", "label": "ML-190-p11", "routeStreet": "Foster Slough Rd", "lengthM": 57.9}}, {"type": "Feature", "id": "cable-ML-330-p11-151", "geometry": {"type": "LineString", "coordinates": [[-122.14580430258658, 47.94717861266788], [-122.14537681512263, 47.94667237726564], [-122.14514017623917, 47.94639214687187]]}, "properties": {"type": "distribution", "layer": "distribution", "cableId": "ML-330-p11", "fiberCount": null, "footage": 330, "typeMethod": "UGN", "installMethod": "UGN", "cableSpec": null, "status": "designed", "progressPct": 0, "printRef": "PRNT/p11", "label": "ML-330-p11", "routeStreet": "Foster Slough Rd", "lengthM": 100.6}}, {"type": "Feature", "id": "cable-ML-162-p11-152", "geometry": {"type": "LineString", "coordinates": [[-122.145898103376, 47.9472896926044], [-122.14557207722866, 47.94690360882007]]}, "properties": {"type": "distribution", "layer": "distribution", "cableId": "ML-162-p11", "fiberCount": null, "footage": 162, "typeMethod": "UGN", "installMethod": "UGN", "cableSpec": null, "status": "designed", "progressPct": 0, "printRef": "PRNT/p11", "label": "ML-162-p11", "routeStreet": "Foster Slough Rd", "lengthM": 49.4}}, {"type": "Feature", "id": "cable-ML-197-p11-153", "geometry": {"type": "LineString", "coordinates": [[-122.14558336522771, 47.9469169761939], [-122.14537681512263, 47.94667237726564], [-122.14518690212681, 47.946447480186926]]}, "properties": {"type": "distribution", "layer": "distribution", "cableId": "ML-197-p11", "fiberCount": null, "footage": 197, "typeMethod": "UGN", "installMethod": "UGN", "cableSpec": null, "status": "designed", "progressPct": 0, "printRef": "PRNT/p11", "label": "ML-197-p11", "routeStreet": "Foster Slough Rd", "lengthM": 60.0}}, {"type": "Feature", "id": "cable-ML-176-p13-154", "geometry": {"type": "LineString", "coordinates": [[-122.14538132747603, 47.94667772084464], [-122.14537681512263, 47.94667237726564], [-122.14502712769212, 47.94625827352699]]}, "properties": {"type": "distribution", "layer": "distribution", "cableId": "ML-176-p13", "fiberCount": null, "footage": 176, "typeMethod": "UGN", "installMethod": "UGN", "cableSpec": null, "status": "designed", "progressPct": 0, "printRef": "PRNT/p13", "label": "ML-176-p13", "routeStreet": "Foster Slough Rd", "lengthM": 53.6}}, {"type": "Feature", "id": "cable-ML-410-p13-155", "geometry": {"type": "LineString", "coordinates": [[-122.14466610339092, 47.94583074454019], [-122.14462368476231, 47.945780511929115], [-122.14387055440199, 47.94488864659259], [-122.14384098233558, 47.944853627023136]]}, "properties": {"type": "distribution", "layer": "distribution", "cableId": "ML-410-p13", "fiberCount": null, "footage": 410, "typeMethod": "UGN", "installMethod": "UGN", "cableSpec": null, "status": "designed", "progressPct": 0, "printRef": "PRNT/p13", "label": "ML-410-p13", "routeStreet": "Foster Slough Rd", "lengthM": 125.0}}, {"type": "Feature", "id": "cable-ML-196-p13-156", "geometry": {"type": "LineString", "coordinates": [[-122.1448524787266, 47.94605145228248], [-122.14462368476231, 47.945780511929115], [-122.1444580296811, 47.94558434134228]]}, "properties": {"type": "distribution", "layer": "distribution", "cableId": "ML-196-p13", "fiberCount": null, "footage": 196, "typeMethod": "UGN", "installMethod": "UGN", "cableSpec": null, "status": "designed", "progressPct": 0, "printRef": "PRNT/p13", "label": "ML-196-p13", "routeStreet": "Foster Slough Rd", "lengthM": 59.7}}, {"type": "Feature", "id": "cable-ML-94-p14-157", "geometry": {"type": "LineString", "coordinates": [[-122.1448134542118, 47.94600523901868], [-122.1446242793373, 47.94578121603141]]}, "properties": {"type": "distribution", "layer": "distribution", "cableId": "ML-94-p14", "fiberCount": null, "footage": 94, "typeMethod": "UGN", "installMethod": "UGN", "cableSpec": null, "status": "designed", "progressPct": 0, "printRef": "PRNT/p14", "label": "ML-94-p14", "routeStreet": "Foster Slough Rd", "lengthM": 28.7}}, {"type": "Feature", "id": "cable-ML-183-p14-158", "geometry": {"type": "LineString", "coordinates": [[-122.1443900434292, 47.94550383126775], [-122.14402175771384, 47.94506770323366]]}, "properties": {"type": "distribution", "layer": "distribution", "cableId": "ML-183-p14", "fiberCount": null, "footage": 183, "typeMethod": "UGN", "installMethod": "UGN", "cableSpec": null, "status": "designed", "progressPct": 0, "printRef": "PRNT/p14", "label": "ML-183-p14", "routeStreet": "Foster Slough Rd", "lengthM": 55.8}}, {"type": "Feature", "id": "cable-ML-357-p16-159", "geometry": {"type": "LineString", "coordinates": [[-122.14379557208282, 47.94479985169753], [-122.14311742404165, 47.943996781256054], [-122.14307711623785, 47.943949048307154]]}, "properties": {"type": "distribution", "layer": "distribution", "cableId": "ML-357-p16", "fiberCount": null, "footage": 357, "typeMethod": "UGN", "installMethod": "UGN", "cableSpec": null, "status": "designed", "progressPct": 0, "printRef": "PRNT/p16", "label": "ML-357-p16", "routeStreet": "Foster Slough Rd", "lengthM": 108.8}}, {"type": "Feature", "id": "cable-ML-174-p16-160", "geometry": {"type": "LineString", "coordinates": [[-122.14391955912771, 47.944946678533015], [-122.14387055440199, 47.94488864659259], [-122.14356938708421, 47.944532000910286]]}, "properties": {"type": "distribution", "layer": "distribution", "cableId": "ML-174-p16", "fiberCount": null, "footage": 174, "typeMethod": "UGN", "installMethod": "UGN", "cableSpec": null, "status": "designed", "progressPct": 0, "printRef": "PRNT/p16", "label": "ML-174-p16", "routeStreet": "Foster Slough Rd", "lengthM": 53.0}}, {"type": "Feature", "id": "cable-ML-172-p16-161", "geometry": {"type": "LineString", "coordinates": [[-122.14367928655132, 47.944662145079725], [-122.14333313967644, 47.94425223410638]]}, "properties": {"type": "distribution", "layer": "distribution", "cableId": "ML-172-p16", "fiberCount": null, "footage": 172, "typeMethod": "UGN", "installMethod": "UGN", "cableSpec": null, "status": "designed", "progressPct": 0, "printRef": "PRNT/p16", "label": "ML-172-p16", "routeStreet": "Foster Slough Rd", "lengthM": 52.4}}, {"type": "Feature", "id": "cable-ML-139-p17-162", "geometry": {"type": "LineString", "coordinates": [[-122.14350140111664, 47.94445149117248], [-122.14322166614217, 47.944120225909145]]}, "properties": {"type": "distribution", "layer": "distribution", "cableId": "ML-139-p17", "fiberCount": null, "footage": 139, "typeMethod": "UGN", "installMethod": "UGN", "cableSpec": null, "status": "designed", "progressPct": 0, "printRef": "PRNT/p17", "label": "ML-139-p17", "routeStreet": "Foster Slough Rd", "lengthM": 42.4}}, {"type": "Feature", "id": "cable-ML-189-p17-163", "geometry": {"type": "LineString", "coordinates": [[-122.14315647969, 47.944043031388574], [-122.14311742404165, 47.943996781256054], [-122.14277612205147, 47.94359260764899]]}, "properties": {"type": "distribution", "layer": "distribution", "cableId": "ML-189-p17", "fiberCount": null, "footage": 189, "typeMethod": "UGN", "installMethod": "UGN", "cableSpec": null, "status": "designed", "progressPct": 0, "printRef": "PRNT/p17", "label": "ML-189-p17", "routeStreet": "Foster Slough Rd", "lengthM": 57.6}}, {"type": "Feature", "id": "cable-ML-337-p17-164", "geometry": {"type": "LineString", "coordinates": [[-122.1426143371481, 47.943401020169716], [-122.14236429368133, 47.94310491591953], [-122.14193613539842, 47.94259788612604]]}, "properties": {"type": "distribution", "layer": "distribution", "cableId": "ML-337-p17", "fiberCount": null, "footage": 337, "typeMethod": "UGN", "installMethod": "UGN", "cableSpec": null, "status": "designed", "progressPct": 0, "printRef": "PRNT/p17", "label": "ML-337-p17", "routeStreet": "Foster Slough Rd", "lengthM": 102.7}}, {"type": "Feature", "id": "cable-ML-234-p18-165", "geometry": {"type": "LineString", "coordinates": [[-122.14257732559636, 47.94335719067913], [-122.14236429368133, 47.94310491591953], [-122.14210640789615, 47.942799524708796]]}, "properties": {"type": "distribution", "layer": "distribution", "cableId": "ML-234-p18", "fiberCount": null, "footage": 234, "typeMethod": "UGN", "installMethod": "UGN", "cableSpec": null, "status": "designed", "progressPct": 0, "printRef": "PRNT/p18", "label": "ML-234-p18", "routeStreet": "Foster Slough Rd", "lengthM": 71.3}}, {"type": "Feature", "id": "cable-ML-202-p18-166", "geometry": {"type": "LineString", "coordinates": [[-122.14239742843226, 47.94314415445957], [-122.14236429368133, 47.94310491591953], [-122.14199091036434, 47.94266275124898]]}, "properties": {"type": "distribution", "layer": "distribution", "cableId": "ML-202-p18", "fiberCount": null, "footage": 202, "typeMethod": "UGN", "installMethod": "UGN", "cableSpec": null, "status": "designed", "progressPct": 0, "printRef": "PRNT/p18", "label": "ML-202-p18", "routeStreet": "Foster Slough Rd", "lengthM": 61.6}}, {"type": "Feature", "id": "cable-ML-197-p19-167", "geometry": {"type": "LineString", "coordinates": [[-122.13631522674304, 47.9423357345978], [-122.13551005354007, 47.94233020195399]]}, "properties": {"type": "distribution", "layer": "distribution", "cableId": "ML-197-p19", "fiberCount": null, "footage": 197, "typeMethod": "UGN", "installMethod": "UGN", "cableSpec": null, "status": "designed", "progressPct": 0, "printRef": "PRNT/p19", "label": "ML-197-p19", "routeStreet": "60th St SE", "lengthM": 60.0}}, {"type": "Feature", "id": "cable-ML-149-p19-168", "geometry": {"type": "LineString", "coordinates": [[-122.13621144900658, 47.94233502150247], [-122.13560246013733, 47.942330836914]]}, "properties": {"type": "distribution", "layer": "distribution", "cableId": "ML-149-p19", "fiberCount": null, "footage": 149, "typeMethod": "UGN", "installMethod": "UGN", "cableSpec": null, "status": "designed", "progressPct": 0, "printRef": "PRNT/p19", "label": "ML-149-p19", "routeStreet": "60th St SE", "lengthM": 45.4}}, {"type": "Feature", "id": "cable-ML-526-p20-169", "geometry": {"type": "LineString", "coordinates": [[-122.14976425889361, 47.94402306621549], [-122.1497297574016, 47.9441612965864], [-122.1496946253972, 47.9443020531078], [-122.1496594933928, 47.9444428096292], [-122.1496243613884, 47.9445835661506], [-122.149589229384, 47.944724322672], [-122.1496195252586, 47.9447726409174], [-122.1496498211332, 47.9448209591628], [-122.1496801170078, 47.9448692774082], [-122.1497104128824, 47.9449175956536], [-122.149740708757, 47.944965913899], [-122.14970746659999, 47.9450340631094], [-122.14967422444299, 47.945102212319796], [-122.149640982286, 47.9451703615302], [-122.149607740129, 47.9452385107406], [-122.149574497972, 47.945306659951], [-122.1495752017244, 47.9453985426398], [-122.14957533065608, 47.94541537610149]]}, "properties": {"type": "distribution", "layer": "distribution", "cableId": "ML-526-p20", "fiberCount": null, "footage": 526, "typeMethod": "UGN", "installMethod": "UGN", "cableSpec": null, "status": "designed", "progressPct": 0, "printRef": "PRNT/p20", "label": "ML-526-p20", "routeStreet": "61st Ave SE", "lengthM": 160.3}}, {"type": "Feature", "id": "cable-ML-190-p20-170", "geometry": {"type": "LineString", "coordinates": [[-122.14964652055198, 47.9444947853698], [-122.1496243613884, 47.9445835661506], [-122.149589229384, 47.944724322672], [-122.1496195252586, 47.9447726409174], [-122.1496498211332, 47.9448209591628], [-122.1496801170078, 47.9448692774082], [-122.1497104128824, 47.9449175956536], [-122.149740708757, 47.944965913899], [-122.14972889822099, 47.94499012648854]]}, "properties": {"type": "distribution", "layer": "distribution", "cableId": "ML-190-p20", "fiberCount": null, "footage": 190, "typeMethod": "UGN", "installMethod": "UGN", "cableSpec": null, "status": "designed", "progressPct": 0, "printRef": "PRNT/p20", "label": "ML-190-p20", "routeStreet": "61st Ave SE", "lengthM": 57.9}}, {"type": "Feature", "id": "cable-ML-310-p20-171", "geometry": {"type": "LineString", "coordinates": [[-122.14972668252457, 47.944173616093956], [-122.1496946253972, 47.9443020531078], [-122.1496594933928, 47.9444428096292], [-122.1496243613884, 47.9445835661506], [-122.149589229384, 47.944724322672], [-122.1496195252586, 47.9447726409174], [-122.1496498211332, 47.9448209591628], [-122.1496801170078, 47.9448692774082], [-122.1497104128824, 47.9449175956536], [-122.149740708757, 47.944965913899], [-122.14972753544693, 47.94499292028968]]}, "properties": {"type": "distribution", "layer": "distribution", "cableId": "ML-310-p20", "fiberCount": null, "footage": 310, "typeMethod": "UGN", "installMethod": "UGN", "cableSpec": null, "status": "designed", "progressPct": 0, "printRef": "PRNT/p20", "label": "ML-310-p20", "routeStreet": "61st Ave SE", "lengthM": 94.5}}, {"type": "Feature", "id": "cable-ML-1529-p20-172", "geometry": {"type": "LineString", "coordinates": [[-122.149764889406, 47.944020540065], [-122.1497297574016, 47.9441612965864], [-122.1496946253972, 47.9443020531078], [-122.1496594933928, 47.9444428096292], [-122.1496243613884, 47.9445835661506], [-122.149589229384, 47.944724322672], [-122.1496195252586, 47.9447726409174], [-122.1496498211332, 47.9448209591628], [-122.1496801170078, 47.9448692774082], [-122.1497104128824, 47.9449175956536], [-122.149740708757, 47.944965913899], [-122.14970746659999, 47.9450340631094], [-122.14967422444299, 47.945102212319796], [-122.149640982286, 47.9451703615302], [-122.149607740129, 47.9452385107406], [-122.149574497972, 47.945306659951], [-122.1495752017244, 47.9453985426398], [-122.1495759054768, 47.9454904253286], [-122.1495766092292, 47.9455823080174], [-122.14957731298159, 47.9456741907062], [-122.149578016734, 47.945766073395]]}, "properties": {"type": "feeder", "layer": "feeder", "cableId": "ML-1529-p20", "fiberCount": null, "footage": 1529, "typeMethod": "UGN", "installMethod": "UGN", "cableSpec": null, "status": "designed", "progressPct": 0, "printRef": "PRNT/p20", "label": "ML-1529-p20", "routeStreet": "61st Ave SE", "lengthM": 199.7}}, {"type": "Feature", "id": "cable-BORE-31-p20-173", "geometry": {"type": "LineString", "coordinates": [[-122.14965008072653, 47.94512545686672], [-122.14961598228601, 47.9451953615302], [-122.14961072522482, 47.94520613894663]]}, "properties": {"type": "bore", "layer": "bore", "cableId": "BORE-31-p20", "fiberCount": null, "footage": 31, "typeMethod": "UGN", "installMethod": "DIR_BORE", "cableSpec": null, "status": "designed", "progressPct": 0, "printRef": "p20", "label": "BORE-31-p20", "routeStreet": "61st Ave SE", "lengthM": 9.4}}, {"type": "Feature", "id": "cable-ML-612-p21-174", "geometry": {"type": "LineString", "coordinates": [[-122.1294501122116, 47.942276512922895], [-122.1291771859292, 47.942272925851], [-122.128851026385, 47.942268639134], [-122.1286029842958, 47.9422690181714], [-122.1283549422066, 47.9422693972088], [-122.12810690011739, 47.9422697762462], [-122.12785885802819, 47.942270155283595], [-122.127610815939, 47.942270534321], [-122.127584193449, 47.9422709855468], [-122.127557570959, 47.9422714367726], [-122.127530948469, 47.942271887998395], [-122.127504325979, 47.942272339224196], [-122.127477703489, 47.94227279045], [-122.127272309486, 47.942277681427], [-122.127066915483, 47.942282572404], [-122.12694912845038, 47.94228537722624]]}, "properties": {"type": "distribution", "layer": "distribution", "cableId": "ML-612-p21", "fiberCount": null, "footage": 612, "typeMethod": "UGN", "installMethod": "UGN", "cableSpec": null, "status": "designed", "progressPct": 0, "printRef": "PRNT/p21", "label": "ML-612-p21", "routeStreet": "60th St SE", "lengthM": 186.5}}, {"type": "Feature", "id": "cable-ML-198-p22-175", "geometry": {"type": "LineString", "coordinates": [[-122.13233788228136, 47.94230840478835], [-122.131653142171, 47.942303699685], [-122.1316264301744, 47.9423034737876], [-122.13159971817781, 47.9423032478902], [-122.1315730061812, 47.9423030219928], [-122.1315462941846, 47.942302796095404], [-122.13152862570556, 47.942302646677014]]}, "properties": {"type": "distribution", "layer": "distribution", "cableId": "ML-198-p22", "fiberCount": null, "footage": 198, "typeMethod": "UGN", "installMethod": "UGN", "cableSpec": null, "status": "designed", "progressPct": 0, "printRef": "PRNT/p22", "label": "ML-198-p22", "routeStreet": "60th St SE", "lengthM": 60.4}}, {"type": "Feature", "id": "cable-ML-149-p22-176", "geometry": {"type": "LineString", "coordinates": [[-122.13224227894086, 47.94230774786232], [-122.131653142171, 47.942303699685], [-122.13163329092201, 47.94230353180741]]}, "properties": {"type": "distribution", "layer": "distribution", "cableId": "ML-149-p22", "fiberCount": null, "footage": 149, "typeMethod": "UGN", "installMethod": "UGN", "cableSpec": null, "status": "designed", "progressPct": 0, "printRef": "PRNT/p22", "label": "ML-149-p22", "routeStreet": "60th St SE", "lengthM": 45.4}}, {"type": "Feature", "id": "cable-ML-582-p22-177", "geometry": {"type": "LineString", "coordinates": [[-122.15713526570339, 47.942234909879616], [-122.15700340654959, 47.9422421879146], [-122.15654798902419, 47.9422673249232], [-122.1560925714988, 47.9422924619318], [-122.1556371539734, 47.9423175989404], [-122.155181736448, 47.942342735949], [-122.1551195085216, 47.9423429838622], [-122.1550572805952, 47.942343231775396], [-122.1549950526688, 47.9423434796886], [-122.1549328247424, 47.9423437276018], [-122.154870596816, 47.942343975515], [-122.1548080332466, 47.9423213060838], [-122.15477598677923, 47.94230969429128]]}, "properties": {"type": "distribution", "layer": "distribution", "cableId": "ML-582-p22", "fiberCount": null, "footage": 582, "typeMethod": "UGN", "installMethod": "UGN", "cableSpec": null, "status": "designed", "progressPct": 0, "printRef": "PRNT/p22", "label": "ML-582-p22", "routeStreet": "60th St SE", "lengthM": 177.4}}, {"type": "Feature", "id": "cable-BORE-45-p22-178", "geometry": {"type": "LineString", "coordinates": [[-122.13207511831831, 47.942331771023944], [-122.13189119559918, 47.9423305072227]]}, "properties": {"type": "bore", "layer": "bore", "cableId": "BORE-45-p22", "fiberCount": null, "footage": 45, "typeMethod": "UGN", "installMethod": "DIR_BORE", "cableSpec": null, "status": "designed", "progressPct": 0, "printRef": "p22", "label": "BORE-45-p22", "routeStreet": "60th St SE", "lengthM": 13.7}}, {"type": "Feature", "id": "cable-ML-151-p23-179", "geometry": {"type": "LineString", "coordinates": [[-122.14972704240388, 47.944172174236044], [-122.1496946253972, 47.9443020531078], [-122.1496594933928, 47.9444428096292], [-122.14962526145011, 47.94457996004966]]}, "properties": {"type": "distribution", "layer": "distribution", "cableId": "ML-151-p23", "fiberCount": null, "footage": 151, "typeMethod": "UGN", "installMethod": "UGN", "cableSpec": null, "status": "designed", "progressPct": 0, "printRef": "PRNT/p23", "label": "ML-151-p23", "routeStreet": "61st Ave SE", "lengthM": 46.0}}, {"type": "Feature", "id": "cable-ML-363-p23-180", "geometry": {"type": "LineString", "coordinates": [[-122.1496024950913, 47.94467117356069], [-122.149589229384, 47.944724322672], [-122.1496195252586, 47.9447726409174], [-122.1496498211332, 47.9448209591628], [-122.1496801170078, 47.9448692774082], [-122.1497104128824, 47.9449175956536], [-122.149740708757, 47.944965913899], [-122.14970746659999, 47.9450340631094], [-122.14967422444299, 47.945102212319796], [-122.149640982286, 47.9451703615302], [-122.149607740129, 47.9452385107406], [-122.149574497972, 47.945306659951], [-122.1495752017244, 47.9453985426398], [-122.1495759054768, 47.9454904253286], [-122.1495766092292, 47.9455823080174], [-122.1495769452091, 47.945626173924765]]}, "properties": {"type": "distribution", "layer": "distribution", "cableId": "ML-363-p23", "fiberCount": null, "footage": 363, "typeMethod": "UGN", "installMethod": "UGN", "cableSpec": null, "status": "designed", "progressPct": 0, "printRef": "PRNT/p23", "label": "ML-363-p23", "routeStreet": "61st Ave SE", "lengthM": 110.6}}, {"type": "Feature", "id": "cable-ML-627-p24-181", "geometry": {"type": "LineString", "coordinates": [[-122.14976204432361, 47.94403193889942], [-122.1497297574016, 47.9441612965864], [-122.1496946253972, 47.9443020531078], [-122.1496594933928, 47.9444428096292], [-122.1496243613884, 47.9445835661506], [-122.149589229384, 47.944724322672], [-122.1496195252586, 47.9447726409174], [-122.1496498211332, 47.9448209591628], [-122.1496801170078, 47.9448692774082], [-122.1497104128824, 47.9449175956536], [-122.149740708757, 47.944965913899], [-122.14970746659999, 47.9450340631094], [-122.14967422444299, 47.945102212319796], [-122.149640982286, 47.9451703615302], [-122.149607740129, 47.9452385107406], [-122.149574497972, 47.945306659951], [-122.1495752017244, 47.9453985426398], [-122.1495759054768, 47.9454904253286], [-122.1495766092292, 47.9455823080174], [-122.14957731298159, 47.9456741907062], [-122.14957751764267, 47.945700911481275]]}, "properties": {"type": "distribution", "layer": "distribution", "cableId": "ML-627-p24", "fiberCount": null, "footage": 627, "typeMethod": "UGN", "installMethod": "UGN", "cableSpec": null, "status": "designed", "progressPct": 0, "printRef": "PRNT/p24", "label": "ML-627-p24", "routeStreet": "61st Ave SE", "lengthM": 191.1}}, {"type": "Feature", "id": "cable-ML-574-p25-183", "geometry": {"type": "LineString", "coordinates": [[-122.15430579093359, 47.94223163226814], [-122.1542952003818, 47.9422316744604], [-122.1542463485516, 47.9422318690838], [-122.1541974967214, 47.9422320637072], [-122.1541486448912, 47.9422322583306], [-122.154099793061, 47.942232452954], [-122.154027670443, 47.9422556589686], [-122.15395554782499, 47.9422788649832], [-122.153883425207, 47.9423020709978], [-122.15381130258899, 47.9423252770124], [-122.153739179971, 47.942348483027], [-122.1537052374656, 47.942348618252396], [-122.1536712949602, 47.942348753477795], [-122.1536373524548, 47.9423488887032], [-122.1536034099494, 47.9423490239286], [-122.153569467444, 47.942349159154], [-122.1534130533692, 47.9423263374008], [-122.1532566392944, 47.9423035156476], [-122.1531002252196, 47.942280693894396], [-122.1529438111448, 47.9422578721412], [-122.15278739707, 47.942235050388], [-122.1527629707208, 47.9422350503852], [-122.1527385443716, 47.9422350503824], [-122.1527141180224, 47.9422350503796], [-122.1526896916732, 47.9422350503768], [-122.152665265324, 47.942235050374], [-122.1526197170504, 47.942257968647205], [-122.1525741687768, 47.9422808869204], [-122.1525286205032, 47.9423038051936], [-122.1524830722296, 47.9423267234668], [-122.152437523956, 47.94234964174], [-122.1523809521084, 47.9423496417338], [-122.1523243802608, 47.9423496417276], [-122.1522678084132, 47.9423496417214], [-122.15221123656559, 47.942349641715204], [-122.152154664718, 47.942349641709], [-122.152132035979, 47.9423496417066], [-122.15210940723999, 47.9423496417042], [-122.152086778501, 47.9423496417018], [-122.15207450550344, 47.9423496417005]]}, "properties": {"type": "distribution", "layer": "distribution", "cableId": "ML-574-p25", "fiberCount": null, "footage": 574, "typeMethod": "UGN", "installMethod": "UGN", "cableSpec": null, "status": "designed", "progressPct": 0, "printRef": "PRNT/p25", "label": "ML-574-p25", "routeStreet": "60th St SE", "lengthM": 175.0}}, {"type": "Feature", "id": "cable-ML-733-p27-184", "geometry": {"type": "LineString", "coordinates": [[-122.13854190651847, 47.93911405577611], [-122.13841328884399, 47.939027298957996], [-122.13828218418399, 47.938938864587], [-122.138151079524, 47.938850430216], [-122.138019974864, 47.938761995845], [-122.13804438905399, 47.938752134465666], [-122.138068803244, 47.93874227308633], [-122.138093217434, 47.938732411707], [-122.138117631624, 47.93872255032767], [-122.13814204581399, 47.938712688948335], [-122.138166460004, 47.938702827569], [-122.13812830046034, 47.938699645290505], [-122.13809014091667, 47.938696463012], [-122.138051981373, 47.9386932807335], [-122.13801382182933, 47.938690098455005], [-122.13797566228567, 47.9386869161765], [-122.137937502742, 47.938683733898], [-122.13793486260568, 47.9386466484995], [-122.13793222246933, 47.938609563101004], [-122.137929582333, 47.9385724777025], [-122.13792694219667, 47.938535392304], [-122.13792430206033, 47.9384983069055], [-122.137921661924, 47.938461221507], [-122.137886563048, 47.938459516600666], [-122.137851464172, 47.938457811694335], [-122.137816365296, 47.938456106787996], [-122.13778126641999, 47.938454401881664], [-122.137746167544, 47.93845269697533], [-122.137711068668, 47.938450992069], [-122.13774369680917, 47.93845002189266], [-122.13777632495034, 47.93844905171633], [-122.13780895309151, 47.93844808154], [-122.13784158123266, 47.938447111363665], [-122.13787420937383, 47.93844614118733], [-122.137906837515, 47.938445171011], [-122.13780727573901, 47.93833521883283], [-122.137707713963, 47.93822526665466], [-122.137608152187, 47.9381153144765], [-122.137508590411, 47.938005362298334], [-122.13740902863499, 47.93789541012016], [-122.13732918028673, 47.93780722868983]]}, "properties": {"type": "distribution", "layer": "distribution", "cableId": "ML-733-p27", "fiberCount": null, "footage": 733, "typeMethod": "UGN", "installMethod": "UGN", "cableSpec": null, "status": "designed", "progressPct": 0, "printRef": "PRNT/p27", "label": "ML-733-p27", "routeStreet": "Foster Slough Rd", "lengthM": 223.4}}, {"type": "Feature", "id": "cable-BORE-29-p27-185", "geometry": {"type": "LineString", "coordinates": [[-122.13961600099006, 47.9401328140639], [-122.13964719779301, 47.94013067204433], [-122.13968033702001, 47.940128396655], [-122.13964246286884, 47.940126463221], [-122.13962663663253, 47.94012565530894]]}, "properties": {"type": "bore", "layer": "bore", "cableId": "BORE-29-p27", "fiberCount": null, "footage": 29, "typeMethod": "UGN", "installMethod": "DIR_BORE", "cableSpec": null, "status": "designed", "progressPct": 0, "printRef": "p27", "label": "BORE-29-p27", "routeStreet": "Foster Slough Rd", "lengthM": 8.8}}, {"type": "Feature", "id": "cable-ML-120-p28-186", "geometry": {"type": "LineString", "coordinates": [[-122.12785009072236, 47.94227016868106], [-122.127610815939, 47.942270534321], [-122.127584193449, 47.9422709855468], [-122.127557570959, 47.9422714367726], [-122.127530948469, 47.942271887998395], [-122.127504325979, 47.942272339224196], [-122.127477703489, 47.94227279045], [-122.12735972244269, 47.94227559989222]]}, "properties": {"type": "distribution", "layer": "distribution", "cableId": "ML-120-p28", "fiberCount": null, "footage": 120, "typeMethod": "UGN", "installMethod": "UGN", "cableSpec": null, "status": "designed", "progressPct": 0, "printRef": "PRNT/p28", "label": "ML-120-p28", "routeStreet": "60th St SE", "lengthM": 36.6}}, {"type": "Feature", "id": "cable-ML-224-p28-187", "geometry": {"type": "LineString", "coordinates": [[-122.1565653284365, 47.942266367865265], [-122.15654798902419, 47.9422673249232], [-122.1560925714988, 47.9422924619318], [-122.1556528464287, 47.94231673278712]]}, "properties": {"type": "distribution", "layer": "distribution", "cableId": "ML-224-p28", "fiberCount": null, "footage": 224, "typeMethod": "UGN", "installMethod": "UGN", "cableSpec": null, "status": "designed", "progressPct": 0, "printRef": "PRNT/p28", "label": "ML-224-p28", "routeStreet": "60th St SE", "lengthM": 68.3}}, {"type": "Feature", "id": "cable-ML-168-p28-188", "geometry": {"type": "LineString", "coordinates": [[-122.15675519350079, 47.9422558881637], [-122.15654798902419, 47.9422673249232], [-122.1560925714988, 47.9422924619318], [-122.1560708322375, 47.9422936618417]]}, "properties": {"type": "distribution", "layer": "distribution", "cableId": "ML-168-p28", "fiberCount": null, "footage": 168, "typeMethod": "UGN", "installMethod": "UGN", "cableSpec": null, "status": "designed", "progressPct": 0, "printRef": "PRNT/p28", "label": "ML-168-p28", "routeStreet": "60th St SE", "lengthM": 51.2}}, {"type": "Feature", "id": "cable-ML-170-p28-189", "geometry": {"type": "LineString", "coordinates": [[-122.1562362559271, 47.9422845311946], [-122.1560925714988, 47.9422924619318], [-122.1556371539734, 47.9423175989404], [-122.15554374710509, 47.94232275458137]]}, "properties": {"type": "distribution", "layer": "distribution", "cableId": "ML-170-p28", "fiberCount": null, "footage": 170, "typeMethod": "UGN", "installMethod": "UGN", "cableSpec": null, "status": "designed", "progressPct": 0, "printRef": "PRNT/p28", "label": "ML-170-p28", "routeStreet": "60th St SE", "lengthM": 51.8}}, {"type": "Feature", "id": "cable-ML-177-p29-190", "geometry": {"type": "LineString", "coordinates": [[-122.15565621435036, 47.94231654689292], [-122.1556371539734, 47.9423175989404], [-122.155181736448, 47.942342735949], [-122.1551195085216, 47.9423429838622], [-122.1550572805952, 47.942343231775396], [-122.1549950526688, 47.9423434796886], [-122.15493435890181, 47.942343721489785]]}, "properties": {"type": "distribution", "layer": "distribution", "cableId": "ML-177-p29", "fiberCount": null, "footage": 177, "typeMethod": "UGN", "installMethod": "UGN", "cableSpec": null, "status": "designed", "progressPct": 0, "printRef": "PRNT/p29", "label": "ML-177-p29", "routeStreet": "60th St SE", "lengthM": 53.9}}, {"type": "Feature", "id": "cable-ML-796-p29-191", "geometry": {"type": "LineString", "coordinates": [[-122.14776068849292, 47.9423679218688], [-122.1473437618636, 47.9423680273184], [-122.1458177002422, 47.9423684132918], [-122.1445071253743, 47.94236874476402]]}, "properties": {"type": "distribution", "layer": "distribution", "cableId": "ML-796-p29", "fiberCount": null, "footage": 796, "typeMethod": "UGN", "installMethod": "UGN", "cableSpec": null, "status": "designed", "progressPct": 0, "printRef": "PRNT/p29", "label": "ML-796-p29", "routeStreet": "60th St SE", "lengthM": 242.6}}, {"type": "Feature", "id": "cable-ML-260-p29-192", "geometry": {"type": "LineString", "coordinates": [[-122.15373000458676, 47.94234851958131], [-122.1537052374656, 47.942348618252396], [-122.1536712949602, 47.942348753477795], [-122.1536373524548, 47.9423488887032], [-122.1536034099494, 47.9423490239286], [-122.153569467444, 47.942349159154], [-122.1534130533692, 47.9423263374008], [-122.1532566392944, 47.9423035156476], [-122.1531002252196, 47.942280693894396], [-122.1529438111448, 47.9422578721412], [-122.15278739707, 47.942235050388], [-122.1527629707208, 47.9422350503852], [-122.1527385443716, 47.9422350503824], [-122.1527141180224, 47.9422350503796], [-122.1526896916732, 47.9422350503768]]}, "properties": {"type": "distribution", "layer": "distribution", "cableId": "ML-260-p29", "fiberCount": null, "footage": 260, "typeMethod": "UGN", "installMethod": "UGN", "cableSpec": null, "status": "designed", "progressPct": 0, "printRef": "PRNT/p29", "label": "ML-260-p29", "routeStreet": "60th St SE", "lengthM": 78.9}}, {"type": "Feature", "id": "cable-ML-337-p32-193", "geometry": {"type": "LineString", "coordinates": [[-122.1523650749237, 47.94234964173206], [-122.1523243802608, 47.9423496417276], [-122.1522678084132, 47.9423496417214], [-122.15221123656559, 47.942349641715204], [-122.152154664718, 47.942349641709], [-122.152132035979, 47.9423496417066], [-122.15210940723999, 47.9423496417042], [-122.152086778501, 47.9423496417018], [-122.152064149762, 47.9423496416994], [-122.152041521023, 47.942349641697], [-122.1519220063916, 47.9423267234054], [-122.1518024917602, 47.9423038051138], [-122.1516829771288, 47.942280886822196], [-122.15156346249739, 47.9422579685306], [-122.151443947866, 47.942235050239], [-122.15101290100215, 47.942257253121205]]}, "properties": {"type": "distribution", "layer": "distribution", "cableId": "ML-337-p32", "fiberCount": null, "footage": 337, "typeMethod": "UGN", "installMethod": "UGN", "cableSpec": null, "status": "designed", "progressPct": 0, "printRef": "PRNT/p32", "label": "ML-337-p32", "routeStreet": "60th St SE", "lengthM": 102.7}}, {"type": "Feature", "id": "cable-ML-228-p33-194", "geometry": {"type": "LineString", "coordinates": [[-122.15314011823666, 47.94228651452525], [-122.1531002252196, 47.942280693894396], [-122.1529438111448, 47.9422578721412], [-122.15278739707, 47.942235050388], [-122.1527629707208, 47.9422350503852], [-122.1527385443716, 47.9422350503824], [-122.1527141180224, 47.9422350503796], [-122.1526896916732, 47.9422350503768], [-122.152665265324, 47.942235050374], [-122.1526197170504, 47.942257968647205], [-122.1525741687768, 47.9422808869204], [-122.1525286205032, 47.9423038051936], [-122.1524830722296, 47.9423267234668], [-122.152437523956, 47.94234964174], [-122.1523809521084, 47.9423496417338], [-122.1523243802608, 47.9423496417276], [-122.15227355387056, 47.94234964172203]]}, "properties": {"type": "distribution", "layer": "distribution", "cableId": "ML-228-p33", "fiberCount": null, "footage": 228, "typeMethod": "UGN", "installMethod": "UGN", "cableSpec": null, "status": "designed", "progressPct": 0, "printRef": "PRNT/p33", "label": "ML-228-p33", "routeStreet": "60th St SE", "lengthM": 69.5}}, {"type": "Feature", "id": "cable-ML-180-p33-195", "geometry": {"type": "LineString", "coordinates": [[-122.15323041260496, 47.942299689016046], [-122.1531002252196, 47.942280693894396], [-122.1529438111448, 47.9422578721412], [-122.15278739707, 47.942235050388], [-122.1527629707208, 47.9422350503852], [-122.1527385443716, 47.9422350503824], [-122.1527141180224, 47.9422350503796], [-122.1526896916732, 47.9422350503768], [-122.152665265324, 47.942235050374], [-122.1526197170504, 47.942257968647205], [-122.1525741687768, 47.9422808869204], [-122.15253717879672, 47.94229949896434]]}, "properties": {"type": "distribution", "layer": "distribution", "cableId": "ML-180-p33", "fiberCount": null, "footage": 180, "typeMethod": "UGN", "installMethod": "UGN", "cableSpec": null, "status": "designed", "progressPct": 0, "printRef": "PRNT/p33", "label": "ML-180-p33", "routeStreet": "60th St SE", "lengthM": 54.9}}, {"type": "Feature", "id": "cable-ML-192-p33-196", "geometry": {"type": "LineString", "coordinates": [[-122.15261106787534, 47.94226232060484], [-122.1525741687768, 47.9422808869204], [-122.1525286205032, 47.9423038051936], [-122.1524830722296, 47.9423267234668], [-122.152437523956, 47.94234964174], [-122.1523809521084, 47.9423496417338], [-122.1523243802608, 47.9423496417276], [-122.1522678084132, 47.9423496417214], [-122.15221123656559, 47.942349641715204], [-122.152154664718, 47.942349641709], [-122.152132035979, 47.9423496417066], [-122.15210940723999, 47.9423496417042], [-122.152086778501, 47.9423496417018], [-122.152064149762, 47.9423496416994], [-122.152041521023, 47.942349641697], [-122.1519220063916, 47.9423267234054], [-122.15187642415927, 47.942317982493265]]}, "properties": {"type": "distribution", "layer": "distribution", "cableId": "ML-192-p33", "fiberCount": null, "footage": 192, "typeMethod": "UGN", "installMethod": "UGN", "cableSpec": null, "status": "designed", "progressPct": 0, "printRef": "PRNT/p33", "label": "ML-192-p33", "routeStreet": "60th St SE", "lengthM": 58.5}}, {"type": "Feature", "id": "cable-ML-138-p33-197", "geometry": {"type": "LineString", "coordinates": [[-122.15276346599272, 47.94223505038526], [-122.1527385443716, 47.9422350503824], [-122.1527141180224, 47.9422350503796], [-122.1526896916732, 47.9422350503768], [-122.152665265324, 47.942235050374], [-122.1526197170504, 47.942257968647205], [-122.1525741687768, 47.9422808869204], [-122.1525286205032, 47.9423038051936], [-122.1524830722296, 47.9423267234668], [-122.152437523956, 47.94234964174], [-122.1523809521084, 47.9423496417338], [-122.1523243802608, 47.9423496417276], [-122.1522678084132, 47.9423496417214], [-122.15225649626014, 47.94234964172016]]}, "properties": {"type": "distribution", "layer": "distribution", "cableId": "ML-138-p33", "fiberCount": null, "footage": 138, "typeMethod": "UGN", "installMethod": "UGN", "cableSpec": null, "status": "designed", "progressPct": 0, "printRef": "PRNT/p33", "label": "ML-138-p33", "routeStreet": "60th St SE", "lengthM": 42.1}}, {"type": "Feature", "id": "cable-ML-251-p34-198", "geometry": {"type": "LineString", "coordinates": [[-122.13701227038571, 47.941189236913466], [-122.13701237199659, 47.941197569176204], [-122.1370127094424, 47.9412252402988], [-122.1370130468882, 47.9412529114214], [-122.137013384334, 47.941280582544], [-122.1370153249312, 47.9414269341186], [-122.1370172655284, 47.9415732856932], [-122.1370192061256, 47.9417196372678], [-122.1370211467228, 47.9418659888424], [-122.13702128558882, 47.94187646152612]]}, "properties": {"type": "distribution", "layer": "distribution", "cableId": "ML-251-p34", "fiberCount": null, "footage": 251, "typeMethod": "UGN", "installMethod": "UGN", "cableSpec": null, "status": "designed", "progressPct": 0, "printRef": "PRNT/p34", "label": "ML-251-p34", "routeStreet": "70th Dr SE", "lengthM": 76.5}}, {"type": "Feature", "id": "cable-ML-333-p34-199", "geometry": {"type": "LineString", "coordinates": [[-122.13701117506866, 47.94109941910064], [-122.1370112921698, 47.941109021584204], [-122.13701149463739, 47.9411256242576], [-122.137011697105, 47.941142226931], [-122.13701203455079, 47.9411698980536], [-122.13701237199659, 47.941197569176204], [-122.1370127094424, 47.9412252402988], [-122.1370130468882, 47.9412529114214], [-122.137013384334, 47.941280582544], [-122.1370153249312, 47.9414269341186], [-122.1370172655284, 47.9415732856932], [-122.1370192061256, 47.9417196372678], [-122.1370211467228, 47.9418659888424], [-122.13702307161091, 47.94201115570455]]}, "properties": {"type": "distribution", "layer": "distribution", "cableId": "ML-333-p34", "fiberCount": null, "footage": 333, "typeMethod": "UGN", "installMethod": "UGN", "cableSpec": null, "status": "designed", "progressPct": 0, "printRef": "PRNT/p34", "label": "ML-333-p34", "routeStreet": "70th Dr SE", "lengthM": 101.5}}, {"type": "Feature", "id": "cable-ML-56-p34-200", "geometry": {"type": "LineString", "coordinates": [[-122.13701176954949, 47.94114816750106], [-122.13701203455079, 47.9411698980536], [-122.13701237199659, 47.941197569176204], [-122.1370127094424, 47.9412252402988], [-122.1370130468882, 47.9412529114214], [-122.137013384334, 47.941280582544], [-122.1370136616057, 47.941301493195574]]}, "properties": {"type": "distribution", "layer": "distribution", "cableId": "ML-56-p34", "fiberCount": null, "footage": 56, "typeMethod": "UGN", "installMethod": "UGN", "cableSpec": null, "status": "designed", "progressPct": 0, "printRef": "PRNT/p34", "label": "ML-56-p34", "routeStreet": "70th Dr SE", "lengthM": 17.1}}, {"type": "Feature", "id": "cable-ML-184-p34-201", "geometry": {"type": "LineString", "coordinates": [[-122.13701445211277, 47.94136110987049], [-122.1370153249312, 47.9414269341186], [-122.1370172655284, 47.9415732856932], [-122.1370192061256, 47.9417196372678], [-122.13702113217421, 47.94186489164945]]}, "properties": {"type": "distribution", "layer": "distribution", "cableId": "ML-184-p34", "fiberCount": null, "footage": 184, "typeMethod": "UGN", "installMethod": "UGN", "cableSpec": null, "status": "designed", "progressPct": 0, "printRef": "PRNT/p34", "label": "ML-184-p34", "routeStreet": "70th Dr SE", "lengthM": 56.1}}, {"type": "Feature", "id": "cable-ML-121-p34-202", "geometry": {"type": "LineString", "coordinates": [[-122.13701841642204, 47.941660081188964], [-122.1370192061256, 47.9417196372678], [-122.1370211467228, 47.9418659888424], [-122.13702280928852, 47.941991372467626]]}, "properties": {"type": "distribution", "layer": "distribution", "cableId": "ML-121-p34", "fiberCount": null, "footage": 121, "typeMethod": "UGN", "installMethod": "UGN", "cableSpec": null, "status": "designed", "progressPct": 0, "printRef": "PRNT/p34", "label": "ML-121-p34", "routeStreet": "70th Dr SE", "lengthM": 36.9}}, {"type": "Feature", "id": "cable-BORE-50-p34-203", "geometry": {"type": "LineString", "coordinates": [[-122.1369925930546, 47.941622986323615], [-122.1369942061256, 47.9417446372678], [-122.13699440828869, 47.94175988354617]]}, "properties": {"type": "bore", "layer": "bore", "cableId": "BORE-50-p34", "fiberCount": null, "footage": 50, "typeMethod": "UGN", "installMethod": "DIR_BORE", "cableSpec": null, "status": "designed", "progressPct": 0, "printRef": "p34", "label": "BORE-50-p34", "routeStreet": "70th Dr SE", "lengthM": 15.2}}, {"type": "Feature", "id": "cable-ML-333-p35-204", "geometry": {"type": "LineString", "coordinates": [[-122.14698782832858, 47.94236811734155], [-122.1458177002422, 47.9423684132918], [-122.14562672717604, 47.94236846159295]]}, "properties": {"type": "distribution", "layer": "distribution", "cableId": "ML-333-p35", "fiberCount": null, "footage": 333, "typeMethod": "UGN", "installMethod": "UGN", "cableSpec": null, "status": "designed", "progressPct": 0, "printRef": "PRNT/p35", "label": "ML-333-p35", "routeStreet": "60th St SE", "lengthM": 101.5}}, {"type": "Feature", "id": "cable-ML-331-p35-205", "geometry": {"type": "LineString", "coordinates": [[-122.14651617990056, 47.94236823663146], [-122.1458177002422, 47.9423684132918], [-122.14516325352626, 47.94236857881528]]}, "properties": {"type": "distribution", "layer": "distribution", "cableId": "ML-331-p35", "fiberCount": null, "footage": 331, "typeMethod": "UGN", "installMethod": "UGN", "cableSpec": null, "status": "designed", "progressPct": 0, "printRef": "PRNT/p35", "label": "ML-331-p35", "routeStreet": "60th St SE", "lengthM": 100.9}}, {"type": "Feature", "id": "cable-ML-268-p35-206", "geometry": {"type": "LineString", "coordinates": [[-122.14679252399704, 47.94236816673817], [-122.1458177002422, 47.9423684132918], [-122.14569710324989, 47.94236844379334]]}, "properties": {"type": "distribution", "layer": "distribution", "cableId": "ML-268-p35", "fiberCount": null, "footage": 268, "typeMethod": "UGN", "installMethod": "UGN", "cableSpec": null, "status": "designed", "progressPct": 0, "printRef": "PRNT/p35", "label": "ML-268-p35", "routeStreet": "60th St SE", "lengthM": 81.7}}, {"type": "Feature", "id": "cable-ML-133-p36-207", "geometry": {"type": "LineString", "coordinates": [[-122.1479517445113, 47.94236787354667], [-122.14740812153309, 47.94236801104047]]}, "properties": {"type": "distribution", "layer": "distribution", "cableId": "ML-133-p36", "fiberCount": null, "footage": 133, "typeMethod": "UGN", "installMethod": "UGN", "cableSpec": null, "status": "designed", "progressPct": 0, "printRef": "PRNT/p36", "label": "ML-133-p36", "routeStreet": "60th St SE", "lengthM": 40.5}}, {"type": "Feature", "id": "cable-ML-495-p36-208", "geometry": {"type": "LineString", "coordinates": [[-122.14301666525557, 47.942369121733044], [-122.14276557699941, 47.9423691852386], [-122.141239515378, 47.942369571212], [-122.14099341970383, 47.94236788019732]]}, "properties": {"type": "distribution", "layer": "distribution", "cableId": "ML-495-p36", "fiberCount": null, "footage": 495, "typeMethod": "UGN", "installMethod": "UGN", "cableSpec": null, "status": "designed", "progressPct": 0, "printRef": "PRNT/p36", "label": "ML-495-p36", "routeStreet": "60th St SE", "lengthM": 150.9}}, {"type": "Feature", "id": "cable-ML-362-p36-209", "geometry": {"type": "LineString", "coordinates": [[-122.14415136144625, 47.94236883474427], [-122.14276557699941, 47.9423691852386], [-122.14267172593787, 47.94236920897552]]}, "properties": {"type": "distribution", "layer": "distribution", "cableId": "ML-362-p36", "fiberCount": null, "footage": 362, "typeMethod": "UGN", "installMethod": "UGN", "cableSpec": null, "status": "designed", "progressPct": 0, "printRef": "PRNT/p36", "label": "ML-362-p36", "routeStreet": "60th St SE", "lengthM": 110.3}}, {"type": "Feature", "id": "cable-ML-64-p38-210", "geometry": {"type": "LineString", "coordinates": [[-122.14730931610134, 47.942368036030466], [-122.14704772308733, 47.942368102192894]]}, "properties": {"type": "distribution", "layer": "distribution", "cableId": "ML-64-p38", "fiberCount": null, "footage": 64, "typeMethod": "UGN", "installMethod": "UGN", "cableSpec": null, "status": "designed", "progressPct": 0, "printRef": "PRNT/p38", "label": "ML-64-p38", "routeStreet": "60th St SE", "lengthM": 19.5}}, {"type": "Feature", "id": "cable-ML-158-p38-211", "geometry": {"type": "LineString", "coordinates": [[-122.14566049910904, 47.94236845305131], [-122.14501469135084, 47.94236861638981]]}, "properties": {"type": "distribution", "layer": "distribution", "cableId": "ML-158-p38", "fiberCount": null, "footage": 158, "typeMethod": "UGN", "installMethod": "UGN", "cableSpec": null, "status": "designed", "progressPct": 0, "printRef": "PRNT/p38", "label": "ML-158-p38", "routeStreet": "60th St SE", "lengthM": 48.2}}, {"type": "Feature", "id": "cable-ML-476-p38-212", "geometry": {"type": "LineString", "coordinates": [[-122.14126495540401, 47.94236956477768], [-122.141239515378, 47.942369571212], [-122.1393222407366, 47.9423563969066]]}, "properties": {"type": "distribution", "layer": "distribution", "cableId": "ML-476-p38", "fiberCount": null, "footage": 476, "typeMethod": "UGN", "installMethod": "UGN", "cableSpec": null, "status": "designed", "progressPct": 0, "printRef": "PRNT/p38", "label": "ML-476-p38", "routeStreet": "60th St SE", "lengthM": 144.9}}, {"type": "Feature", "id": "cable-ML-662-p38-213", "geometry": {"type": "LineString", "coordinates": [[-122.13848816357837, 47.94235066565299], [-122.1374049660952, 47.942343222601195], [-122.13578245436648, 47.94233207372113]]}, "properties": {"type": "distribution", "layer": "distribution", "cableId": "ML-662-p38", "fiberCount": null, "footage": 662, "typeMethod": "UGN", "installMethod": "UGN", "cableSpec": null, "status": "designed", "progressPct": 0, "printRef": "PRNT/p38", "label": "ML-662-p38", "routeStreet": "60th St SE", "lengthM": 201.8}}, {"type": "Feature", "id": "cable-ML-326-p39-214", "geometry": {"type": "LineString", "coordinates": [[-122.1421119357567, 47.94236935055835], [-122.141239515378, 47.942369571212], [-122.14077947053795, 47.94236641007322]]}, "properties": {"type": "distribution", "layer": "distribution", "cableId": "ML-326-p39", "fiberCount": null, "footage": 326, "typeMethod": "UGN", "installMethod": "UGN", "cableSpec": null, "status": "designed", "progressPct": 0, "printRef": "PRNT/p39", "label": "ML-326-p39", "routeStreet": "60th St SE", "lengthM": 99.4}}, {"type": "Feature", "id": "cable-ML-161-p40-215", "geometry": {"type": "LineString", "coordinates": [[-122.14363902147917, 47.94236896432594], [-122.14298095154344, 47.9423691307658]]}, "properties": {"type": "distribution", "layer": "distribution", "cableId": "ML-161-p40", "fiberCount": null, "footage": 161, "typeMethod": "UGN", "installMethod": "UGN", "cableSpec": null, "status": "designed", "progressPct": 0, "printRef": "PRNT/p40", "label": "ML-161-p40", "routeStreet": "60th St SE", "lengthM": 49.1}}, {"type": "Feature", "id": "cable-ML-180-p40-216", "geometry": {"type": "LineString", "coordinates": [[-122.14290986741709, 47.94236914874448], [-122.14276557699941, 47.9423691852386], [-122.14217413704974, 47.942369334826324]]}, "properties": {"type": "distribution", "layer": "distribution", "cableId": "ML-180-p40", "fiberCount": null, "footage": 180, "typeMethod": "UGN", "installMethod": "UGN", "cableSpec": null, "status": "designed", "progressPct": 0, "printRef": "PRNT/p40", "label": "ML-180-p40", "routeStreet": "60th St SE", "lengthM": 54.9}}, {"type": "Feature", "id": "cable-ML-990-p40-217", "geometry": {"type": "LineString", "coordinates": [[-122.13248179988892, 47.942309393699624], [-122.131653142171, 47.942303699685], [-122.1316264301744, 47.9423034737876], [-122.13159971817781, 47.9423032478902], [-122.1315730061812, 47.9423030219928], [-122.1315462941846, 47.942302796095404], [-122.131519582188, 47.942302570198], [-122.1313120305716, 47.9423000707022], [-122.13110447895521, 47.9422975712064], [-122.1308969273388, 47.942295071710596], [-122.1306893757224, 47.9422925722148], [-122.130481824106, 47.942290072719], [-122.1301556645618, 47.942285786001996], [-122.1298295050176, 47.942281499284995], [-122.1295033454734, 47.942277212568], [-122.1291771859292, 47.942272925851], [-122.128851026385, 47.942268639134], [-122.1286029842958, 47.9422690181714], [-122.12843582565942, 47.9422692736094]]}, "properties": {"type": "feeder", "layer": "feeder", "cableId": "ML-990-p40", "fiberCount": null, "footage": 990, "typeMethod": "UGN", "installMethod": "UGN", "cableSpec": null, "status": "designed", "progressPct": 0, "printRef": "PRNT/p40", "label": "ML-990-p40", "routeStreet": "60th St SE", "lengthM": 301.8}}, {"type": "Feature", "id": "cable-ML-334-p41-218", "geometry": {"type": "LineString", "coordinates": [[-122.14002921097295, 47.94236125476139], [-122.1393222407366, 47.9423563969066], [-122.13866409445615, 47.94235187453932]]}, "properties": {"type": "distribution", "layer": "distribution", "cableId": "ML-334-p41", "fiberCount": null, "footage": 334, "typeMethod": "UGN", "installMethod": "UGN", "cableSpec": null, "status": "designed", "progressPct": 0, "printRef": "PRNT/p41", "label": "ML-334-p41", "routeStreet": "60th St SE", "lengthM": 101.8}}, {"type": "Feature", "id": "cable-ML-49-p41-219", "geometry": {"type": "LineString", "coordinates": [[-122.14302769370137, 47.942369118943716], [-122.14282741154702, 47.942369169599324]]}, "properties": {"type": "distribution", "layer": "distribution", "cableId": "ML-49-p41", "fiberCount": null, "footage": 49, "typeMethod": "UGN", "installMethod": "UGN", "cableSpec": null, "status": "designed", "progressPct": 0, "printRef": "PRNT/p41", "label": "ML-49-p41", "routeStreet": "60th St SE", "lengthM": 14.9}}, {"type": "Feature", "id": "cable-ML-701-p41-220", "geometry": {"type": "LineString", "coordinates": [[-122.1345369394039, 47.942323515325725], [-122.1335704168124, 47.9423168739904], [-122.13167183191081, 47.94230382810913]]}, "properties": {"type": "distribution", "layer": "distribution", "cableId": "ML-701-p41", "fiberCount": null, "footage": 701, "typeMethod": "UGN", "installMethod": "UGN", "cableSpec": null, "status": "designed", "progressPct": 0, "printRef": "PRNT/p41", "label": "ML-701-p41", "routeStreet": "60th St SE", "lengthM": 213.7}}, {"type": "Feature", "id": "cable-BORE-31-p41-221", "geometry": {"type": "LineString", "coordinates": [[-122.14223106724548, 47.94239431410444], [-122.14210435812647, 47.942394346151865]]}, "properties": {"type": "bore", "layer": "bore", "cableId": "BORE-31-p41", "fiberCount": null, "footage": 31, "typeMethod": "UGN", "installMethod": "DIR_BORE", "cableSpec": null, "status": "designed", "progressPct": 0, "printRef": "p41", "label": "BORE-31-p41", "routeStreet": "60th St SE", "lengthM": 9.4}}, {"type": "Feature", "id": "cable-ML-2136-p42-222", "geometry": {"type": "LineString", "coordinates": [[-122.133152607336, 47.92998312156042], [-122.133171489731, 47.929944550859666], [-122.133241605277, 47.9298013271985], [-122.133311720823, 47.92965810353733], [-122.13338183636901, 47.929514879876166], [-122.133451951915, 47.929371656215], [-122.13346112772834, 47.929220718113996], [-122.13347030354167, 47.929069780012995], [-122.133479479355, 47.928918841911994], [-122.13348865516834, 47.928767903811], [-122.13349783098167, 47.92861696571], [-122.133507006795, 47.928466027609], [-122.133507385126, 47.92844156259066], [-122.133507763457, 47.92841709757233], [-122.133508141788, 47.928392632553994], [-122.133508520119, 47.928368167535666], [-122.13350889845, 47.92834370251733], [-122.133509276781, 47.928319237499], [-122.13351065642867, 47.928175601534164], [-122.13351203607633, 47.92803196556933], [-122.133513415724, 47.9278883296045], [-122.13351479537167, 47.92774469363967], [-122.13351617501932, 47.927601057674835], [-122.133517554667, 47.92745742171], [-122.133546098016, 47.92735279352817], [-122.133574641365, 47.927248165346334], [-122.13360318471399, 47.9271435371645], [-122.133631728063, 47.92703890898267], [-122.133660271412, 47.926934280800836], [-122.133688814761, 47.926829652619], [-122.1336608277845, 47.92679045855117], [-122.133632840808, 47.92675126448333], [-122.1336048538315, 47.9267120704155], [-122.133576866855, 47.926672876347666], [-122.1335488798785, 47.92663368227983], [-122.133520892902, 47.926594488212], [-122.13355116691349, 47.926470640513166], [-122.133581440925, 47.92634679281433], [-122.1336117149365, 47.9262229451155], [-122.133641988948, 47.92609909741667], [-122.13366201248135, 47.92601718331258]]}, "properties": {"type": "feeder", "layer": "feeder", "cableId": "ML-2136-p42", "fiberCount": null, "footage": 2136, "typeMethod": "AER", "installMethod": "AER", "cableSpec": null, "status": "designed", "progressPct": 0, "printRef": "PRNT/p42", "label": "ML-2136-p42", "routeStreet": "Foster Slough Rd", "lengthM": 450.0}}, {"type": "Feature", "id": "cable-ML-1997-p42-223", "geometry": {"type": "LineString", "coordinates": [[-122.13330721718499, 47.929667303031025], [-122.133311720823, 47.92965810353733], [-122.13338183636901, 47.929514879876166], [-122.133451951915, 47.929371656215], [-122.13346112772834, 47.929220718113996], [-122.13347030354167, 47.929069780012995], [-122.133479479355, 47.928918841911994], [-122.13348865516834, 47.928767903811], [-122.13349783098167, 47.92861696571], [-122.133507006795, 47.928466027609], [-122.133507385126, 47.92844156259066], [-122.133507763457, 47.92841709757233], [-122.133508141788, 47.928392632553994], [-122.133508520119, 47.928368167535666], [-122.13350889845, 47.92834370251733], [-122.133509276781, 47.928319237499], [-122.13351065642867, 47.928175601534164], [-122.13351203607633, 47.92803196556933], [-122.133513415724, 47.9278883296045], [-122.13351479537167, 47.92774469363967], [-122.13351617501932, 47.927601057674835], [-122.133517554667, 47.92745742171], [-122.133546098016, 47.92735279352817], [-122.133574641365, 47.927248165346334], [-122.13360318471399, 47.9271435371645], [-122.133631728063, 47.92703890898267], [-122.133660271412, 47.926934280800836], [-122.133688814761, 47.926829652619], [-122.1336608277845, 47.92679045855117], [-122.133632840808, 47.92675126448333], [-122.1336048538315, 47.9267120704155], [-122.133576866855, 47.926672876347666], [-122.1335488798785, 47.92663368227983], [-122.133520892902, 47.926594488212], [-122.13355116691349, 47.926470640513166], [-122.133581440925, 47.92634679281433], [-122.1336117149365, 47.9262229451155], [-122.133641988948, 47.92609909741667], [-122.1336722629595, 47.92597524971783], [-122.133702536971, 47.925851402019], [-122.13370277226633, 47.925836578639164], [-122.13370300756166, 47.925821755259335], [-122.133703242857, 47.9258069318795], [-122.13370347815234, 47.925792108499664], [-122.13370371344767, 47.925777285119835], [-122.133703948743, 47.92576246174], [-122.13367562356066, 47.92575126637083], [-122.13364729837834, 47.92574007100167], [-122.13361897319601, 47.9257288756325], [-122.1336069798505, 47.92572413533008]]}, "properties": {"type": "feeder", "layer": "feeder", "cableId": "ML-1997-p42", "fiberCount": null, "footage": 1997, "typeMethod": "AER", "installMethod": "AER", "cableSpec": null, "status": "designed", "progressPct": 0, "printRef": "PRNT/p42", "label": "ML-1997-p42", "routeStreet": "Foster Slough Rd", "lengthM": 450.0}}, {"type": "Feature", "id": "cable-ML-470-p47-224", "geometry": {"type": "LineString", "coordinates": [[-122.13354965541217, 47.93863654569204], [-122.1334223127808, 47.938648238545795], [-122.133187332638, 47.93866981489], [-122.1331405406626, 47.938646661589], [-122.1330937486872, 47.938623508287996], [-122.1330469567118, 47.938600354987], [-122.1330001647364, 47.938577201686], [-122.132953372761, 47.938554048385], [-122.1329533727554, 47.9385769666632], [-122.1329533727498, 47.9385998849414], [-122.1329533727442, 47.9386228032196], [-122.1329533727386, 47.9386457214978], [-122.132953372733, 47.938668639776], [-122.13267760392, 47.9386686397454], [-122.132401835107, 47.9386686397148], [-122.13212606629399, 47.9386686396842], [-122.13186005658025, 47.93866863965468]]}, "properties": {"type": "distribution", "layer": "distribution", "cableId": "ML-470-p47", "fiberCount": null, "footage": 470, "typeMethod": "UGN", "installMethod": "UGN", "cableSpec": null, "status": "designed", "progressPct": 0, "printRef": "PRNT/p47", "label": "ML-470-p47", "routeStreet": "64th St SE", "lengthM": 143.3}}, {"type": "Feature", "id": "cable-ML-339-p47-225", "geometry": {"type": "LineString", "coordinates": [[-122.13439858571154, 47.938598088717924], [-122.13438541038859, 47.9385849847258], [-122.134362233352, 47.938561933169], [-122.1341272532092, 47.9385835095132], [-122.1338922730664, 47.9386050858574], [-122.1336572929236, 47.9386266622016], [-122.1334223127808, 47.938648238545795], [-122.133187332638, 47.93866981489], [-122.1331405406626, 47.938646661589], [-122.1330937486872, 47.938623508287996], [-122.13307908844028, 47.93861625419994]]}, "properties": {"type": "distribution", "layer": "distribution", "cableId": "ML-339-p47", "fiberCount": null, "footage": 339, "typeMethod": "UGN", "installMethod": "UGN", "cableSpec": null, "status": "designed", "progressPct": 0, "printRef": "PRNT/p47", "label": "ML-339-p47", "routeStreet": "64th St SE", "lengthM": 103.3}}, {"type": "Feature", "id": "cable-ML-1431-p47-226", "geometry": {"type": "LineString", "coordinates": [[-122.13735229323335, 47.93868839634539], [-122.137056440756, 47.9386881071852], [-122.13676106485501, 47.9386878184908], [-122.136465688954, 47.938687529796404], [-122.136170313053, 47.938687241102], [-122.1361223046946, 47.9386864133662], [-122.1360742963362, 47.9386855856304], [-122.1360262879778, 47.9386847578946], [-122.13597827961941, 47.9386839301588], [-122.135930271261, 47.938683102423], [-122.1356941341822, 47.9386581058054], [-122.1354579971034, 47.9386331091878], [-122.1352218600246, 47.9386081125702], [-122.1349857229458, 47.938583115952596], [-122.134749585867, 47.938558119335], [-122.134734816452, 47.938580236091], [-122.13472004703699, 47.938602352847], [-122.134705277622, 47.938624469603], [-122.134690508207, 47.938646586359], [-122.134675738792, 47.938668703115], [-122.1346482409558, 47.9386475502912], [-122.1346207431196, 47.9386263974674], [-122.1345932452834, 47.9386052446436], [-122.1345657474472, 47.9385840918198], [-122.134538249611, 47.938562938996], [-122.1345262233958, 47.9385857893874], [-122.1345141971806, 47.9386086397788], [-122.1345021709654, 47.9386314901702], [-122.1344901447502, 47.9386543405616], [-122.134478118535, 47.938677190953], [-122.1344549414984, 47.9386541393962], [-122.1344317644618, 47.9386310878394], [-122.1344085874252, 47.9386080362826], [-122.13438541038859, 47.9385849847258], [-122.134362233352, 47.938561933169], [-122.1341272532092, 47.9385835095132], [-122.1338922730664, 47.9386050858574], [-122.1336572929236, 47.9386266622016], [-122.1334223127808, 47.938648238545795], [-122.133187332638, 47.93866981489], [-122.1331405406626, 47.938646661589], [-122.1330937486872, 47.938623508287996], [-122.1330469567118, 47.938600354987], [-122.1330001647364, 47.938577201686], [-122.132953372761, 47.938554048385], [-122.1329533727554, 47.9385769666632], [-122.1329533727498, 47.9385998849414], [-122.1329533727442, 47.9386228032196], [-122.1329533727386, 47.9386457214978], [-122.132953372733, 47.938668639776], [-122.13267760392, 47.9386686397454], [-122.132401835107, 47.9386686397148], [-122.13214842220616, 47.93866863968668]]}, "properties": {"type": "feeder", "layer": "feeder", "cableId": "ML-1431-p47", "fiberCount": null, "footage": 1431, "typeMethod": "UGN", "installMethod": "UGN", "cableSpec": null, "status": "designed", "progressPct": 0, "printRef": "PRNT/p47", "label": "ML-1431-p47", "routeStreet": "64th St SE", "lengthM": 436.2}}, {"type": "Feature", "id": "cable-ML-311-p47-227", "geometry": {"type": "LineString", "coordinates": [[-122.13476037566792, 47.938559261504324], [-122.134749585867, 47.938558119335], [-122.134734816452, 47.938580236091], [-122.13472004703699, 47.938602352847], [-122.134705277622, 47.938624469603], [-122.134690508207, 47.938646586359], [-122.134675738792, 47.938668703115], [-122.1346482409558, 47.9386475502912], [-122.1346207431196, 47.9386263974674], [-122.1345932452834, 47.9386052446436], [-122.1345657474472, 47.9385840918198], [-122.134538249611, 47.938562938996], [-122.1345262233958, 47.9385857893874], [-122.1345141971806, 47.9386086397788], [-122.1345021709654, 47.9386314901702], [-122.1344901447502, 47.9386543405616], [-122.134478118535, 47.938677190953], [-122.1344549414984, 47.9386541393962], [-122.1344317644618, 47.9386310878394], [-122.1344085874252, 47.9386080362826], [-122.13438541038859, 47.9385849847258], [-122.134362233352, 47.938561933169], [-122.1341272532092, 47.9385835095132], [-122.1338922730664, 47.9386050858574], [-122.1338849860228, 47.938605754968236]]}, "properties": {"type": "distribution", "layer": "distribution", "cableId": "ML-311-p47", "fiberCount": null, "footage": 311, "typeMethod": "UGN", "installMethod": "UGN", "cableSpec": null, "status": "designed", "progressPct": 0, "printRef": "PRNT/p47", "label": "ML-311-p47", "routeStreet": "64th St SE", "lengthM": 94.8}}, {"type": "Feature", "id": "cable-ML-470-p48-228", "geometry": {"type": "LineString", "coordinates": [[-122.13294426707314, 47.93061349841837], [-122.132932606863, 47.93058434621367], [-122.1328842384015, 47.93046341809384], [-122.13283586994, 47.930342489974], [-122.13283854291834, 47.9303260985915], [-122.13284121589666, 47.930309707209], [-122.13284388887499, 47.9302933158265], [-122.13284656185333, 47.930276924444], [-122.13284923483167, 47.9302605330615], [-122.13285190781, 47.930244141679], [-122.13288179961482, 47.930241951096164], [-122.13291169141966, 47.93023976051333], [-122.1329415832245, 47.9302375699305], [-122.13297147502932, 47.930235379347664], [-122.13300136683416, 47.93023318876483], [-122.133031258639, 47.930230998182], [-122.133101374185, 47.93008777452083], [-122.133171489731, 47.929944550859666], [-122.133241605277, 47.9298013271985], [-122.133311720823, 47.92965810353733], [-122.13338183636901, 47.929514879876166], [-122.13339710814299, 47.92948368452069]]}, "properties": {"type": "distribution", "layer": "distribution", "cableId": "ML-470-p48", "fiberCount": null, "footage": 470, "typeMethod": "UGN", "installMethod": "UGN", "cableSpec": null, "status": "designed", "progressPct": 0, "printRef": "PRNT/p48", "label": "ML-470-p48", "routeStreet": "Foster Slough Rd", "lengthM": 143.3}}, {"type": "Feature", "id": "cable-ML-1431-p48-229", "geometry": {"type": "LineString", "coordinates": [[-122.13351413382085, 47.92781356810075], [-122.13351479537167, 47.92774469363967], [-122.13351617501932, 47.927601057674835], [-122.133517554667, 47.92745742171], [-122.133546098016, 47.92735279352817], [-122.133574641365, 47.927248165346334], [-122.13360318471399, 47.9271435371645], [-122.133631728063, 47.92703890898267], [-122.133660271412, 47.926934280800836], [-122.133688814761, 47.926829652619], [-122.1336608277845, 47.92679045855117], [-122.133632840808, 47.92675126448333], [-122.1336048538315, 47.9267120704155], [-122.133576866855, 47.926672876347666], [-122.1335488798785, 47.92663368227983], [-122.133520892902, 47.926594488212], [-122.13355116691349, 47.926470640513166], [-122.133581440925, 47.92634679281433], [-122.1336117149365, 47.9262229451155], [-122.133641988948, 47.92609909741667], [-122.1336722629595, 47.92597524971783], [-122.133702536971, 47.925851402019], [-122.13370277226633, 47.925836578639164], [-122.13370300756166, 47.925821755259335], [-122.133703242857, 47.9258069318795], [-122.13370347815234, 47.925792108499664], [-122.13370371344767, 47.925777285119835], [-122.133703948743, 47.92576246174], [-122.13367562356066, 47.92575126637083], [-122.13364729837834, 47.92574007100167], [-122.13361897319601, 47.9257288756325], [-122.13359064801367, 47.92571768026333], [-122.13356232283132, 47.92570648489417], [-122.133533997649, 47.925695289525], [-122.13356454564733, 47.92557906659667], [-122.13359509364567, 47.925462843668335], [-122.13362564164399, 47.92534662074], [-122.13365618964232, 47.92523039781167], [-122.13368673764066, 47.92511417488333], [-122.133717285639, 47.924997951955], [-122.13368979207684, 47.924952356326166], [-122.13366229851466, 47.92490676069733], [-122.1336348049525, 47.9248611650685], [-122.13360731139034, 47.924815569439666], [-122.13357981782818, 47.92476997381083], [-122.133552324266, 47.924724378182], [-122.13355272408084, 47.92470458758117], [-122.13355312389567, 47.92468479698033], [-122.1335535237105, 47.9246650063795], [-122.13355392352534, 47.92464521577867], [-122.13355432334016, 47.92462542517783], [-122.133554723155, 47.924605634577], [-122.13358511381183, 47.92451219698167], [-122.13361550446866, 47.924418759386334], [-122.13364589512551, 47.924325321791], [-122.13367628578234, 47.92423188419566], [-122.13370667643917, 47.92413844660033], [-122.13373493877285, 47.924051552641046]]}, "properties": {"type": "feeder", "layer": "feeder", "cableId": "ML-1431-p48", "fiberCount": null, "footage": 1431, "typeMethod": "UGN", "installMethod": "UGN", "cableSpec": null, "status": "designed", "progressPct": 0, "printRef": "PRNT/p48", "label": "ML-1431-p48", "routeStreet": "Foster Slough Rd", "lengthM": 436.2}}, {"type": "Feature", "id": "cable-ML-322-p49-230", "geometry": {"type": "LineString", "coordinates": [[-122.13284400380296, 47.930362825802874], [-122.13283586994, 47.930342489974], [-122.13283854291834, 47.9303260985915], [-122.13284121589666, 47.930309707209], [-122.13284388887499, 47.9302933158265], [-122.13284656185333, 47.930276924444], [-122.13284923483167, 47.9302605330615], [-122.13285190781, 47.930244141679], [-122.13288179961482, 47.930241951096164], [-122.13291169141966, 47.93023976051333], [-122.1329415832245, 47.9302375699305], [-122.13297147502932, 47.930235379347664], [-122.13300136683416, 47.93023318876483], [-122.133031258639, 47.930230998182], [-122.133101374185, 47.93008777452083], [-122.133171489731, 47.929944550859666], [-122.133241605277, 47.9298013271985], [-122.133311720823, 47.92965810353733], [-122.13332932722025, 47.92962213929235]]}, "properties": {"type": "distribution", "layer": "distribution", "cableId": "ML-322-p49", "fiberCount": null, "footage": 322, "typeMethod": "UGN", "installMethod": "UGN", "cableSpec": null, "status": "designed", "progressPct": 0, "printRef": "PRNT/p49", "label": "ML-322-p49", "routeStreet": "Foster Slough Rd", "lengthM": 98.1}}, {"type": "Feature", "id": "cable-ML-441-p49-231", "geometry": {"type": "LineString", "coordinates": [[-122.1332253859637, 47.9298344580741], [-122.133241605277, 47.9298013271985], [-122.133311720823, 47.92965810353733], [-122.13338183636901, 47.929514879876166], [-122.133451951915, 47.929371656215], [-122.13346112772834, 47.929220718113996], [-122.13347030354167, 47.929069780012995], [-122.133479479355, 47.928918841911994], [-122.13348865516834, 47.928767903811], [-122.13349571113902, 47.92865183619092]]}, "properties": {"type": "distribution", "layer": "distribution", "cableId": "ML-441-p49", "fiberCount": null, "footage": 441, "typeMethod": "UGN", "installMethod": "UGN", "cableSpec": null, "status": "designed", "progressPct": 0, "printRef": "PRNT/p49", "label": "ML-441-p49", "routeStreet": "Foster Slough Rd", "lengthM": 134.4}}, {"type": "Feature", "id": "cable-ML-194-p50-232", "geometry": {"type": "LineString", "coordinates": [[-122.13306540399802, 47.930161250121685], [-122.133101374185, 47.93008777452083], [-122.133171489731, 47.929944550859666], [-122.133241605277, 47.9298013271985], [-122.133311720823, 47.92965810353733]]}, "properties": {"type": "distribution", "layer": "distribution", "cableId": "ML-194-p50", "fiberCount": null, "footage": 194, "typeMethod": "UGN", "installMethod": "UGN", "cableSpec": null, "status": "designed", "progressPct": 0, "printRef": "PRNT/p50", "label": "ML-194-p50", "routeStreet": "Foster Slough Rd", "lengthM": 58.9}}, {"type": "Feature", "id": "cable-ML-391-p50-233", "geometry": {"type": "LineString", "coordinates": [[-122.13345442916466, 47.9293309065457], [-122.13346112772834, 47.929220718113996], [-122.13347030354167, 47.929069780012995], [-122.133479479355, 47.928918841911994], [-122.13348865516834, 47.928767903811], [-122.13349783098167, 47.92861696571], [-122.133507006795, 47.928466027609], [-122.133507385126, 47.92844156259066], [-122.133507763457, 47.92841709757233], [-122.133508141788, 47.928392632553994], [-122.133508520119, 47.928368167535666], [-122.13350889845, 47.92834370251733], [-122.133509276781, 47.928319237499], [-122.13350983564004, 47.92826105434118]]}, "properties": {"type": "distribution", "layer": "distribution", "cableId": "ML-391-p50", "fiberCount": null, "footage": 391, "typeMethod": "UGN", "installMethod": "UGN", "cableSpec": null, "status": "designed", "progressPct": 0, "printRef": "PRNT/p50", "label": "ML-391-p50", "routeStreet": "Foster Slough Rd", "lengthM": 119.2}}, {"type": "Feature", "id": "cable-ML-335-p51-234", "geometry": {"type": "LineString", "coordinates": [[-122.13346530458226, 47.929152010700754], [-122.13347030354167, 47.929069780012995], [-122.133479479355, 47.928918841911994], [-122.13348865516834, 47.928767903811], [-122.13349783098167, 47.92861696571], [-122.133507006795, 47.928466027609], [-122.133507385126, 47.92844156259066], [-122.133507763457, 47.92841709757233], [-122.133508141788, 47.928392632553994], [-122.133508520119, 47.928368167535666], [-122.13350889845, 47.92834370251733], [-122.133509276781, 47.928319237499], [-122.13351008261512, 47.928235341614645]]}, "properties": {"type": "distribution", "layer": "distribution", "cableId": "ML-335-p51", "fiberCount": null, "footage": 335, "typeMethod": "UGN", "installMethod": "UGN", "cableSpec": null, "status": "designed", "progressPct": 0, "printRef": "PRNT/p51", "label": "ML-335-p51", "routeStreet": "Foster Slough Rd", "lengthM": 102.1}}, {"type": "Feature", "id": "cable-ML-1086-p52-235", "geometry": {"type": "LineString", "coordinates": [[-122.13698161386093, 47.93868803405091], [-122.13676106485501, 47.9386878184908], [-122.136465688954, 47.938687529796404], [-122.136170313053, 47.938687241102], [-122.1361223046946, 47.9386864133662], [-122.1360742963362, 47.9386855856304], [-122.1360262879778, 47.9386847578946], [-122.13597827961941, 47.9386839301588], [-122.135930271261, 47.938683102423], [-122.1356941341822, 47.9386581058054], [-122.1354579971034, 47.9386331091878], [-122.1352218600246, 47.9386081125702], [-122.1349857229458, 47.938583115952596], [-122.134749585867, 47.938558119335], [-122.134734816452, 47.938580236091], [-122.13472004703699, 47.938602352847], [-122.134705277622, 47.938624469603], [-122.134690508207, 47.938646586359], [-122.134675738792, 47.938668703115], [-122.1346482409558, 47.9386475502912], [-122.1346207431196, 47.9386263974674], [-122.1345932452834, 47.9386052446436], [-122.1345657474472, 47.9385840918198], [-122.134538249611, 47.938562938996], [-122.1345262233958, 47.9385857893874], [-122.1345141971806, 47.9386086397788], [-122.1345021709654, 47.9386314901702], [-122.1344901447502, 47.9386543405616], [-122.134478118535, 47.938677190953], [-122.1344549414984, 47.9386541393962], [-122.1344317644618, 47.9386310878394], [-122.1344085874252, 47.9386080362826], [-122.13438541038859, 47.9385849847258], [-122.134362233352, 47.938561933169], [-122.1341272532092, 47.9385835095132], [-122.1338922730664, 47.9386050858574], [-122.1336572929236, 47.9386266622016], [-122.1334223127808, 47.938648238545795], [-122.133187332638, 47.93866981489], [-122.1331405406626, 47.938646661589], [-122.1330937486872, 47.938623508287996], [-122.1330469567118, 47.938600354987], [-122.13300434440724, 47.93857926984355]]}, "properties": {"type": "feeder", "layer": "feeder", "cableId": "ML-1086-p52", "fiberCount": null, "footage": 1086, "typeMethod": "UGN", "installMethod": "UGN", "cableSpec": null, "status": "designed", "progressPct": 0, "printRef": "PRNT/p52", "label": "ML-1086-p52", "routeStreet": "64th St SE", "lengthM": 331.0}}, {"type": "Feature", "id": "cable-ML-311-p53-236", "geometry": {"type": "LineString", "coordinates": [[-122.13350169100346, 47.92855347004621], [-122.133507006795, 47.928466027609], [-122.133507385126, 47.92844156259066], [-122.133507763457, 47.92841709757233], [-122.133508141788, 47.928392632553994], [-122.133508520119, 47.928368167535666], [-122.13350889845, 47.92834370251733], [-122.133509276781, 47.928319237499], [-122.13351065642867, 47.928175601534164], [-122.13351203607633, 47.92803196556933], [-122.133513415724, 47.9278883296045], [-122.13351479537167, 47.92774469363967], [-122.1335152051736, 47.927702028908925]]}, "properties": {"type": "distribution", "layer": "distribution", "cableId": "ML-311-p53", "fiberCount": null, "footage": 311, "typeMethod": "UGN", "installMethod": "UGN", "cableSpec": null, "status": "designed", "progressPct": 0, "printRef": "PRNT/p53", "label": "ML-311-p53", "routeStreet": "Foster Slough Rd", "lengthM": 94.8}}, {"type": "Feature", "id": "cable-ML-1044-p54-237", "geometry": {"type": "LineString", "coordinates": [[-122.1336039610779, 47.92625466531042], [-122.1336117149365, 47.9262229451155], [-122.133641988948, 47.92609909741667], [-122.1336722629595, 47.92597524971783], [-122.133702536971, 47.925851402019], [-122.13370277226633, 47.925836578639164], [-122.13370300756166, 47.925821755259335], [-122.133703242857, 47.9258069318795], [-122.13370347815234, 47.925792108499664], [-122.13370371344767, 47.925777285119835], [-122.133703948743, 47.92576246174], [-122.13367562356066, 47.92575126637083], [-122.13364729837834, 47.92574007100167], [-122.13361897319601, 47.9257288756325], [-122.13359064801367, 47.92571768026333], [-122.13356232283132, 47.92570648489417], [-122.133533997649, 47.925695289525], [-122.13356454564733, 47.92557906659667], [-122.13359509364567, 47.925462843668335], [-122.13362564164399, 47.92534662074], [-122.13365618964232, 47.92523039781167], [-122.13368673764066, 47.92511417488333], [-122.133717285639, 47.924997951955], [-122.13368979207684, 47.924952356326166], [-122.13366229851466, 47.92490676069733], [-122.1336348049525, 47.9248611650685], [-122.13360731139034, 47.924815569439666], [-122.13357981782818, 47.92476997381083], [-122.133552324266, 47.924724378182], [-122.13355272408084, 47.92470458758117], [-122.13355312389567, 47.92468479698033], [-122.1335535237105, 47.9246650063795], [-122.13355392352534, 47.92464521577867], [-122.13355432334016, 47.92462542517783], [-122.133554723155, 47.924605634577], [-122.13358511381183, 47.92451219698167], [-122.13361550446866, 47.924418759386334], [-122.13364589512551, 47.924325321791], [-122.13367628578234, 47.92423188419566], [-122.13370667643917, 47.92413844660033], [-122.133737067096, 47.924045009005], [-122.13371098283051, 47.923943151203666], [-122.13368489856501, 47.92384129340233], [-122.13365881429951, 47.923739435601], [-122.133632730034, 47.92363757779967], [-122.1336066457685, 47.923535719998334], [-122.13360252728508, 47.92351963751881]]}, "properties": {"type": "feeder", "layer": "feeder", "cableId": "ML-1044-p54", "fiberCount": null, "footage": 1044, "typeMethod": "UGN", "installMethod": "UGN", "cableSpec": null, "status": "designed", "progressPct": 0, "printRef": "PRNT/p54", "label": "ML-1044-p54", "routeStreet": "Foster Slough Rd", "lengthM": 318.2}}, {"type": "Feature", "id": "cable-ML-160-p55-239", "geometry": {"type": "LineString", "coordinates": [[-122.13078477784708, 47.938606287580534], [-122.1307187788388, 47.938599245769396], [-122.13050198214741, 47.9385761144922], [-122.130285185456, 47.938552983215], [-122.13024998617361, 47.938552576282795], [-122.1302147868912, 47.9385521693506], [-122.13017958760881, 47.9385517624184], [-122.1301443883264, 47.938551355486204], [-122.13013716176275, 47.93855127194128]]}, "properties": {"type": "distribution", "layer": "distribution", "cableId": "ML-160-p55", "fiberCount": null, "footage": 160, "typeMethod": "UGN", "installMethod": "UGN", "cableSpec": null, "status": "designed", "progressPct": 0, "printRef": "PRNT/p55", "label": "ML-160-p55", "routeStreet": "64th St SE", "lengthM": 48.8}}, {"type": "Feature", "id": "cable-ML-524-p55-240", "geometry": {"type": "LineString", "coordinates": [[-122.13465661243885, 47.93865399008904], [-122.1346482409558, 47.9386475502912], [-122.1346207431196, 47.9386263974674], [-122.1345932452834, 47.9386052446436], [-122.1345657474472, 47.9385840918198], [-122.134538249611, 47.938562938996], [-122.1345262233958, 47.9385857893874], [-122.1345141971806, 47.9386086397788], [-122.1345021709654, 47.9386314901702], [-122.1344901447502, 47.9386543405616], [-122.134478118535, 47.938677190953], [-122.1344549414984, 47.9386541393962], [-122.1344317644618, 47.9386310878394], [-122.1344085874252, 47.9386080362826], [-122.13438541038859, 47.9385849847258], [-122.134362233352, 47.938561933169], [-122.1341272532092, 47.9385835095132], [-122.1338922730664, 47.9386050858574], [-122.1336572929236, 47.9386266622016], [-122.1334223127808, 47.938648238545795], [-122.133187332638, 47.93866981489], [-122.1331405406626, 47.938646661589], [-122.1330937486872, 47.938623508287996], [-122.1330469567118, 47.938600354987], [-122.1330001647364, 47.938577201686], [-122.132953372761, 47.938554048385], [-122.1329533727554, 47.9385769666632], [-122.1329533727498, 47.9385998849414], [-122.13295337274522, 47.93861862777673]]}, "properties": {"type": "distribution", "layer": "distribution", "cableId": "ML-524-p55", "fiberCount": null, "footage": 524, "typeMethod": "UGN", "installMethod": "UGN", "cableSpec": null, "status": "designed", "progressPct": 0, "printRef": "PRNT/p55", "label": "ML-524-p55", "routeStreet": "64th St SE", "lengthM": 159.7}}, {"type": "Feature", "id": "cable-ML-532-p56-241", "geometry": {"type": "LineString", "coordinates": [[-122.13385083234787, 47.93860889102662], [-122.1336572929236, 47.9386266622016], [-122.1334223127808, 47.938648238545795], [-122.133187332638, 47.93866981489], [-122.1331405406626, 47.938646661589], [-122.1330937486872, 47.938623508287996], [-122.1330469567118, 47.938600354987], [-122.1330001647364, 47.938577201686], [-122.132953372761, 47.938554048385], [-122.1329533727554, 47.9385769666632], [-122.1329533727498, 47.9385998849414], [-122.1329533727442, 47.9386228032196], [-122.1329533727386, 47.9386457214978], [-122.132953372733, 47.938668639776], [-122.13267760392, 47.9386686397454], [-122.132401835107, 47.9386686397148], [-122.13212606629399, 47.9386686396842], [-122.13191064948968, 47.9386686396603]]}, "properties": {"type": "distribution", "layer": "distribution", "cableId": "ML-532-p56", "fiberCount": null, "footage": 532, "typeMethod": "UGN", "installMethod": "UGN", "cableSpec": null, "status": "designed", "progressPct": 0, "printRef": "PRNT/p56", "label": "ML-532-p56", "routeStreet": "64th St SE", "lengthM": 162.2}}, {"type": "Feature", "id": "cable-BORE-27-p56-242", "geometry": {"type": "LineString", "coordinates": [[-122.13622941165896, 47.93871232329827], [-122.136145313053, 47.938712241102], [-122.13611906873561, 47.938711788610775]]}, "properties": {"type": "bore", "layer": "bore", "cableId": "BORE-27-p56", "fiberCount": null, "footage": 27, "typeMethod": "UGN", "installMethod": "DIR_BORE", "cableSpec": null, "status": "designed", "progressPct": 0, "printRef": "p56", "label": "BORE-27-p56", "routeStreet": "64th St SE", "lengthM": 8.2}}, {"type": "Feature", "id": "cable-ML-232-p57-243", "geometry": {"type": "LineString", "coordinates": [[-122.13229556172465, 47.93866863970301], [-122.13212606629399, 47.9386686396842], [-122.131850297481, 47.9386686396536], [-122.131574528668, 47.938668639623], [-122.131533456717, 47.938668639618605], [-122.13149238476599, 47.9386686396142], [-122.131451312815, 47.9386686396098], [-122.131410240864, 47.938668639605396], [-122.131369168913, 47.938668639601], [-122.13134762635076, 47.93866634110199]]}, "properties": {"type": "distribution", "layer": "distribution", "cableId": "ML-232-p57", "fiberCount": null, "footage": 232, "typeMethod": "UGN", "installMethod": "UGN", "cableSpec": null, "status": "designed", "progressPct": 0, "printRef": "PRNT/p57", "label": "ML-232-p57", "routeStreet": "64th St SE", "lengthM": 70.7}}, {"type": "Feature", "id": "cable-ML-1410-p57-244", "geometry": {"type": "LineString", "coordinates": [[-122.1375565973857, 47.938688596028115], [-122.137351816657, 47.938688395879595], [-122.137056440756, 47.9386881071852], [-122.13676106485501, 47.9386878184908], [-122.136465688954, 47.938687529796404], [-122.136170313053, 47.938687241102], [-122.1361223046946, 47.9386864133662], [-122.1360742963362, 47.9386855856304], [-122.1360262879778, 47.9386847578946], [-122.13597827961941, 47.9386839301588], [-122.135930271261, 47.938683102423], [-122.1356941341822, 47.9386581058054], [-122.1354579971034, 47.9386331091878], [-122.1352218600246, 47.9386081125702], [-122.1349857229458, 47.938583115952596], [-122.134749585867, 47.938558119335], [-122.134734816452, 47.938580236091], [-122.13472004703699, 47.938602352847], [-122.134705277622, 47.938624469603], [-122.134690508207, 47.938646586359], [-122.134675738792, 47.938668703115], [-122.1346482409558, 47.9386475502912], [-122.1346207431196, 47.9386263974674], [-122.1345932452834, 47.9386052446436], [-122.1345657474472, 47.9385840918198], [-122.134538249611, 47.938562938996], [-122.1345262233958, 47.9385857893874], [-122.1345141971806, 47.9386086397788], [-122.1345021709654, 47.9386314901702], [-122.1344901447502, 47.9386543405616], [-122.134478118535, 47.938677190953], [-122.1344549414984, 47.9386541393962], [-122.1344317644618, 47.9386310878394], [-122.1344085874252, 47.9386080362826], [-122.13438541038859, 47.9385849847258], [-122.134362233352, 47.938561933169], [-122.1341272532092, 47.9385835095132], [-122.1338922730664, 47.9386050858574], [-122.1336572929236, 47.9386266622016], [-122.1334223127808, 47.938648238545795], [-122.133187332638, 47.93866981489], [-122.1331405406626, 47.938646661589], [-122.1330937486872, 47.938623508287996], [-122.1330469567118, 47.938600354987], [-122.1330001647364, 47.938577201686], [-122.132953372761, 47.938554048385], [-122.1329533727554, 47.9385769666632], [-122.1329533727498, 47.9385998849414], [-122.1329533727442, 47.9386228032196], [-122.1329533727386, 47.9386457214978], [-122.132953372733, 47.938668639776], [-122.13267760392, 47.9386686397454], [-122.13243855556878, 47.93866863971888]]}, "properties": {"type": "feeder", "layer": "feeder", "cableId": "ML-1410-p57", "fiberCount": null, "footage": 1410, "typeMethod": "UGN", "installMethod": "UGN", "cableSpec": null, "status": "designed", "progressPct": 0, "printRef": "PRNT/p57", "label": "ML-1410-p57", "routeStreet": "64th St SE", "lengthM": 429.8}}, {"type": "Feature", "id": "cable-BORE-32-p59-246", "geometry": {"type": "LineString", "coordinates": [[-122.13363214452662, 47.92606209758771], [-122.1336472629595, 47.92600024971783], [-122.13365328060328, 47.925975632189534]]}, "properties": {"type": "bore", "layer": "bore", "cableId": "BORE-32-p59", "fiberCount": null, "footage": 32, "typeMethod": "UGN", "installMethod": "DIR_BORE", "cableSpec": null, "status": "designed", "progressPct": 0, "printRef": "p59", "label": "BORE-32-p59", "routeStreet": "Foster Slough Rd", "lengthM": 9.8}}, {"type": "Feature", "id": "cable-BORE-31-p63-247", "geometry": {"type": "LineString", "coordinates": [[-122.13392949109337, 47.93862437287438], [-122.1338672730664, 47.9386300858574], [-122.13380396478621, 47.938635898949634]]}, "properties": {"type": "bore", "layer": "bore", "cableId": "BORE-31-p63", "fiberCount": null, "footage": 31, "typeMethod": "UGN", "installMethod": "DIR_BORE", "cableSpec": null, "status": "designed", "progressPct": 0, "printRef": "p63", "label": "BORE-31-p63", "routeStreet": "64th St SE", "lengthM": 9.4}}, {"type": "Feature", "id": "term-MT-H30240101", "geometry": {"type": "Point", "coordinates": [-122.13351172454351, 47.924834064083]}, "properties": {"type": "terminal", "layer": "terminal", "terminalId": "MT-H30240101", "fiberRange": null, "portCount": 6, "addressesServed": ["7909 Foster Slough Rd", "7913 Foster Slough Rd"], "status": "designed", "printRef": "p20", "label": "MT-H30240101", "placeSource": "sheet_cluster"}}, {"type": "Feature", "id": "term-MT-H3024025", "geometry": {"type": "Point", "coordinates": [-122.13720077545426, 47.937706521364]}, "properties": {"type": "terminal", "layer": "terminal", "terminalId": "MT-H3024025", "fiberRange": null, "portCount": 4, "addressesServed": ["6508 Foster Slough Rd", "6519 Foster Slough Rd", "6518 Foster Slough Rd", "6520 Foster Slough Rd"], "status": "designed", "printRef": "p43", "label": "MT-H3024025", "placeSource": "address_centroid"}}, {"type": "Feature", "id": "term-MT-H3024024", "geometry": {"type": "Point", "coordinates": [-122.13688567217, 47.937167597803004]}, "properties": {"type": "terminal", "layer": "terminal", "terminalId": "MT-H3024024", "fiberRange": null, "portCount": 5, "addressesServed": ["6601 Foster Slough Rd", "6608 Foster Slough Rd", "6514 Foster Slough Rd", "6530 Foster Slough Rd", "6613 Foster Slough Rd"], "status": "designed", "printRef": "p43", "label": "MT-H3024024", "placeSource": "address_centroid"}}, {"type": "Feature", "id": "term-MT-H3024023", "geometry": {"type": "Point", "coordinates": [-122.13618417616125, 47.9363042570195]}, "properties": {"type": "terminal", "layer": "terminal", "terminalId": "MT-H3024023", "fiberRange": null, "portCount": 4, "addressesServed": ["6630 Foster Slough Rd", "6621 Foster Slough Rd", "6701 Foster Slough Rd", "6727 Foster Slough Rd"], "status": "designed", "printRef": "p44", "label": "MT-H3024023", "placeSource": "address_centroid"}}, {"type": "Feature", "id": "term-MT-H3024022", "geometry": {"type": "Point", "coordinates": [-122.1353233204514, 47.934684008116]}, "properties": {"type": "terminal", "layer": "terminal", "terminalId": "MT-H3024022", "fiberRange": null, "portCount": 5, "addressesServed": ["6806 Foster Slough Rd", "6827 Foster Slough Rd", "6918 Foster Slough Rd", "6831 Foster Slough Rd", "6829 Foster Slough Rd"], "status": "designed", "printRef": "p45", "label": "MT-H3024022", "placeSource": "address_centroid"}}, {"type": "Feature", "id": "term-MT-H30240121", "geometry": {"type": "Point", "coordinates": [-122.13423874421919, 47.9331592168778]}, "properties": {"type": "terminal", "layer": "terminal", "terminalId": "MT-H30240121", "fiberRange": null, "portCount": 5, "addressesServed": ["7010 Foster Slough Rd", "7021 Foster Slough Rd", "7001 Foster Slough Rd", "7007 Foster Slough Rd", "7011 Foster Slough Rd"], "status": "designed", "printRef": "p45", "label": "MT-H30240121", "placeSource": "address_centroid"}}, {"type": "Feature", "id": "term-MT-H3024020", "geometry": {"type": "Point", "coordinates": [-122.13379358767531, 47.93227099767333]}, "properties": {"type": "terminal", "layer": "terminal", "terminalId": "MT-H3024020", "fiberRange": null, "portCount": 4, "addressesServed": ["7101 Foster Slough Rd", "7103 Foster Slough Rd", "7104 Foster Slough Rd"], "status": "designed", "printRef": "p45", "label": "MT-H3024020", "placeSource": "address_centroid"}}, {"type": "Feature", "id": "term-MT-H3024019", "geometry": {"type": "Point", "coordinates": [-122.13559333984101, 47.93862855907578]}, "properties": {"type": "terminal", "layer": "terminal", "terminalId": "MT-H3024019", "fiberRange": null, "portCount": 9, "addressesServed": ["7115 64th St SE", "7017 64th St SE", "7006 64th St SE", "7200 64th St SE", "7219 64th St SE", "7214 64th St SE", "7226 64th St SE", "7205 64th St SE", "7131 64th St SE"], "status": "designed", "printRef": "p46", "label": "MT-H3024019", "placeSource": "address_centroid"}}, {"type": "Feature", "id": "term-MT-H3024018", "geometry": {"type": "Point", "coordinates": [-122.1326671517, 47.9386402856685]}, "properties": {"type": "terminal", "layer": "terminal", "terminalId": "MT-H3024018", "fiberRange": null, "portCount": 4, "addressesServed": ["7307 64th St SE", "7323 64th St SE", "7417 64th St SE", "7322 64th St SE"], "status": "designed", "printRef": "p46", "label": "MT-H3024018", "placeSource": "address_centroid"}}, {"type": "Feature", "id": "term-MT-H3024017", "geometry": {"type": "Point", "coordinates": [-122.130431517195, 47.9385804560935]}, "properties": {"type": "terminal", "layer": "terminal", "terminalId": "MT-H3024017", "fiberRange": null, "portCount": 4, "addressesServed": ["7526 64th St SE", "7516 64th St SE", "7504 64th St SE", "7431 64th St SE"], "status": "designed", "printRef": "p47", "label": "MT-H3024017", "placeSource": "address_centroid"}}, {"type": "Feature", "id": "term-MT-H30240109", "geometry": {"type": "Point", "coordinates": [-122.14123176762125, 47.941818012293]}, "properties": {"type": "terminal", "layer": "terminal", "terminalId": "MT-H30240109", "fiberRange": null, "portCount": 4, "addressesServed": ["6118 Foster Slough Rd", "6019 Foster Slough Rd", "6016 Foster Slough Rd", "6026 Foster Slough Rd"], "status": "designed", "printRef": "p5", "label": "MT-H30240109", "placeSource": "address_centroid"}}, {"type": "Feature", "id": "term-MT-H3024027", "geometry": {"type": "Point", "coordinates": [-122.13885977424061, 47.93945129577801]}, "properties": {"type": "terminal", "layer": "terminal", "terminalId": "MT-H3024027", "fiberRange": null, "portCount": 5, "addressesServed": ["6220 Foster Slough Rd", "6205 Foster Slough Rd", "6318 Foster Slough Rd", "6325 Foster Slough Rd", "6319 Foster Slough Rd"], "status": "designed", "printRef": "p42", "label": "MT-H3024027", "placeSource": "address_centroid"}}, {"type": "Feature", "id": "term-MT-H3024026", "geometry": {"type": "Point", "coordinates": [-122.137933063532, 47.938538347048336]}, "properties": {"type": "terminal", "layer": "terminal", "terminalId": "MT-H3024026", "fiberRange": null, "portCount": 4, "addressesServed": ["6410 Foster Slough Rd", "6422 Foster Slough Rd", "6421 Foster Slough Rd"], "status": "designed", "printRef": "p42", "label": "MT-H3024026", "placeSource": "address_centroid"}}, {"type": "Feature", "id": "term-MT-H3024015", "geometry": {"type": "Point", "coordinates": [-122.149536257353, 47.94561636667299]}, "properties": {"type": "terminal", "layer": "terminal", "terminalId": "MT-H3024015", "fiberRange": null, "portCount": 6, "addressesServed": ["5709 61st Ave SE", "5631 61st Ave SE"], "status": "designed", "printRef": "p49", "label": "MT-H3024015", "placeSource": "sheet_cluster"}}, {"type": "Feature", "id": "term-MT-H3024014", "geometry": {"type": "Point", "coordinates": [-122.1495686163715, 47.9447702075785]}, "properties": {"type": "terminal", "layer": "terminal", "terminalId": "MT-H3024014", "fiberRange": null, "portCount": 6, "addressesServed": ["5805 61st Ave SE", "5807 61st Ave SE"], "status": "designed", "printRef": "p50", "label": "MT-H3024014", "placeSource": "sheet_cluster"}}, {"type": "Feature", "id": "term-MT-H3024013", "geometry": {"type": "Point", "coordinates": [-122.1497527990815, 47.944493226982]}, "properties": {"type": "terminal", "layer": "terminal", "terminalId": "MT-H3024013", "fiberRange": null, "portCount": 6, "addressesServed": ["5710 61st Ave SE", "5806 61st Ave SE"], "status": "designed", "printRef": "p50", "label": "MT-H3024013", "placeSource": "sheet_cluster"}}, {"type": "Feature", "id": "term-MT-H3024012", "geometry": {"type": "Point", "coordinates": [-122.1517627344445, 47.942252345968]}, "properties": {"type": "terminal", "layer": "terminal", "terminalId": "MT-H3024012", "fiberRange": null, "portCount": 6, "addressesServed": ["5933 60th St SE", "5906 60th St SE"], "status": "designed", "printRef": "p49", "label": "MT-H3024012", "placeSource": "sheet_cluster"}}, {"type": "Feature", "id": "term-MT-H3024011", "geometry": {"type": "Point", "coordinates": [-122.152123949908, 47.9422696417015]}, "properties": {"type": "terminal", "layer": "terminal", "terminalId": "MT-H3024011", "fiberRange": null, "portCount": 6, "addressesServed": ["5931 60th St SE", "5929 60th St SE"], "status": "designed", "printRef": "p64", "label": "MT-H3024011", "placeSource": "sheet_cluster"}}, {"type": "Feature", "id": "term-MT-H3024016", "geometry": {"type": "Point", "coordinates": [-122.148876700134, 47.942287641341004]}, "properties": {"type": "terminal", "layer": "terminal", "terminalId": "MT-H3024016", "fiberRange": null, "portCount": 6, "addressesServed": ["6109 60th St SE", "6103 60th St SE"], "status": "designed", "printRef": "p64", "label": "MT-H3024016", "placeSource": "sheet_cluster"}}, {"type": "Feature", "id": "term-MT-H3024067", "geometry": {"type": "Point", "coordinates": [-122.1366858314275, 47.936819002351]}, "properties": {"type": "terminal", "layer": "terminal", "terminalId": "MT-H3024067", "fiberRange": null, "portCount": 6, "addressesServed": ["6601 Foster Slough Rd", "6605 Foster Slough Rd"], "status": "designed", "printRef": "p7", "label": "MT-H3024067", "placeSource": "sheet_cluster"}}, {"type": "Feature", "id": "term-MT-H3024066", "geometry": {"type": "Point", "coordinates": [-122.1366610599165, 47.936801248807996]}, "properties": {"type": "terminal", "layer": "terminal", "terminalId": "MT-H3024066", "fiberRange": null, "portCount": 6, "addressesServed": ["6620 Foster Slough Rd", "6612 Foster Slough Rd"], "status": "designed", "printRef": "p7", "label": "MT-H3024066", "placeSource": "sheet_cluster"}}, {"type": "Feature", "id": "term-MT-H3024065", "geometry": {"type": "Point", "coordinates": [-122.1367574831705, 47.9368554854435]}, "properties": {"type": "terminal", "layer": "terminal", "terminalId": "MT-H3024065", "fiberRange": null, "portCount": 6, "addressesServed": ["6608 Foster Slough Rd", "6604 Foster Slough Rd"], "status": "designed", "printRef": "p10", "label": "MT-H3024065", "placeSource": "sheet_cluster"}}, {"type": "Feature", "id": "term-MT-H3024064", "geometry": {"type": "Point", "coordinates": [-122.1368866248775, 47.9372183489625]}, "properties": {"type": "terminal", "layer": "terminal", "terminalId": "MT-H3024064", "fiberRange": null, "portCount": 6, "addressesServed": ["6602 Foster Slough Rd", "6533 Foster Slough Rd"], "status": "designed", "printRef": "p10", "label": "MT-H3024064", "placeSource": "sheet_cluster"}}, {"type": "Feature", "id": "term-MT-H3024063", "geometry": {"type": "Point", "coordinates": [-122.13700826245301, 47.9375684545375]}, "properties": {"type": "terminal", "layer": "terminal", "terminalId": "MT-H3024063", "fiberRange": null, "portCount": 6, "addressesServed": ["6529 Foster Slough Rd", "6531 Foster Slough Rd"], "status": "designed", "printRef": "p10", "label": "MT-H3024063", "placeSource": "sheet_cluster"}}, {"type": "Feature", "id": "term-MT-H3024062", "geometry": {"type": "Point", "coordinates": [-122.1370509378515, 47.940999966906006]}, "properties": {"type": "terminal", "layer": "terminal", "terminalId": "MT-H3024062", "fiberRange": null, "portCount": 6, "addressesServed": ["6132 70th Dr SE", "6126 70th Dr SE"], "status": "designed", "printRef": "p10", "label": "MT-H3024062", "placeSource": "sheet_cluster"}}, {"type": "Feature", "id": "term-MT-H3024061", "geometry": {"type": "Point", "coordinates": [-122.1369721189125, 47.94125681583449]}, "properties": {"type": "terminal", "layer": "terminal", "terminalId": "MT-H3024061", "fiberRange": null, "portCount": 6, "addressesServed": ["6120 70th Dr SE", "6110 70th Dr SE"], "status": "designed", "printRef": "p12", "label": "MT-H3024061", "placeSource": "sheet_cluster"}}, {"type": "Feature", "id": "term-MT-H3024060", "geometry": {"type": "Point", "coordinates": [-122.136998235827, 47.9416864614805]}, "properties": {"type": "terminal", "layer": "terminal", "terminalId": "MT-H3024060", "fiberRange": null, "portCount": 6, "addressesServed": ["6026 70th Dr SE", "6100 70th Dr SE"], "status": "designed", "printRef": "p15", "label": "MT-H3024060", "placeSource": "sheet_cluster"}}, {"type": "Feature", "id": "term-MT-H3024059", "geometry": {"type": "Point", "coordinates": [-122.13704499484, 47.9376885473615]}, "properties": {"type": "terminal", "layer": "terminal", "terminalId": "MT-H3024059", "fiberRange": null, "portCount": 6, "addressesServed": ["6521 Foster Slough Rd", "6519 Foster Slough Rd"], "status": "designed", "printRef": "p17", "label": "MT-H3024059", "placeSource": "sheet_cluster"}}, {"type": "Feature", "id": "term-MT-H3024058", "geometry": {"type": "Point", "coordinates": [-122.13710470751101, 47.937704612339004]}, "properties": {"type": "terminal", "layer": "terminal", "terminalId": "MT-H3024058", "fiberRange": null, "portCount": 6, "addressesServed": ["6511 Foster Slough Rd", "6515 Foster Slough Rd"], "status": "designed", "printRef": "p17", "label": "MT-H3024058", "placeSource": "sheet_cluster"}}, {"type": "Feature", "id": "term-MT-H3024057", "geometry": {"type": "Point", "coordinates": [-122.13716866542599, 47.937593026380505]}, "properties": {"type": "terminal", "layer": "terminal", "terminalId": "MT-H3024057", "fiberRange": null, "portCount": 6, "addressesServed": ["6509 Foster Slough Rd", "6532 Foster Slough Rd"], "status": "designed", "printRef": "p17", "label": "MT-H3024057", "placeSource": "sheet_cluster"}}, {"type": "Feature", "id": "term-MT-H3024056", "geometry": {"type": "Point", "coordinates": [-122.137128048148, 47.9376749813235]}, "properties": {"type": "terminal", "layer": "terminal", "terminalId": "MT-H3024056", "fiberRange": null, "portCount": 6, "addressesServed": ["6528 Foster Slough Rd", "6530 Foster Slough Rd"], "status": "designed", "printRef": "p18", "label": "MT-H3024056", "placeSource": "sheet_cluster"}}, {"type": "Feature", "id": "term-MT-H3024055", "geometry": {"type": "Point", "coordinates": [-122.137172205165, 47.937669085364504]}, "properties": {"type": "terminal", "layer": "terminal", "terminalId": "MT-H3024055", "fiberRange": null, "portCount": 6, "addressesServed": ["6526 Foster Slough Rd", "6524 Foster Slough Rd"], "status": "designed", "printRef": "p18", "label": "MT-H3024055", "placeSource": "sheet_cluster"}}, {"type": "Feature", "id": "term-MT-H3024054", "geometry": {"type": "Point", "coordinates": [-122.137216362181, 47.937663189406]}, "properties": {"type": "terminal", "layer": "terminal", "terminalId": "MT-H3024054", "fiberRange": null, "portCount": 6, "addressesServed": ["6520 Foster Slough Rd", "6522 Foster Slough Rd"], "status": "designed", "printRef": "p15", "label": "MT-H3024054", "placeSource": "sheet_cluster"}}, {"type": "Feature", "id": "term-MT-H3024053", "geometry": {"type": "Point", "coordinates": [-122.13726051919801, 47.9376572934475]}, "properties": {"type": "terminal", "layer": "terminal", "terminalId": "MT-H3024053", "fiberRange": null, "portCount": 6, "addressesServed": ["6518 Foster Slough Rd", "6516 Foster Slough Rd"], "status": "designed", "printRef": "p15", "label": "MT-H3024053", "placeSource": "sheet_cluster"}}, {"type": "Feature", "id": "term-MT-H3024052", "geometry": {"type": "Point", "coordinates": [-122.137304676214, 47.937651397489006]}, "properties": {"type": "terminal", "layer": "terminal", "terminalId": "MT-H3024052", "fiberRange": null, "portCount": 6, "addressesServed": ["6512 Foster Slough Rd", "6514 Foster Slough Rd"], "status": "designed", "printRef": "p12", "label": "MT-H3024052", "placeSource": "sheet_cluster"}}, {"type": "Feature", "id": "term-MT-H3024051", "geometry": {"type": "Point", "coordinates": [-122.137262509609, 47.9378572519505]}, "properties": {"type": "terminal", "layer": "terminal", "terminalId": "MT-H3024051", "fiberRange": null, "portCount": 6, "addressesServed": ["6508 Foster Slough Rd", "6506 Foster Slough Rd"], "status": "designed", "printRef": "p14", "label": "MT-H3024051", "placeSource": "sheet_cluster"}}, {"type": "Feature", "id": "term-MT-H3024050", "geometry": {"type": "Point", "coordinates": [-122.137659130613, 47.9386098383215]}, "properties": {"type": "terminal", "layer": "terminal", "terminalId": "MT-H3024050", "fiberRange": null, "portCount": 6, "addressesServed": ["6421 Foster Slough Rd", "7017 64th St SE"], "status": "designed", "printRef": "p14", "label": "MT-H3024050", "placeSource": "sheet_cluster"}}, {"type": "Feature", "id": "term-MT-H3024049", "geometry": {"type": "Point", "coordinates": [-122.13784759652751, 47.938507144513]}, "properties": {"type": "terminal", "layer": "terminal", "terminalId": "MT-H3024049", "fiberRange": null, "portCount": 6, "addressesServed": ["6424 Foster Slough Rd", "7006 64th St SE"], "status": "designed", "printRef": "p12", "label": "MT-H3024049", "placeSource": "sheet_cluster"}}, {"type": "Feature", "id": "term-MT-H3024048", "geometry": {"type": "Point", "coordinates": [-122.13794907412901, 47.938429246755]}, "properties": {"type": "terminal", "layer": "terminal", "terminalId": "MT-H3024048", "fiberRange": null, "portCount": 6, "addressesServed": ["6422 Foster Slough Rd", "6420 Foster Slough Rd"], "status": "designed", "printRef": "p12", "label": "MT-H3024048", "placeSource": "sheet_cluster"}}, {"type": "Feature", "id": "term-MT-H3024047", "geometry": {"type": "Point", "coordinates": [-122.137977502742, 47.938603733898006]}, "properties": {"type": "terminal", "layer": "terminal", "terminalId": "MT-H3024047", "fiberRange": null, "portCount": 6, "addressesServed": ["6327 Foster Slough Rd", "6325 Foster Slough Rd"], "status": "designed", "printRef": "p10", "label": "MT-H3024047", "placeSource": "sheet_cluster"}}, {"type": "Feature", "id": "term-MT-H3024046", "geometry": {"type": "Point", "coordinates": [-122.1380072680055, 47.938870795759]}, "properties": {"type": "terminal", "layer": "terminal", "terminalId": "MT-H3024046", "fiberRange": null, "portCount": 6, "addressesServed": ["6319 Foster Slough Rd", "6323 Foster Slough Rd"], "status": "designed", "printRef": "p9", "label": "MT-H3024046", "placeSource": "sheet_cluster"}}, {"type": "Feature", "id": "term-MT-H3024045", "geometry": {"type": "Point", "coordinates": [-122.13816601977499, 47.9387641531225]}, "properties": {"type": "terminal", "layer": "terminal", "terminalId": "MT-H3024045", "fiberRange": null, "portCount": 6, "addressesServed": ["6410 Foster Slough Rd", "6404 Foster Slough Rd"], "status": "designed", "printRef": "p9", "label": "MT-H3024045", "placeSource": "sheet_cluster"}}, {"type": "Feature", "id": "term-MT-H3024044", "geometry": {"type": "Point", "coordinates": [-122.138822920915, 47.9393073660645]}, "properties": {"type": "terminal", "layer": "terminal", "terminalId": "MT-H3024044", "fiberRange": null, "portCount": 6, "addressesServed": ["6326 Foster Slough Rd", "6330 Foster Slough Rd"], "status": "designed", "printRef": "p9", "label": "MT-H3024044", "placeSource": "sheet_cluster"}}, {"type": "Feature", "id": "term-MT-H3024043", "geometry": {"type": "Point", "coordinates": [-122.13890819327851, 47.939326422039]}, "properties": {"type": "terminal", "layer": "terminal", "terminalId": "MT-H3024043", "fiberRange": null, "portCount": 6, "addressesServed": ["6322 Foster Slough Rd", "6318 Foster Slough Rd"], "status": "designed", "printRef": "p19", "label": "MT-H3024043", "placeSource": "sheet_cluster"}}, {"type": "Feature", "id": "term-MT-H3024042", "geometry": {"type": "Point", "coordinates": [-122.1390097837325, 47.9393602420075]}, "properties": {"type": "terminal", "layer": "terminal", "terminalId": "MT-H3024042", "fiberRange": null, "portCount": 6, "addressesServed": ["6306 Foster Slough Rd", "6314 Foster Slough Rd"], "status": "designed", "printRef": "p19", "label": "MT-H3024042", "placeSource": "sheet_cluster"}}, {"type": "Feature", "id": "term-MT-H3024041", "geometry": {"type": "Point", "coordinates": [-122.1392544358825, 47.940006543554]}, "properties": {"type": "terminal", "layer": "terminal", "terminalId": "MT-H3024041", "fiberRange": null, "portCount": 6, "addressesServed": ["6231 Foster Slough Rd", "6233 Foster Slough Rd"], "status": "designed", "printRef": "p20", "label": "MT-H3024041", "placeSource": "sheet_cluster"}}, {"type": "Feature", "id": "term-MT-H3024040", "geometry": {"type": "Point", "coordinates": [-122.13938733038549, 47.9400682298765]}, "properties": {"type": "terminal", "layer": "terminal", "terminalId": "MT-H3024040", "fiberRange": null, "portCount": 6, "addressesServed": ["6219 Foster Slough Rd", "6229 Foster Slough Rd"], "status": "designed", "printRef": "p20", "label": "MT-H3024040", "placeSource": "sheet_cluster"}}, {"type": "Feature", "id": "term-MT-H3024039", "geometry": {"type": "Point", "coordinates": [-122.13952070643, 47.940129675460994]}, "properties": {"type": "terminal", "layer": "terminal", "terminalId": "MT-H3024039", "fiberRange": null, "portCount": 6, "addressesServed": ["6215 Foster Slough Rd", "6217 Foster Slough Rd"], "status": "designed", "printRef": "p2", "label": "MT-H3024039", "placeSource": "sheet_cluster"}}, {"type": "Feature", "id": "term-MT-H3024038", "geometry": {"type": "Point", "coordinates": [-122.13961901987801, 47.9400640899665]}, "properties": {"type": "terminal", "layer": "terminal", "terminalId": "MT-H3024038", "fiberRange": null, "portCount": 6, "addressesServed": ["6232 Foster Slough Rd", "6211 Foster Slough Rd"], "status": "designed", "printRef": "p22", "label": "MT-H3024038", "placeSource": "sheet_cluster"}}, {"type": "Feature", "id": "term-MT-H3024037", "geometry": {"type": "Point", "coordinates": [-122.13969582324249, 47.93997938438851]}, "properties": {"type": "terminal", "layer": "terminal", "terminalId": "MT-H3024037", "fiberRange": null, "portCount": 6, "addressesServed": ["6224 Foster Slough Rd", "6228 Foster Slough Rd"], "status": "designed", "printRef": "p23", "label": "MT-H3024037", "placeSource": "sheet_cluster"}}, {"type": "Feature", "id": "term-MT-H3024036", "geometry": {"type": "Point", "coordinates": [-122.1396511479725, 47.940265981642995]}, "properties": {"type": "terminal", "layer": "terminal", "terminalId": "MT-H3024036", "fiberRange": null, "portCount": 6, "addressesServed": ["6205 Foster Slough Rd", "6220 Foster Slough Rd"], "status": "designed", "printRef": "p23", "label": "MT-H3024036", "placeSource": "sheet_cluster"}}, {"type": "Feature", "id": "term-MT-H3024035", "geometry": {"type": "Point", "coordinates": [-122.13969360504049, 47.940245943490496]}, "properties": {"type": "terminal", "layer": "terminal", "terminalId": "MT-H3024035", "fiberRange": null, "portCount": 6, "addressesServed": ["6218 Foster Slough Rd", "6203 Foster Slough Rd"], "status": "designed", "printRef": "p24", "label": "MT-H3024035", "placeSource": "sheet_cluster"}}, {"type": "Feature", "id": "term-MT-H3024034", "geometry": {"type": "Point", "coordinates": [-122.1397961122785, 47.9401840858105]}, "properties": {"type": "terminal", "layer": "terminal", "terminalId": "MT-H3024034", "fiberRange": null, "portCount": 6, "addressesServed": ["6210 Foster Slough Rd", "6208 Foster Slough Rd"], "status": "designed", "printRef": "p22", "label": "MT-H3024034", "placeSource": "sheet_cluster"}}, {"type": "Feature", "id": "term-MT-H3024033", "geometry": {"type": "Point", "coordinates": [-122.1398573737595, 47.9401807626995]}, "properties": {"type": "terminal", "layer": "terminal", "terminalId": "MT-H3024033", "fiberRange": null, "portCount": 6, "addressesServed": ["6206 Foster Slough Rd", "6202 Foster Slough Rd"], "status": "designed", "printRef": "p21", "label": "MT-H3024033", "placeSource": "sheet_cluster"}}, {"type": "Feature", "id": "term-MT-H3024032", "geometry": {"type": "Point", "coordinates": [-122.1404830778245, 47.940964624905504]}, "properties": {"type": "terminal", "layer": "terminal", "terminalId": "MT-H3024032", "fiberRange": null, "portCount": 6, "addressesServed": ["6129 Foster Slough Rd", "6131 Foster Slough Rd"], "status": "designed", "printRef": "p28", "label": "MT-H3024032", "placeSource": "sheet_cluster"}}, {"type": "Feature", "id": "term-MT-H3024031", "geometry": {"type": "Point", "coordinates": [-122.140458993633, 47.9411922023335]}, "properties": {"type": "terminal", "layer": "terminal", "terminalId": "MT-H3024031", "fiberRange": null, "portCount": 6, "addressesServed": ["6125 Foster Slough Rd", "6121 Foster Slough Rd"], "status": "designed", "printRef": "p2", "label": "MT-H3024031", "placeSource": "sheet_cluster"}}, {"type": "Feature", "id": "term-MT-H3024030", "geometry": {"type": "Point", "coordinates": [-122.14057776362249, 47.9411533870585]}, "properties": {"type": "terminal", "layer": "terminal", "terminalId": "MT-H3024030", "fiberRange": null, "portCount": 6, "addressesServed": ["6128 Foster Slough Rd", "6111 Foster Slough Rd"], "status": "designed", "printRef": "p29", "label": "MT-H3024030", "placeSource": "sheet_cluster"}}, {"type": "Feature", "id": "term-MT-H3024029", "geometry": {"type": "Point", "coordinates": [-122.140629715513, 47.9411520027315]}, "properties": {"type": "terminal", "layer": "terminal", "terminalId": "MT-H3024029", "fiberRange": null, "portCount": 6, "addressesServed": ["6124 Foster Slough Rd", "6107 Foster Slough Rd"], "status": "designed", "printRef": "p29", "label": "MT-H3024029", "placeSource": "sheet_cluster"}}, {"type": "Feature", "id": "term-MT-H3024028", "geometry": {"type": "Point", "coordinates": [-122.14068166740401, 47.9411506184045]}, "properties": {"type": "terminal", "layer": "terminal", "terminalId": "MT-H3024028", "fiberRange": null, "portCount": 6, "addressesServed": ["6122 Foster Slough Rd", "6101 Foster Slough Rd"], "status": "designed", "printRef": "p2", "label": "MT-H3024028", "placeSource": "sheet_cluster"}}, {"type": "Feature", "id": "term-MT-H3024095", "geometry": {"type": "Point", "coordinates": [-122.13369017252299, 47.925437993413496]}, "properties": {"type": "terminal", "layer": "terminal", "terminalId": "MT-H3024095", "fiberRange": null, "portCount": 6, "addressesServed": ["7910 Foster Slough Rd", "7828 Foster Slough Rd"], "status": "designed", "printRef": "p29", "label": "MT-H3024095", "placeSource": "sheet_cluster"}}, {"type": "Feature", "id": "term-MT-H3024096", "geometry": {"type": "Point", "coordinates": [-122.1336632428565, 47.925886931879496]}, "properties": {"type": "terminal", "layer": "terminal", "terminalId": "MT-H3024096", "fiberRange": null, "portCount": 6, "addressesServed": ["7820 Foster Slough Rd", "7826 Foster Slough Rd"], "status": "designed", "printRef": "p29", "label": "MT-H3024096", "placeSource": "sheet_cluster"}}, {"type": "Feature", "id": "term-MT-H3024097", "geometry": {"type": "Point", "coordinates": [-122.1337423957935, 47.925780296047]}, "properties": {"type": "terminal", "layer": "terminal", "terminalId": "MT-H3024097", "fiberRange": null, "portCount": 6, "addressesServed": ["7816 Foster Slough Rd", "7818 Foster Slough Rd"], "status": "designed", "printRef": "p28", "label": "MT-H3024097", "placeSource": "sheet_cluster"}}, {"type": "Feature", "id": "term-MT-H3024098", "geometry": {"type": "Point", "coordinates": [-122.13371525233401, 47.926327209403]}, "properties": {"type": "terminal", "layer": "terminal", "terminalId": "MT-H3024098", "fiberRange": null, "portCount": 6, "addressesServed": ["7812 Foster Slough Rd", "7708 Foster Slough Rd"], "status": "designed", "printRef": "p28", "label": "MT-H3024098", "placeSource": "sheet_cluster"}}, {"type": "Feature", "id": "term-MT-H3024099", "geometry": {"type": "Point", "coordinates": [-122.13360841237949, 47.927753122761004]}, "properties": {"type": "terminal", "layer": "terminal", "terminalId": "MT-H3024099", "fiberRange": null, "portCount": 6, "addressesServed": ["7125 Foster Slough Rd", "8089 Foster Slough Rd"], "status": "designed", "printRef": "p25", "label": "MT-H3024099", "placeSource": "sheet_cluster"}}, {"type": "Feature", "id": "term-MT-H30240100", "geometry": {"type": "Point", "coordinates": [-122.1335335237105, 47.9247050063795]}, "properties": {"type": "terminal", "layer": "terminal", "terminalId": "MT-H30240100", "fiberRange": null, "portCount": 6, "addressesServed": ["7915 Foster Slough Rd", "7931 Foster Slough Rd"], "status": "designed", "printRef": "p27", "label": "MT-H30240100", "placeSource": "sheet_cluster"}}, {"type": "Feature", "id": "term-MT-H30240103", "geometry": {"type": "Point", "coordinates": [-122.13353922378451, 47.926985954961]}, "properties": {"type": "terminal", "layer": "terminal", "terminalId": "MT-H30240103", "fiberRange": null, "portCount": 6, "addressesServed": ["7719 Foster Slough Rd", "7625 Foster Slough Rd"], "status": "designed", "printRef": "p9", "label": "MT-H30240103", "placeSource": "sheet_cluster"}}, {"type": "Feature", "id": "term-MT-H30240104", "geometry": {"type": "Point", "coordinates": [-122.133508141788, 47.928392632553994]}, "properties": {"type": "terminal", "layer": "terminal", "terminalId": "MT-H30240104", "fiberRange": null, "portCount": 6, "addressesServed": ["7515 Foster Slough Rd", "7531 Foster Slough Rd"], "status": "designed", "printRef": "p8", "label": "MT-H30240104", "placeSource": "sheet_cluster"}}, {"type": "Feature", "id": "term-MT-H30240105", "geometry": {"type": "Point", "coordinates": [-122.133381660796, 47.930302942859]}, "properties": {"type": "terminal", "layer": "terminal", "terminalId": "MT-H30240105", "fiberRange": null, "portCount": 6, "addressesServed": ["7208 Foster Slough Rd", "7422 Foster Slough Rd"], "status": "designed", "printRef": "p8", "label": "MT-H30240105", "placeSource": "sheet_cluster"}}, {"type": "Feature", "id": "term-MT-H30240106", "geometry": {"type": "Point", "coordinates": [-122.133143502909, 47.9350009758915]}, "properties": {"type": "terminal", "layer": "terminal", "terminalId": "MT-H30240106", "fiberRange": null, "portCount": 6, "addressesServed": ["7211 Foster Slough Rd", "7307 64th St SE"], "status": "designed", "printRef": "p6", "label": "MT-H30240106", "placeSource": "sheet_cluster"}}, {"type": "Feature", "id": "term-MT-H30240107", "geometry": {"type": "Point", "coordinates": [-122.133118669674, 47.9305695284375]}, "properties": {"type": "terminal", "layer": "terminal", "terminalId": "MT-H30240107", "fiberRange": null, "portCount": 6, "addressesServed": ["7320 Foster Slough Rd", "7223 Foster Slough Rd"], "status": "designed", "printRef": "p6", "label": "MT-H30240107", "placeSource": "sheet_cluster"}}, {"type": "Feature", "id": "term-MT-H30240108", "geometry": {"type": "Point", "coordinates": [-122.13300182680501, 47.929840496038075]}, "properties": {"type": "terminal", "layer": "terminal", "terminalId": "MT-H30240108", "fiberRange": null, "portCount": 6, "addressesServed": ["7322 64th St SE", "8355 Foster Slough Rd"], "status": "designed", "printRef": "p2", "label": "MT-H30240108", "placeSource": "sheet_cluster"}}, {"type": "Feature", "id": "term-MT-H3024094", "geometry": {"type": "Point", "coordinates": [-122.13371897591449, 47.92862129314]}, "properties": {"type": "terminal", "layer": "terminal", "terminalId": "MT-H3024094", "fiberRange": null, "portCount": 6, "addressesServed": ["7107 Foster Slough Rd", "7914 Foster Slough Rd"], "status": "designed", "printRef": "p32", "label": "MT-H3024094", "placeSource": "sheet_cluster"}}, {"type": "Feature", "id": "term-MT-H3024093", "geometry": {"type": "Point", "coordinates": [-122.13375824474701, 47.9281239606655]}, "properties": {"type": "terminal", "layer": "terminal", "terminalId": "MT-H3024093", "fiberRange": null, "portCount": 6, "addressesServed": ["8016 Foster Slough Rd", "7103 Foster Slough Rd"], "status": "designed", "printRef": "p33", "label": "MT-H3024093", "placeSource": "sheet_cluster"}}, {"type": "Feature", "id": "term-MT-H3024092", "geometry": {"type": "Point", "coordinates": [-122.133813779795, 47.9320893453465]}, "properties": {"type": "terminal", "layer": "terminal", "terminalId": "MT-H3024092", "fiberRange": null, "portCount": 6, "addressesServed": ["7101 Foster Slough Rd", "7124 Foster Slough Rd"], "status": "designed", "printRef": "p33", "label": "MT-H3024092", "placeSource": "sheet_cluster"}}, {"type": "Feature", "id": "term-MT-H3024091", "geometry": {"type": "Point", "coordinates": [-122.1338384729715, 47.93227932086799]}, "properties": {"type": "terminal", "layer": "terminal", "terminalId": "MT-H3024091", "fiberRange": null, "portCount": 6, "addressesServed": ["7110 Foster Slough Rd", "7104 Foster Slough Rd"], "status": "designed", "printRef": "p34", "label": "MT-H3024091", "placeSource": "sheet_cluster"}}, {"type": "Feature", "id": "term-MT-H3024090", "geometry": {"type": "Point", "coordinates": [-122.13410443128049, 47.933068237318494]}, "properties": {"type": "terminal", "layer": "terminal", "terminalId": "MT-H3024090", "fiberRange": null, "portCount": 6, "addressesServed": ["7029 Foster Slough Rd", "7021 Foster Slough Rd"], "status": "designed", "printRef": "p34", "label": "MT-H3024090", "placeSource": "sheet_cluster"}}, {"type": "Feature", "id": "term-MT-H3024089", "geometry": {"type": "Point", "coordinates": [-122.134213070878, 47.933179143484]}, "properties": {"type": "terminal", "layer": "terminal", "terminalId": "MT-H3024089", "fiberRange": null, "portCount": 6, "addressesServed": ["7007 Foster Slough Rd", "7011 Foster Slough Rd"], "status": "designed", "printRef": "p35", "label": "MT-H3024089", "placeSource": "sheet_cluster"}}, {"type": "Feature", "id": "term-MT-H3024088", "geometry": {"type": "Point", "coordinates": [-122.134259300579, 47.933025279968]}, "properties": {"type": "terminal", "layer": "terminal", "terminalId": "MT-H3024088", "fiberRange": null, "portCount": 6, "addressesServed": ["7032 Foster Slough Rd", "7005 Foster Slough Rd"], "status": "designed", "printRef": "p36", "label": "MT-H3024088", "placeSource": "sheet_cluster"}}, {"type": "Feature", "id": "term-MT-H3024087", "geometry": {"type": "Point", "coordinates": [-122.134301379311, 47.933021589044]}, "properties": {"type": "terminal", "layer": "terminal", "terminalId": "MT-H3024087", "fiberRange": null, "portCount": 6, "addressesServed": ["7001 Foster Slough Rd", "7028 Foster Slough Rd"], "status": "designed", "printRef": "p37", "label": "MT-H3024087", "placeSource": "sheet_cluster"}}, {"type": "Feature", "id": "term-MT-H3024086", "geometry": {"type": "Point", "coordinates": [-122.134321286933, 47.93591989554099]}, "properties": {"type": "terminal", "layer": "terminal", "terminalId": "MT-H3024086", "fiberRange": null, "portCount": 6, "addressesServed": ["7226 64th St SE", "7010 Foster Slough Rd"], "status": "designed", "printRef": "p38", "label": "MT-H3024086", "placeSource": "sheet_cluster"}}, {"type": "Feature", "id": "term-MT-H3024085", "geometry": {"type": "Point", "coordinates": [-122.13448818407299, 47.9386600649745]}, "properties": {"type": "terminal", "layer": "terminal", "terminalId": "MT-H3024085", "fiberRange": null, "portCount": 6, "addressesServed": ["7219 64th St SE", "7214 64th St SE"], "status": "designed", "printRef": "p38", "label": "MT-H3024085", "placeSource": "sheet_cluster"}}, {"type": "Feature", "id": "term-MT-H3024084", "geometry": {"type": "Point", "coordinates": [-122.134709284563, 47.9362980877005]}, "properties": {"type": "terminal", "layer": "terminal", "terminalId": "MT-H3024084", "fiberRange": null, "portCount": 6, "addressesServed": ["7205 64th St SE", "6927 Foster Slough Rd"], "status": "designed", "printRef": "p38", "label": "MT-H3024084", "placeSource": "sheet_cluster"}}, {"type": "Feature", "id": "term-MT-H3024083", "geometry": {"type": "Point", "coordinates": [-122.13480427121951, 47.936257583663505]}, "properties": {"type": "terminal", "layer": "terminal", "terminalId": "MT-H3024083", "fiberRange": null, "portCount": 6, "addressesServed": ["7200 64th St SE", "6915 Foster Slough Rd"], "status": "designed", "printRef": "p39", "label": "MT-H3024083", "placeSource": "sheet_cluster"}}, {"type": "Feature", "id": "term-MT-H3024082", "geometry": {"type": "Point", "coordinates": [-122.1349491744515, 47.933951132297004]}, "properties": {"type": "terminal", "layer": "terminal", "terminalId": "MT-H3024082", "fiberRange": null, "portCount": 6, "addressesServed": ["6924 Foster Slough Rd", "6901 Foster Slough Rd"], "status": "designed", "printRef": "p40", "label": "MT-H3024082", "placeSource": "sheet_cluster"}}, {"type": "Feature", "id": "term-MT-H3024081", "geometry": {"type": "Point", "coordinates": [-122.1349149853585, 47.93404129744]}, "properties": {"type": "terminal", "layer": "terminal", "terminalId": "MT-H3024081", "fiberRange": null, "portCount": 6, "addressesServed": ["6918 Foster Slough Rd", "6916 Foster Slough Rd"], "status": "designed", "printRef": "p40", "label": "MT-H3024081", "placeSource": "sheet_cluster"}}, {"type": "Feature", "id": "term-MT-H3024080", "geometry": {"type": "Point", "coordinates": [-122.13515526566849, 47.934463878518]}, "properties": {"type": "terminal", "layer": "terminal", "terminalId": "MT-H3024080", "fiberRange": null, "portCount": 6, "addressesServed": ["6831 Foster Slough Rd", "6908 Foster Slough Rd"], "status": "designed", "printRef": "p41", "label": "MT-H3024080", "placeSource": "sheet_cluster"}}, {"type": "Feature", "id": "term-MT-H3024079", "geometry": {"type": "Point", "coordinates": [-122.1353550525925, 47.934832372328]}, "properties": {"type": "terminal", "layer": "terminal", "terminalId": "MT-H3024079", "fiberRange": null, "portCount": 6, "addressesServed": ["6827 Foster Slough Rd", "6829 Foster Slough Rd"], "status": "designed", "printRef": "p41", "label": "MT-H3024079", "placeSource": "sheet_cluster"}}, {"type": "Feature", "id": "term-MT-H3024078", "geometry": {"type": "Point", "coordinates": [-122.13544150455151, 47.9349313270635]}, "properties": {"type": "terminal", "layer": "terminal", "terminalId": "MT-H3024078", "fiberRange": null, "portCount": 6, "addressesServed": ["6801 Foster Slough Rd", "6825 Foster Slough Rd"], "status": "designed", "printRef": "p41", "label": "MT-H3024078", "placeSource": "sheet_cluster"}}, {"type": "Feature", "id": "term-MT-H3024077", "geometry": {"type": "Point", "coordinates": [-122.135656219628, 47.9349090085365]}, "properties": {"type": "terminal", "layer": "terminal", "terminalId": "MT-H3024077", "fiberRange": null, "portCount": 6, "addressesServed": ["6806 Foster Slough Rd", "6808 Foster Slough Rd"], "status": "designed", "printRef": "p40", "label": "MT-H3024077", "placeSource": "sheet_cluster"}}, {"type": "Feature", "id": "term-MT-H3024076", "geometry": {"type": "Point", "coordinates": [-122.135588958185, 47.9351083822935]}, "properties": {"type": "terminal", "layer": "terminal", "terminalId": "MT-H3024076", "fiberRange": null, "portCount": 6, "addressesServed": ["6804 Foster Slough Rd", "6802 Foster Slough Rd"], "status": "designed", "printRef": "p38", "label": "MT-H3024076", "placeSource": "sheet_cluster"}}, {"type": "Feature", "id": "term-MT-H3024075", "geometry": {"type": "Point", "coordinates": [-122.1356569805525, 47.9354776759695]}, "properties": {"type": "terminal", "layer": "terminal", "terminalId": "MT-H3024075", "fiberRange": null, "portCount": 6, "addressesServed": ["6800 Foster Slough Rd", "6727 Foster Slough Rd"], "status": "designed", "printRef": "p36", "label": "MT-H3024075", "placeSource": "sheet_cluster"}}, {"type": "Feature", "id": "term-MT-H3024074", "geometry": {"type": "Point", "coordinates": [-122.13582839781199, 47.935963442364]}, "properties": {"type": "terminal", "layer": "terminal", "terminalId": "MT-H3024074", "fiberRange": null, "portCount": 6, "addressesServed": ["6721 Foster Slough Rd", "6701 Foster Slough Rd"], "status": "designed", "printRef": "p35", "label": "MT-H3024074", "placeSource": "sheet_cluster"}}, {"type": "Feature", "id": "term-MT-H3024073", "geometry": {"type": "Point", "coordinates": [-122.13598031380451, 47.937264666406]}, "properties": {"type": "terminal", "layer": "terminal", "terminalId": "MT-H3024073", "fiberRange": null, "portCount": 6, "addressesServed": ["7131 64th St SE", "6708 Foster Slough Rd"], "status": "designed", "printRef": "p35", "label": "MT-H3024073", "placeSource": "sheet_cluster"}}, {"type": "Feature", "id": "term-MT-H3024072", "geometry": {"type": "Point", "coordinates": [-122.13613573333, 47.937244037585]}, "properties": {"type": "terminal", "layer": "terminal", "terminalId": "MT-H3024072", "fiberRange": null, "portCount": 6, "addressesServed": ["7115 64th St SE", "6704 Foster Slough Rd"], "status": "designed", "printRef": "p34", "label": "MT-H3024072", "placeSource": "sheet_cluster"}}, {"type": "Feature", "id": "term-MT-H3024071", "geometry": {"type": "Point", "coordinates": [-122.1364371054505, 47.9367736920435]}, "properties": {"type": "terminal", "layer": "terminal", "terminalId": "MT-H3024071", "fiberRange": null, "portCount": 6, "addressesServed": ["6629 Foster Slough Rd", "6625 Foster Slough Rd"], "status": "designed", "printRef": "p2", "label": "MT-H3024071", "placeSource": "sheet_cluster"}}, {"type": "Feature", "id": "term-MT-H3024070", "geometry": {"type": "Point", "coordinates": [-122.13651144553148, 47.9367940699405]}, "properties": {"type": "terminal", "layer": "terminal", "terminalId": "MT-H3024070", "fiberRange": null, "portCount": 6, "addressesServed": ["6621 Foster Slough Rd", "6619 Foster Slough Rd"], "status": "designed", "printRef": "p58", "label": "MT-H3024070", "placeSource": "sheet_cluster"}}, {"type": "Feature", "id": "term-MT-H3024069", "geometry": {"type": "Point", "coordinates": [-122.1365884656735, 47.9367070972825]}, "properties": {"type": "terminal", "layer": "terminal", "terminalId": "MT-H3024069", "fiberRange": null, "portCount": 6, "addressesServed": ["6613 Foster Slough Rd", "6630 Foster Slough Rd"], "status": "designed", "printRef": "p58", "label": "MT-H3024069", "placeSource": "sheet_cluster"}}, {"type": "Feature", "id": "term-MT-H3024068", "geometry": {"type": "Point", "coordinates": [-122.1366346821335, 47.9366997437625]}, "properties": {"type": "terminal", "layer": "terminal", "terminalId": "MT-H3024068", "fiberRange": null, "portCount": 6, "addressesServed": ["6628 Foster Slough Rd", "6607 Foster Slough Rd"], "status": "designed", "printRef": "p58", "label": "MT-H3024068", "placeSource": "sheet_cluster"}}, {"type": "Feature", "id": "term-MT-H3024001", "geometry": {"type": "Point", "coordinates": [-122.1575904228525, 47.9421370509165]}, "properties": {"type": "terminal", "layer": "terminal", "terminalId": "MT-H3024001", "fiberRange": null, "portCount": 6, "addressesServed": ["5504 60th St SE", "5508 60th St SE"], "status": "designed", "printRef": "p51", "label": "MT-H3024001", "placeSource": "sheet_cluster"}}, {"type": "Feature", "id": "term-MT-H3024002", "geometry": {"type": "Point", "coordinates": [-122.1563402802615, 47.9422398934275]}, "properties": {"type": "terminal", "layer": "terminal", "terminalId": "MT-H3024002", "fiberRange": null, "portCount": 6, "addressesServed": ["5512 60th St SE", "5711 60th St SE"], "status": "designed", "printRef": "p51", "label": "MT-H3024002", "placeSource": "sheet_cluster"}}, {"type": "Feature", "id": "term-MT-H3024003", "geometry": {"type": "Point", "coordinates": [-122.1547141878925, 47.942287301937]}, "properties": {"type": "terminal", "layer": "terminal", "terminalId": "MT-H3024003", "fiberRange": null, "portCount": 6, "addressesServed": ["5702 60th St SE", "5733 60th St SE"], "status": "designed", "printRef": "p52", "label": "MT-H3024003", "placeSource": "sheet_cluster"}}, {"type": "Feature", "id": "term-MT-H3024004", "geometry": {"type": "Point", "coordinates": [-122.15438511699949, 47.9422712365575]}, "properties": {"type": "terminal", "layer": "terminal", "terminalId": "MT-H3024004", "fiberRange": null, "portCount": 6, "addressesServed": ["5708 60th St SE", "5716 60th St SE"], "status": "designed", "printRef": "p54", "label": "MT-H3024004", "placeSource": "sheet_cluster"}}, {"type": "Feature", "id": "term-MT-H3024005", "geometry": {"type": "Point", "coordinates": [-122.153879486516, 47.9423704679905]}, "properties": {"type": "terminal", "layer": "terminal", "terminalId": "MT-H3024005", "fiberRange": null, "portCount": 6, "addressesServed": ["5813 60th St SE", "5732 60th St SE"], "status": "designed", "printRef": "p53", "label": "MT-H3024005", "placeSource": "sheet_cluster"}}, {"type": "Feature", "id": "term-MT-H3024006", "geometry": {"type": "Point", "coordinates": [-122.1536660382865, 47.94226893377851]}, "properties": {"type": "terminal", "layer": "terminal", "terminalId": "MT-H3024006", "fiberRange": null, "portCount": 6, "addressesServed": ["5825 60th St SE", "5817 60th St SE"], "status": "designed", "printRef": "p57", "label": "MT-H3024006", "placeSource": "sheet_cluster"}}, {"type": "Feature", "id": "term-MT-H3024007", "geometry": {"type": "Point", "coordinates": [-122.1531560041255, 47.9422522738025]}, "properties": {"type": "terminal", "layer": "terminal", "terminalId": "MT-H3024007", "fiberRange": null, "portCount": 6, "addressesServed": ["5831 60th St SE", "5818 60th St SE"], "status": "designed", "printRef": "p57", "label": "MT-H3024007", "placeSource": "sheet_cluster"}}, {"type": "Feature", "id": "term-MT-H3024008", "geometry": {"type": "Point", "coordinates": [-122.15269579826051, 47.942235050377505]}, "properties": {"type": "terminal", "layer": "terminal", "terminalId": "MT-H3024008", "fiberRange": null, "portCount": 6, "addressesServed": ["5826 60th St SE", "5822 60th St SE"], "status": "designed", "printRef": "p56", "label": "MT-H3024008", "placeSource": "sheet_cluster"}}, {"type": "Feature", "id": "term-MT-H3024009", "geometry": {"type": "Point", "coordinates": [-122.15250086170349, 47.942332346054]}, "properties": {"type": "terminal", "layer": "terminal", "terminalId": "MT-H3024009", "fiberRange": null, "portCount": 6, "addressesServed": ["5830 60th St SE", "5905 60th St SE"], "status": "designed", "printRef": "p55", "label": "MT-H3024009", "placeSource": "sheet_cluster"}}, {"type": "Feature", "id": "term-MT-H3024010", "geometry": {"type": "Point", "coordinates": [-122.152241951375, 47.942429641722995]}, "properties": {"type": "terminal", "layer": "terminal", "terminalId": "MT-H3024010", "fiberRange": null, "portCount": 6, "addressesServed": ["5925 60th St SE", "5907 60th St SE"], "status": "designed", "printRef": "p55", "label": "MT-H3024010", "placeSource": "sheet_cluster"}}, {"type": "Feature", "id": "term-MT-H30240102", "geometry": {"type": "Point", "coordinates": [-122.133582561235, 47.9251595197545]}, "properties": {"type": "terminal", "layer": "terminal", "terminalId": "MT-H30240102", "fiberRange": null, "portCount": 6, "addressesServed": ["7907 Foster Slough Rd", "7817 Foster Slough Rd"], "status": "designed", "printRef": "p20", "label": "MT-H30240102", "placeSource": "sheet_cluster"}}, {"type": "Feature", "id": "svc-6105_Foster_Slough_Rd", "geometry": {"type": "Point", "coordinates": [-122.14064277714, 47.941285972862]}, "properties": {"type": "service_point", "layer": "service_point", "address": "6105 Foster Slough Rd", "terminal": "MT-H30240109", "dropFootage": null, "status": "designed", "printRef": "p1", "label": "6105 Foster Slough Rd", "street": "Foster Slough Rd", "geocodeSource": "census"}}, {"type": "Feature", "id": "svc-6508_Foster_Slough_Rd", "geometry": {"type": "Point", "coordinates": [-122.137295552359, 47.937769045959]}, "properties": {"type": "service_point", "layer": "service_point", "address": "6508 Foster Slough Rd", "terminal": "MT-H3024025", "dropFootage": null, "status": "designed", "printRef": "p2", "label": "6508 Foster Slough Rd", "street": "Foster Slough Rd", "geocodeSource": "census"}}, {"type": "Feature", "id": "svc-6519_Foster_Slough_Rd", "geometry": {"type": "Point", "coordinates": [-122.137050668079, 47.937696556644]}, "properties": {"type": "service_point", "layer": "service_point", "address": "6519 Foster Slough Rd", "terminal": "MT-H3024025", "dropFootage": null, "status": "designed", "printRef": "p2", "label": "6519 Foster Slough Rd", "street": "Foster Slough Rd", "geocodeSource": "census"}}, {"type": "Feature", "id": "svc-6518_Foster_Slough_Rd", "geometry": {"type": "Point", "coordinates": [-122.137234479944, 47.937688767437]}, "properties": {"type": "service_point", "layer": "service_point", "address": "6518 Foster Slough Rd", "terminal": "MT-H3024025", "dropFootage": null, "status": "designed", "printRef": "p2", "label": "6518 Foster Slough Rd", "street": "Foster Slough Rd", "geocodeSource": "census"}}, {"type": "Feature", "id": "svc-6520_Foster_Slough_Rd", "geometry": {"type": "Point", "coordinates": [-122.137222401435, 47.937671715416]}, "properties": {"type": "service_point", "layer": "service_point", "address": "6520 Foster Slough Rd", "terminal": "MT-H3024025", "dropFootage": null, "status": "designed", "printRef": "p2", "label": "6520 Foster Slough Rd", "street": "Foster Slough Rd", "geocodeSource": "census"}}, {"type": "Feature", "id": "svc-6601_Foster_Slough_Rd", "geometry": {"type": "Point", "coordinates": [-122.136658093351, 47.936917395247]}, "properties": {"type": "service_point", "layer": "service_point", "address": "6601 Foster Slough Rd", "terminal": "MT-H3024024", "dropFootage": null, "status": "designed", "printRef": "p2", "label": "6601 Foster Slough Rd", "street": "Foster Slough Rd", "geocodeSource": "census"}}, {"type": "Feature", "id": "svc-6608_Foster_Slough_Rd", "geometry": {"type": "Point", "coordinates": [-122.136765221247, 47.936797092548]}, "properties": {"type": "service_point", "layer": "service_point", "address": "6608 Foster Slough Rd", "terminal": "MT-H3024024", "dropFootage": null, "status": "designed", "printRef": "p2", "label": "6608 Foster Slough Rd", "street": "Foster Slough Rd", "geocodeSource": "census"}}, {"type": "Feature", "id": "svc-6514_Foster_Slough_Rd", "geometry": {"type": "Point", "coordinates": [-122.13725863696, 47.937722871479]}, "properties": {"type": "service_point", "layer": "service_point", "address": "6514 Foster Slough Rd", "terminal": "MT-H3024024", "dropFootage": null, "status": "designed", "printRef": "p2", "label": "6514 Foster Slough Rd", "street": "Foster Slough Rd", "geocodeSource": "census"}}, {"type": "Feature", "id": "svc-6530_Foster_Slough_Rd", "geometry": {"type": "Point", "coordinates": [-122.137162008894, 47.937586455313]}, "properties": {"type": "service_point", "layer": "service_point", "address": "6530 Foster Slough Rd", "terminal": "MT-H3024024", "dropFootage": null, "status": "designed", "printRef": "p2", "label": "6530 Foster Slough Rd", "street": "Foster Slough Rd", "geocodeSource": "census"}}, {"type": "Feature", "id": "svc-6613_Foster_Slough_Rd", "geometry": {"type": "Point", "coordinates": [-122.136584400398, 47.936814174428]}, "properties": {"type": "service_point", "layer": "service_point", "address": "6613 Foster Slough Rd", "terminal": "MT-H3024024", "dropFootage": null, "status": "designed", "printRef": "p2", "label": "6613 Foster Slough Rd", "street": "Foster Slough Rd", "geocodeSource": "census"}}, {"type": "Feature", "id": "svc-6630_Foster_Slough_Rd", "geometry": {"type": "Point", "coordinates": [-122.136592530949, 47.936600020137]}, "properties": {"type": "service_point", "layer": "service_point", "address": "6630 Foster Slough Rd", "terminal": "MT-H3024023", "dropFootage": null, "status": "designed", "printRef": "p2", "label": "6630 Foster Slough Rd", "street": "Foster Slough Rd", "geocodeSource": "census"}}, {"type": "Feature", "id": "svc-6621_Foster_Slough_Rd", "geometry": {"type": "Point", "coordinates": [-122.136523682663, 47.936745444527]}, "properties": {"type": "service_point", "layer": "service_point", "address": "6621 Foster Slough Rd", "terminal": "MT-H3024023", "dropFootage": null, "status": "designed", "printRef": "p2", "label": "6621 Foster Slough Rd", "street": "Foster Slough Rd", "geocodeSource": "census"}}, {"type": "Feature", "id": "svc-6701_Foster_Slough_Rd", "geometry": {"type": "Point", "coordinates": [-122.135905042031, 47.936054124087]}, "properties": {"type": "service_point", "layer": "service_point", "address": "6701 Foster Slough Rd", "terminal": "MT-H3024023", "dropFootage": null, "status": "designed", "printRef": "p2", "label": "6701 Foster Slough Rd", "street": "Foster Slough Rd", "geocodeSource": "census"}}, {"type": "Feature", "id": "svc-6727_Foster_Slough_Rd", "geometry": {"type": "Point", "coordinates": [-122.135715449002, 47.935817439327]}, "properties": {"type": "service_point", "layer": "service_point", "address": "6727 Foster Slough Rd", "terminal": "MT-H3024023", "dropFootage": null, "status": "designed", "printRef": "p2", "label": "6727 Foster Slough Rd", "street": "Foster Slough Rd", "geocodeSource": "census"}}, {"type": "Feature", "id": "svc-6806_Foster_Slough_Rd", "geometry": {"type": "Point", "coordinates": [-122.135619404267, 47.934998851976]}, "properties": {"type": "service_point", "layer": "service_point", "address": "6806 Foster Slough Rd", "terminal": "MT-H3024022", "dropFootage": null, "status": "designed", "printRef": "p2", "label": "6806 Foster Slough Rd", "street": "Foster Slough Rd", "geocodeSource": "census"}}, {"type": "Feature", "id": "svc-6827_Foster_Slough_Rd", "geometry": {"type": "Point", "coordinates": [-122.135360586357, 47.934841737165]}, "properties": {"type": "service_point", "layer": "service_point", "address": "6827 Foster Slough Rd", "terminal": "MT-H3024022", "dropFootage": null, "status": "designed", "printRef": "p2", "label": "6827 Foster Slough Rd", "street": "Foster Slough Rd", "geocodeSource": "census"}}, {"type": "Feature", "id": "svc-6918_Foster_Slough_Rd", "geometry": {"type": "Point", "coordinates": [-122.134948641505, 47.933952166131]}, "properties": {"type": "service_point", "layer": "service_point", "address": "6918 Foster Slough Rd", "terminal": "MT-H3024022", "dropFootage": null, "status": "designed", "printRef": "p2", "label": "6918 Foster Slough Rd", "street": "Foster Slough Rd", "geocodeSource": "census"}}, {"type": "Feature", "id": "svc-6831_Foster_Slough_Rd", "geometry": {"type": "Point", "coordinates": [-122.1353384513, 47.934804277817]}, "properties": {"type": "service_point", "layer": "service_point", "address": "6831 Foster Slough Rd", "terminal": "MT-H3024022", "dropFootage": null, "status": "designed", "printRef": "p2", "label": "6831 Foster Slough Rd", "street": "Foster Slough Rd", "geocodeSource": "census"}}, {"type": "Feature", "id": "svc-6829_Foster_Slough_Rd", "geometry": {"type": "Point", "coordinates": [-122.135349518828, 47.934823007491]}, "properties": {"type": "service_point", "layer": "service_point", "address": "6829 Foster Slough Rd", "terminal": "MT-H3024022", "dropFootage": null, "status": "designed", "printRef": "p2", "label": "6829 Foster Slough Rd", "street": "Foster Slough Rd", "geocodeSource": "census"}}, {"type": "Feature", "id": "svc-7010_Foster_Slough_Rd", "geometry": {"type": "Point", "coordinates": [-122.134360340514, 47.933117857913]}, "properties": {"type": "service_point", "layer": "service_point", "address": "7010 Foster Slough Rd", "terminal": "MT-H30240121", "dropFootage": null, "status": "designed", "printRef": "p2", "label": "7010 Foster Slough Rd", "street": "Foster Slough Rd", "geocodeSource": "census"}}, {"type": "Feature", "id": "svc-7021_Foster_Slough_Rd", "geometry": {"type": "Point", "coordinates": [-122.134146320269, 47.933065761321]}, "properties": {"type": "service_point", "layer": "service_point", "address": "7021 Foster Slough Rd", "terminal": "MT-H30240121", "dropFootage": null, "status": "designed", "printRef": "p2", "label": "7021 Foster Slough Rd", "street": "Foster Slough Rd", "geocodeSource": "census"}}, {"type": "Feature", "id": "svc-7001_Foster_Slough_Rd", "geometry": {"type": "Point", "coordinates": [-122.134260918557, 47.933254178187]}, "properties": {"type": "service_point", "layer": "service_point", "address": "7001 Foster Slough Rd", "terminal": "MT-H30240121", "dropFootage": null, "status": "designed", "printRef": "p2", "label": "7001 Foster Slough Rd", "street": "Foster Slough Rd", "geocodeSource": "census"}}, {"type": "Feature", "id": "svc-7007_Foster_Slough_Rd", "geometry": {"type": "Point", "coordinates": [-122.134225099016, 47.933198715641]}, "properties": {"type": "service_point", "layer": "service_point", "address": "7007 Foster Slough Rd", "terminal": "MT-H30240121", "dropFootage": null, "status": "designed", "printRef": "p2", "label": "7007 Foster Slough Rd", "street": "Foster Slough Rd", "geocodeSource": "census"}}, {"type": "Feature", "id": "svc-7011_Foster_Slough_Rd", "geometry": {"type": "Point", "coordinates": [-122.13420104274, 47.933159571327]}, "properties": {"type": "service_point", "layer": "service_point", "address": "7011 Foster Slough Rd", "terminal": "MT-H30240121", "dropFootage": null, "status": "designed", "printRef": "p2", "label": "7011 Foster Slough Rd", "street": "Foster Slough Rd", "geocodeSource": "census"}}, {"type": "Feature", "id": "svc-7101_Foster_Slough_Rd", "geometry": {"type": "Point", "coordinates": [-122.133748800501, 47.932302051326]}, "properties": {"type": "service_point", "layer": "service_point", "address": "7101 Foster Slough Rd", "terminal": "MT-H3024020", "dropFootage": null, "status": "designed", "printRef": "p2", "label": "7101 Foster Slough Rd", "street": "Foster Slough Rd", "geocodeSource": "census"}}, {"type": "Feature", "id": "svc-7103_Foster_Slough_Rd", "geometry": {"type": "Point", "coordinates": [-122.133739422398, 47.932282912326]}, "properties": {"type": "service_point", "layer": "service_point", "address": "7103 Foster Slough Rd", "terminal": "MT-H3024020", "dropFootage": null, "status": "designed", "printRef": "p2", "label": "7103 Foster Slough Rd", "street": "Foster Slough Rd", "geocodeSource": "census"}}, {"type": "Feature", "id": "svc-7104_Foster_Slough_Rd", "geometry": {"type": "Point", "coordinates": [-122.133892540127, 47.932228029368]}, "properties": {"type": "service_point", "layer": "service_point", "address": "7104 Foster Slough Rd", "terminal": "MT-H3024020", "dropFootage": null, "status": "designed", "printRef": "p2", "label": "7104 Foster Slough Rd", "street": "Foster Slough Rd", "geocodeSource": "census"}}, {"type": "Feature", "id": "svc-7115_64th_St_SE", "geometry": {"type": "Point", "coordinates": [-122.136170313053, 47.938687241102]}, "properties": {"type": "service_point", "layer": "service_point", "address": "7115 64th St SE", "terminal": "MT-H3024019", "dropFootage": null, "status": "designed", "printRef": "p2", "label": "7115 64th St SE", "street": "64th St SE", "geocodeSource": "census"}}, {"type": "Feature", "id": "svc-7017_64th_St_SE", "geometry": {"type": "Point", "coordinates": [-122.137647192558, 47.938688684574]}, "properties": {"type": "service_point", "layer": "service_point", "address": "7017 64th St SE", "terminal": "MT-H3024019", "dropFootage": null, "status": "designed", "printRef": "p2", "label": "7017 64th St SE", "street": "64th St SE", "geocodeSource": "census"}}, {"type": "Feature", "id": "svc-7006_64th_St_SE", "geometry": {"type": "Point", "coordinates": [-122.13778835554, 47.938569118015]}, "properties": {"type": "service_point", "layer": "service_point", "address": "7006 64th St SE", "terminal": "MT-H3024019", "dropFootage": null, "status": "designed", "printRef": "p2", "label": "7006 64th St SE", "street": "64th St SE", "geocodeSource": "census"}}, {"type": "Feature", "id": "svc-7200_64th_St_SE", "geometry": {"type": "Point", "coordinates": [-122.134749585867, 47.938558119335]}, "properties": {"type": "service_point", "layer": "service_point", "address": "7200 64th St SE", "terminal": "MT-H3024019", "dropFootage": null, "status": "designed", "printRef": "p2", "label": "7200 64th St SE", "street": "64th St SE", "geocodeSource": "census"}}, {"type": "Feature", "id": "svc-7219_64th_St_SE", "geometry": {"type": "Point", "coordinates": [-122.134478118535, 47.938677190953]}, "properties": {"type": "service_point", "layer": "service_point", "address": "7219 64th St SE", "terminal": "MT-H3024019", "dropFootage": null, "status": "designed", "printRef": "p2", "label": "7219 64th St SE", "street": "64th St SE", "geocodeSource": "census"}}, {"type": "Feature", "id": "svc-7214_64th_St_SE", "geometry": {"type": "Point", "coordinates": [-122.134538249611, 47.938562938996]}, "properties": {"type": "service_point", "layer": "service_point", "address": "7214 64th St SE", "terminal": "MT-H3024019", "dropFootage": null, "status": "designed", "printRef": "p2", "label": "7214 64th St SE", "street": "64th St SE", "geocodeSource": "census"}}, {"type": "Feature", "id": "svc-7226_64th_St_SE", "geometry": {"type": "Point", "coordinates": [-122.134362233352, 47.938561933169]}, "properties": {"type": "service_point", "layer": "service_point", "address": "7226 64th St SE", "terminal": "MT-H3024019", "dropFootage": null, "status": "designed", "printRef": "p2", "label": "7226 64th St SE", "street": "64th St SE", "geocodeSource": "census"}}, {"type": "Feature", "id": "svc-7205_64th_St_SE", "geometry": {"type": "Point", "coordinates": [-122.134675738792, 47.938668703115]}, "properties": {"type": "service_point", "layer": "service_point", "address": "7205 64th St SE", "terminal": "MT-H3024019", "dropFootage": null, "status": "designed", "printRef": "p2", "label": "7205 64th St SE", "street": "64th St SE", "geocodeSource": "census"}}, {"type": "Feature", "id": "svc-7131_64th_St_SE", "geometry": {"type": "Point", "coordinates": [-122.135930271261, 47.938683102423]}, "properties": {"type": "service_point", "layer": "service_point", "address": "7131 64th St SE", "terminal": "MT-H3024019", "dropFootage": null, "status": "designed", "printRef": "p2", "label": "7131 64th St SE", "street": "64th St SE", "geocodeSource": "census"}}, {"type": "Feature", "id": "svc-7307_64th_St_SE", "geometry": {"type": "Point", "coordinates": [-122.133187332638, 47.93866981489]}, "properties": {"type": "service_point", "layer": "service_point", "address": "7307 64th St SE", "terminal": "MT-H3024018", "dropFootage": null, "status": "designed", "printRef": "p2", "label": "7307 64th St SE", "street": "64th St SE", "geocodeSource": "census"}}, {"type": "Feature", "id": "svc-7323_64th_St_SE", "geometry": {"type": "Point", "coordinates": [-122.132953372733, 47.938668639776]}, "properties": {"type": "service_point", "layer": "service_point", "address": "7323 64th St SE", "terminal": "MT-H3024018", "dropFootage": null, "status": "designed", "printRef": "p2", "label": "7323 64th St SE", "street": "64th St SE", "geocodeSource": "census"}}, {"type": "Feature", "id": "svc-7417_64th_St_SE", "geometry": {"type": "Point", "coordinates": [-122.131574528668, 47.938668639623]}, "properties": {"type": "service_point", "layer": "service_point", "address": "7417 64th St SE", "terminal": "MT-H3024018", "dropFootage": null, "status": "designed", "printRef": "p2", "label": "7417 64th St SE", "street": "64th St SE", "geocodeSource": "census"}}, {"type": "Feature", "id": "svc-7322_64th_St_SE", "geometry": {"type": "Point", "coordinates": [-122.132953372761, 47.938554048385]}, "properties": {"type": "service_point", "layer": "service_point", "address": "7322 64th St SE", "terminal": "MT-H3024018", "dropFootage": null, "status": "designed", "printRef": "p2", "label": "7322 64th St SE", "street": "64th St SE", "geocodeSource": "census"}}, {"type": "Feature", "id": "svc-7526_64th_St_SE", "geometry": {"type": "Point", "coordinates": [-122.129962525367, 47.938549253004]}, "properties": {"type": "service_point", "layer": "service_point", "address": "7526 64th St SE", "terminal": "MT-H3024017", "dropFootage": null, "status": "designed", "printRef": "p2", "label": "7526 64th St SE", "street": "64th St SE", "geocodeSource": "census"}}, {"type": "Feature", "id": "svc-7516_64th_St_SE", "geometry": {"type": "Point", "coordinates": [-122.130109189044, 47.938550948554]}, "properties": {"type": "service_point", "layer": "service_point", "address": "7516 64th St SE", "terminal": "MT-H3024017", "dropFootage": null, "status": "designed", "printRef": "p2", "label": "7516 64th St SE", "street": "64th St SE", "geocodeSource": "census"}}, {"type": "Feature", "id": "svc-7504_64th_St_SE", "geometry": {"type": "Point", "coordinates": [-122.130285185456, 47.938552983215]}, "properties": {"type": "service_point", "layer": "service_point", "address": "7504 64th St SE", "terminal": "MT-H3024017", "dropFootage": null, "status": "designed", "printRef": "p2", "label": "7504 64th St SE", "street": "64th St SE", "geocodeSource": "census"}}, {"type": "Feature", "id": "svc-7431_64th_St_SE", "geometry": {"type": "Point", "coordinates": [-122.131369168913, 47.938668639601]}, "properties": {"type": "service_point", "layer": "service_point", "address": "7431 64th St SE", "terminal": "MT-H3024017", "dropFootage": null, "status": "designed", "printRef": "p2", "label": "7431 64th St SE", "street": "64th St SE", "geocodeSource": "census"}}, {"type": "Feature", "id": "svc-6118_Foster_Slough_Rd", "geometry": {"type": "Point", "coordinates": [-122.140680557667, 47.941095263947]}, "properties": {"type": "service_point", "layer": "service_point", "address": "6118 Foster Slough Rd", "terminal": "MT-H30240109", "dropFootage": null, "status": "designed", "printRef": "p2", "label": "6118 Foster Slough Rd", "street": "Foster Slough Rd", "geocodeSource": "census"}}, {"type": "Feature", "id": "svc-6019_Foster_Slough_Rd", "geometry": {"type": "Point", "coordinates": [-122.14133246934, 47.942115756406]}, "properties": {"type": "service_point", "layer": "service_point", "address": "6019 Foster Slough Rd", "terminal": "MT-H30240109", "dropFootage": null, "status": "designed", "printRef": "p2", "label": "6019 Foster Slough Rd", "street": "Foster Slough Rd", "geocodeSource": "census"}}, {"type": "Feature", "id": "svc-6016_Foster_Slough_Rd", "geometry": {"type": "Point", "coordinates": [-122.141497585313, 47.942078550245]}, "properties": {"type": "service_point", "layer": "service_point", "address": "6016 Foster Slough Rd", "terminal": "MT-H30240109", "dropFootage": null, "status": "designed", "printRef": "p2", "label": "6016 Foster Slough Rd", "street": "Foster Slough Rd", "geocodeSource": "census"}}, {"type": "Feature", "id": "svc-6026_Foster_Slough_Rd", "geometry": {"type": "Point", "coordinates": [-122.141416458165, 47.941982478574]}, "properties": {"type": "service_point", "layer": "service_point", "address": "6026 Foster Slough Rd", "terminal": "MT-H30240109", "dropFootage": null, "status": "designed", "printRef": "p2", "label": "6026 Foster Slough Rd", "street": "Foster Slough Rd", "geocodeSource": "census"}}, {"type": "Feature", "id": "svc-6220_Foster_Slough_Rd", "geometry": {"type": "Point", "coordinates": [-122.13970533702, 47.940103396655]}, "properties": {"type": "service_point", "layer": "service_point", "address": "6220 Foster Slough Rd", "terminal": "MT-H3024027", "dropFootage": null, "status": "designed", "printRef": "p2", "label": "6220 Foster Slough Rd", "street": "Foster Slough Rd", "geocodeSource": "census"}}, {"type": "Feature", "id": "svc-6205_Foster_Slough_Rd", "geometry": {"type": "Point", "coordinates": [-122.139676958925, 47.940268566631]}, "properties": {"type": "service_point", "layer": "service_point", "address": "6205 Foster Slough Rd", "terminal": "MT-H3024027", "dropFootage": null, "status": "designed", "printRef": "p2", "label": "6205 Foster Slough Rd", "street": "Foster Slough Rd", "geocodeSource": "census"}}, {"type": "Feature", "id": "svc-6318_Foster_Slough_Rd", "geometry": {"type": "Point", "coordinates": [-122.138904511369, 47.939381186033]}, "properties": {"type": "service_point", "layer": "service_point", "address": "6318 Foster Slough Rd", "terminal": "MT-H3024027", "dropFootage": null, "status": "designed", "printRef": "p2", "label": "6318 Foster Slough Rd", "street": "Foster Slough Rd", "geocodeSource": "census"}}, {"type": "Feature", "id": "svc-6325_Foster_Slough_Rd", "geometry": {"type": "Point", "coordinates": [-122.137937502742, 47.938683733898]}, "properties": {"type": "service_point", "layer": "service_point", "address": "6325 Foster Slough Rd", "terminal": "MT-H3024027", "dropFootage": null, "status": "designed", "printRef": "p2", "label": "6325 Foster Slough Rd", "street": "Foster Slough Rd", "geocodeSource": "census"}}, {"type": "Feature", "id": "svc-6319_Foster_Slough_Rd", "geometry": {"type": "Point", "coordinates": [-122.138074561147, 47.938819595673]}, "properties": {"type": "service_point", "layer": "service_point", "address": "6319 Foster Slough Rd", "terminal": "MT-H3024027", "dropFootage": null, "status": "designed", "printRef": "p2", "label": "6319 Foster Slough Rd", "street": "Foster Slough Rd", "geocodeSource": "census"}}, {"type": "Feature", "id": "svc-6410_Foster_Slough_Rd", "geometry": {"type": "Point", "coordinates": [-122.138166460004, 47.938702827569]}, "properties": {"type": "service_point", "layer": "service_point", "address": "6410 Foster Slough Rd", "terminal": "MT-H3024026", "dropFootage": null, "status": "designed", "printRef": "p2", "label": "6410 Foster Slough Rd", "street": "Foster Slough Rd", "geocodeSource": "census"}}, {"type": "Feature", "id": "svc-6422_Foster_Slough_Rd", "geometry": {"type": "Point", "coordinates": [-122.137921661924, 47.938461221507]}, "properties": {"type": "service_point", "layer": "service_point", "address": "6422 Foster Slough Rd", "terminal": "MT-H3024026", "dropFootage": null, "status": "designed", "printRef": "p2", "label": "6422 Foster Slough Rd", "street": "Foster Slough Rd", "geocodeSource": "census"}}, {"type": "Feature", "id": "svc-6421_Foster_Slough_Rd", "geometry": {"type": "Point", "coordinates": [-122.137711068668, 47.938450992069]}, "properties": {"type": "service_point", "layer": "service_point", "address": "6421 Foster Slough Rd", "terminal": "MT-H3024026", "dropFootage": null, "status": "designed", "printRef": "p2", "label": "6421 Foster Slough Rd", "street": "Foster Slough Rd", "geocodeSource": "census"}}, {"type": "Feature", "id": "svc-6800_Foster_Slough_Rd", "geometry": {"type": "Point", "coordinates": [-122.135638512103, 47.935057912612]}, "properties": {"type": "service_point", "layer": "service_point", "address": "6800 Foster Slough Rd", "terminal": null, "dropFootage": null, "status": "designed", "printRef": "p2", "label": "6800 Foster Slough Rd", "street": "Foster Slough Rd", "geocodeSource": "census"}}, {"type": "Feature", "id": "svc-6802_Foster_Slough_Rd", "geometry": {"type": "Point", "coordinates": [-122.135632142824, 47.935038225733]}, "properties": {"type": "service_point", "layer": "service_point", "address": "6802 Foster Slough Rd", "terminal": null, "dropFootage": null, "status": "designed", "printRef": "p2", "label": "6802 Foster Slough Rd", "street": "Foster Slough Rd", "geocodeSource": "census"}}, {"type": "Feature", "id": "svc-6404_Foster_Slough_Rd", "geometry": {"type": "Point", "coordinates": [-122.138205579546, 47.938745478676]}, "properties": {"type": "service_point", "layer": "service_point", "address": "6404 Foster Slough Rd", "terminal": null, "dropFootage": null, "status": "future", "printRef": "p2", "label": "6404 Foster Slough Rd", "street": "Foster Slough Rd", "geocodeSource": "census"}}, {"type": "Feature", "id": "svc-6420_Foster_Slough_Rd", "geometry": {"type": "Point", "coordinates": [-122.137936486334, 47.938477272003]}, "properties": {"type": "service_point", "layer": "service_point", "address": "6420 Foster Slough Rd", "terminal": null, "dropFootage": null, "status": "future", "printRef": "p2", "label": "6420 Foster Slough Rd", "street": "Foster Slough Rd", "geocodeSource": "census"}}, {"type": "Feature", "id": "svc-6506_Foster_Slough_Rd", "geometry": {"type": "Point", "coordinates": [-122.137309466859, 47.937785457942]}, "properties": {"type": "service_point", "layer": "service_point", "address": "6506 Foster Slough Rd", "terminal": null, "dropFootage": null, "status": "future", "printRef": "p2", "label": "6506 Foster Slough Rd", "street": "Foster Slough Rd", "geocodeSource": "census"}}, {"type": "Feature", "id": "svc-6522_Foster_Slough_Rd", "geometry": {"type": "Point", "coordinates": [-122.137210322927, 47.937654663396]}, "properties": {"type": "service_point", "layer": "service_point", "address": "6522 Foster Slough Rd", "terminal": null, "dropFootage": null, "status": "future", "printRef": "p2", "label": "6522 Foster Slough Rd", "street": "Foster Slough Rd", "geocodeSource": "census"}}, {"type": "Feature", "id": "svc-7433_60th_St_SE", "geometry": {"type": "Point", "coordinates": [-122.131519582188, 47.942302570198]}, "properties": {"type": "service_point", "layer": "service_point", "address": "7433 60th St SE", "terminal": null, "dropFootage": null, "status": "future", "printRef": "p2", "label": "7433 60th St SE", "street": "60th St SE", "geocodeSource": "census"}}, {"type": "Feature", "id": "svc-7509_60th_St_SE", "geometry": {"type": "Point", "coordinates": [-122.130481824106, 47.942290072719]}, "properties": {"type": "service_point", "layer": "service_point", "address": "7509 60th St SE", "terminal": null, "dropFootage": null, "status": "future", "printRef": "p2", "label": "7509 60th St SE", "street": "60th St SE", "geocodeSource": "census"}}, {"type": "Feature", "id": "svc-7421_60th_St_SE", "geometry": {"type": "Point", "coordinates": [-122.131653142171, 47.942303699685]}, "properties": {"type": "service_point", "layer": "service_point", "address": "7421 60th St SE", "terminal": null, "dropFootage": null, "status": "future", "printRef": "p2", "label": "7421 60th St SE", "street": "60th St SE", "geocodeSource": "census"}}, {"type": "Feature", "id": "svc-7513_60th_St_SE", "geometry": {"type": "Point", "coordinates": [-122.130416827584, 47.942288406134]}, "properties": {"type": "service_point", "layer": "service_point", "address": "7513 60th St SE", "terminal": null, "dropFootage": null, "status": "future", "printRef": "p2", "label": "7513 60th St SE", "street": "60th St SE", "geocodeSource": "census"}}, {"type": "Feature", "id": "svc-7803_60th_St_SE", "geometry": {"type": "Point", "coordinates": [-122.126450733474, 47.942297245335]}, "properties": {"type": "service_point", "layer": "service_point", "address": "7803 60th St SE", "terminal": null, "dropFootage": null, "status": "future", "printRef": "p2", "label": "7803 60th St SE", "street": "60th St SE", "geocodeSource": "census"}}, {"type": "Feature", "id": "svc-7713_60th_St_SE", "geometry": {"type": "Point", "coordinates": [-122.127610815939, 47.942270534321]}, "properties": {"type": "service_point", "layer": "service_point", "address": "7713 60th St SE", "terminal": null, "dropFootage": null, "status": "future", "printRef": "p2", "label": "7713 60th St SE", "street": "60th St SE", "geocodeSource": "census"}}, {"type": "Feature", "id": "svc-7731_60th_St_SE", "geometry": {"type": "Point", "coordinates": [-122.127411147265, 47.942273918514]}, "properties": {"type": "service_point", "layer": "service_point", "address": "7731 60th St SE", "terminal": null, "dropFootage": null, "status": "future", "printRef": "p2", "label": "7731 60th St SE", "street": "60th St SE", "geocodeSource": "census"}}, {"type": "Feature", "id": "svc-7725_60th_St_SE", "geometry": {"type": "Point", "coordinates": [-122.127477703489, 47.94227279045]}, "properties": {"type": "service_point", "layer": "service_point", "address": "7725 60th St SE", "terminal": null, "dropFootage": null, "status": "future", "printRef": "p2", "label": "7725 60th St SE", "street": "60th St SE", "geocodeSource": "census"}}, {"type": "Feature", "id": "svc-7813_60th_St_SE", "geometry": {"type": "Point", "coordinates": [-122.126275613941, 47.942299595913]}, "properties": {"type": "service_point", "layer": "service_point", "address": "7813 60th St SE", "terminal": null, "dropFootage": null, "status": "future", "printRef": "p2", "label": "7813 60th St SE", "street": "60th St SE", "geocodeSource": "census"}}, {"type": "Feature", "id": "svc-6026_70th_Dr_SE", "geometry": {"type": "Point", "coordinates": [-122.13702308732, 47.942012340417]}, "properties": {"type": "service_point", "layer": "service_point", "address": "6026 70th Dr SE", "terminal": null, "dropFootage": null, "status": "designed", "printRef": "p2", "label": "6026 70th Dr SE", "street": "70th Dr SE", "geocodeSource": "census"}}, {"type": "Feature", "id": "svc-6110_70th_Dr_SE", "geometry": {"type": "Point", "coordinates": [-122.13701254072, 47.941211404738]}, "properties": {"type": "service_point", "layer": "service_point", "address": "6110 70th Dr SE", "terminal": null, "dropFootage": null, "status": "designed", "printRef": "p2", "label": "6110 70th Dr SE", "street": "70th Dr SE", "geocodeSource": "census"}}, {"type": "Feature", "id": "svc-6120_70th_Dr_SE", "geometry": {"type": "Point", "coordinates": [-122.137011697105, 47.941142226931]}, "properties": {"type": "service_point", "layer": "service_point", "address": "6120 70th Dr SE", "terminal": null, "dropFootage": null, "status": "designed", "printRef": "p2", "label": "6120 70th Dr SE", "street": "70th Dr SE", "geocodeSource": "census"}}, {"type": "Feature", "id": "svc-6126_70th_Dr_SE", "geometry": {"type": "Point", "coordinates": [-122.137011190936, 47.941100720248]}, "properties": {"type": "service_point", "layer": "service_point", "address": "6126 70th Dr SE", "terminal": null, "dropFootage": null, "status": "designed", "printRef": "p2", "label": "6126 70th Dr SE", "street": "70th Dr SE", "geocodeSource": "census"}}, {"type": "Feature", "id": "svc-6100_70th_Dr_SE", "geometry": {"type": "Point", "coordinates": [-122.137013384334, 47.941280582544]}, "properties": {"type": "service_point", "layer": "service_point", "address": "6100 70th Dr SE", "terminal": null, "dropFootage": null, "status": "designed", "printRef": "p2", "label": "6100 70th Dr SE", "street": "70th Dr SE", "geocodeSource": "census"}}, {"type": "Feature", "id": "svc-6132_70th_Dr_SE", "geometry": {"type": "Point", "coordinates": [-122.137010684767, 47.941059213564]}, "properties": {"type": "service_point", "layer": "service_point", "address": "6132 70th Dr SE", "terminal": null, "dropFootage": null, "status": "designed", "printRef": "p2", "label": "6132 70th Dr SE", "street": "70th Dr SE", "geocodeSource": "census"}}, {"type": "Feature", "id": "svc-5806_61st_Ave_SE", "geometry": {"type": "Point", "coordinates": [-122.149764889406, 47.944020540065]}, "properties": {"type": "service_point", "layer": "service_point", "address": "5806 61st Ave SE", "terminal": null, "dropFootage": null, "status": "future", "printRef": "p2", "label": "5806 61st Ave SE", "street": "61st Ave SE", "geocodeSource": "census"}}, {"type": "Feature", "id": "svc-5710_61st_Ave_SE", "geometry": {"type": "Point", "coordinates": [-122.149740708757, 47.944965913899]}, "properties": {"type": "service_point", "layer": "service_point", "address": "5710 61st Ave SE", "terminal": null, "dropFootage": null, "status": "future", "printRef": "p2", "label": "5710 61st Ave SE", "street": "61st Ave SE", "geocodeSource": "census"}}, {"type": "Feature", "id": "svc-5631_61st_Ave_SE", "geometry": {"type": "Point", "coordinates": [-122.149578016734, 47.945766073395]}, "properties": {"type": "service_point", "layer": "service_point", "address": "5631 61st Ave SE", "terminal": null, "dropFootage": null, "status": "future", "printRef": "p2", "label": "5631 61st Ave SE", "street": "61st Ave SE", "geocodeSource": "census"}}, {"type": "Feature", "id": "svc-5709_61st_Ave_SE", "geometry": {"type": "Point", "coordinates": [-122.149574497972, 47.945306659951]}, "properties": {"type": "service_point", "layer": "service_point", "address": "5709 61st Ave SE", "terminal": null, "dropFootage": null, "status": "future", "printRef": "p2", "label": "5709 61st Ave SE", "street": "61st Ave SE", "geocodeSource": "census"}}, {"type": "Feature", "id": "svc-5805_61st_Ave_SE", "geometry": {"type": "Point", "coordinates": [-122.149588003359, 47.944736092485]}, "properties": {"type": "service_point", "layer": "service_point", "address": "5805 61st Ave SE", "terminal": null, "dropFootage": null, "status": "future", "printRef": "p2", "label": "5805 61st Ave SE", "street": "61st Ave SE", "geocodeSource": "census"}}, {"type": "Feature", "id": "svc-5807_61st_Ave_SE", "geometry": {"type": "Point", "coordinates": [-122.149589229384, 47.944724322672]}, "properties": {"type": "service_point", "layer": "service_point", "address": "5807 61st Ave SE", "terminal": null, "dropFootage": null, "status": "future", "printRef": "p2", "label": "5807 61st Ave SE", "street": "61st Ave SE", "geocodeSource": "census"}}, {"type": "Feature", "id": "svc-5826_60th_St_SE", "geometry": {"type": "Point", "coordinates": [-122.152665265324, 47.942235050374]}, "properties": {"type": "service_point", "layer": "service_point", "address": "5826 60th St SE", "terminal": null, "dropFootage": null, "status": "designed", "printRef": "p2", "label": "5826 60th St SE", "street": "60th St SE", "geocodeSource": "census"}}, {"type": "Feature", "id": "svc-5822_60th_St_SE", "geometry": {"type": "Point", "coordinates": [-122.152726331197, 47.942235050381]}, "properties": {"type": "service_point", "layer": "service_point", "address": "5822 60th St SE", "terminal": null, "dropFootage": null, "status": "future", "printRef": "p2", "label": "5822 60th St SE", "street": "60th St SE", "geocodeSource": "census"}}, {"type": "Feature", "id": "svc-5818_60th_St_SE", "geometry": {"type": "Point", "coordinates": [-122.15278739707, 47.942235050388]}, "properties": {"type": "service_point", "layer": "service_point", "address": "5818 60th St SE", "terminal": null, "dropFootage": null, "status": "future", "printRef": "p2", "label": "5818 60th St SE", "street": "60th St SE", "geocodeSource": "census"}}, {"type": "Feature", "id": "svc-5508_60th_St_SE", "geometry": {"type": "Point", "coordinates": [-122.157519889927, 47.942217050913]}, "properties": {"type": "service_point", "layer": "service_point", "address": "5508 60th St SE", "terminal": null, "dropFootage": null, "status": "future", "printRef": "p2", "label": "5508 60th St SE", "street": "60th St SE", "geocodeSource": "census"}}, {"type": "Feature", "id": "svc-5512_60th_St_SE", "geometry": {"type": "Point", "coordinates": [-122.157458824075, 47.942217050906]}, "properties": {"type": "service_point", "layer": "service_point", "address": "5512 60th St SE", "terminal": null, "dropFootage": null, "status": "future", "printRef": "p2", "label": "5512 60th St SE", "street": "60th St SE", "geocodeSource": "census"}}, {"type": "Feature", "id": "svc-5504_60th_St_SE", "geometry": {"type": "Point", "coordinates": [-122.157580955778, 47.94221705092]}, "properties": {"type": "service_point", "layer": "service_point", "address": "5504 60th St SE", "terminal": null, "dropFootage": null, "status": "future", "printRef": "p2", "label": "5504 60th St SE", "street": "60th St SE", "geocodeSource": "census"}}, {"type": "Feature", "id": "svc-6711_60th_St_SE", "geometry": {"type": "Point", "coordinates": [-122.141190462175, 47.942370169416]}, "properties": {"type": "service_point", "layer": "service_point", "address": "6711 60th St SE", "terminal": null, "dropFootage": null, "status": "future", "printRef": "p2", "label": "6711 60th St SE", "street": "60th St SE", "geocodeSource": "census"}}, {"type": "Feature", "id": "svc-6707_60th_St_SE", "geometry": {"type": "Point", "coordinates": [-122.141239515378, 47.942369571212]}, "properties": {"type": "service_point", "layer": "service_point", "address": "6707 60th St SE", "terminal": null, "dropFootage": null, "status": "future", "printRef": "p2", "label": "6707 60th St SE", "street": "60th St SE", "geocodeSource": "census"}}, {"type": "Feature", "id": "svc-6109_60th_St_SE", "geometry": {"type": "Point", "coordinates": [-122.148803576783, 47.942367641337]}, "properties": {"type": "service_point", "layer": "service_point", "address": "6109 60th St SE", "terminal": null, "dropFootage": null, "status": "future", "printRef": "p2", "label": "6109 60th St SE", "street": "60th St SE", "geocodeSource": "census"}}, {"type": "Feature", "id": "svc-6103_60th_St_SE", "geometry": {"type": "Point", "coordinates": [-122.148869823485, 47.942367641345]}, "properties": {"type": "service_point", "layer": "service_point", "address": "6103 60th St SE", "terminal": null, "dropFootage": null, "status": "future", "printRef": "p2", "label": "6103 60th St SE", "street": "60th St SE", "geocodeSource": "census"}}, {"type": "Feature", "id": "svc-5702_60th_St_SE", "geometry": {"type": "Point", "coordinates": [-122.154557778969, 47.942230628359]}, "properties": {"type": "service_point", "layer": "service_point", "address": "5702 60th St SE", "terminal": null, "dropFootage": null, "status": "designed", "printRef": "p2", "label": "5702 60th St SE", "street": "60th St SE", "geocodeSource": "census"}}, {"type": "Feature", "id": "svc-42140_NW_Wilkes_St", "geometry": {"type": "Point", "coordinates": [-122.13658691939963, 47.93517988501648]}, "properties": {"type": "service_point", "layer": "service_point", "address": "42140 NW Wilkes St", "terminal": null, "dropFootage": null, "status": "designed", "printRef": "p3", "label": "42140 NW Wilkes St", "street": "NW Wilkes St", "geocodeSource": "interpolated"}}, {"type": "Feature", "id": "svc-42115_NW_Wilkes_St", "geometry": {"type": "Point", "coordinates": [-122.13658691939963, 47.93517988501648]}, "properties": {"type": "service_point", "layer": "service_point", "address": "42115 NW Wilkes St", "terminal": null, "dropFootage": null, "status": "designed", "printRef": "p3", "label": "42115 NW Wilkes St", "street": "NW Wilkes St", "geocodeSource": "interpolated"}}, {"type": "Feature", "id": "svc-42125_NW_Wilkes_St", "geometry": {"type": "Point", "coordinates": [-122.13658691939963, 47.93517988501648]}, "properties": {"type": "service_point", "layer": "service_point", "address": "42125 NW Wilkes St", "terminal": null, "dropFootage": null, "status": "designed", "printRef": "p3", "label": "42125 NW Wilkes St", "street": "NW Wilkes St", "geocodeSource": "interpolated"}}, {"type": "Feature", "id": "svc-42120_NW_Wilkes_St", "geometry": {"type": "Point", "coordinates": [-122.13658691939963, 47.93517988501648]}, "properties": {"type": "service_point", "layer": "service_point", "address": "42120 NW Wilkes St", "terminal": null, "dropFootage": null, "status": "designed", "printRef": "p3", "label": "42120 NW Wilkes St", "street": "NW Wilkes St", "geocodeSource": "interpolated"}}, {"type": "Feature", "id": "svc-6105_60th_St_SE", "geometry": {"type": "Point", "coordinates": [-122.148847741251, 47.942367641342]}, "properties": {"type": "service_point", "layer": "service_point", "address": "6105 60th St SE", "terminal": null, "dropFootage": null, "status": "future", "printRef": "p22", "label": "6105 60th St SE", "street": "60th St SE", "geocodeSource": "census"}}, {"type": "Feature", "id": "svc-7601_60th_St_SE", "geometry": {"type": "Point", "coordinates": [-122.128851026385, 47.942268639134]}, "properties": {"type": "service_point", "layer": "service_point", "address": "7601 60th St SE", "terminal": null, "dropFootage": null, "status": "designed", "printRef": "p39", "label": "7601 60th St SE", "street": "60th St SE", "geocodeSource": "census"}}, {"type": "Feature", "id": "svc-5716_60th_St_SE", "geometry": {"type": "Point", "coordinates": [-122.154344052212, 47.942231479837]}, "properties": {"type": "service_point", "layer": "service_point", "address": "5716 60th St SE", "terminal": null, "dropFootage": null, "status": "designed", "printRef": "p2", "label": "5716 60th St SE", "street": "60th St SE", "geocodeSource": "census"}}, {"type": "Feature", "id": "svc-7910_Foster_Slough_Rd", "geometry": {"type": "Point", "coordinates": [-122.133716396303, 47.925033525087]}, "properties": {"type": "service_point", "layer": "service_point", "address": "7910 Foster Slough Rd", "terminal": null, "dropFootage": null, "status": "designed", "printRef": "p2", "label": "7910 Foster Slough Rd", "street": "Foster Slough Rd", "geocodeSource": "census"}}, {"type": "Feature", "id": "svc-7816_Foster_Slough_Rd", "geometry": {"type": "Point", "coordinates": [-122.133702254616, 47.925869190075]}, "properties": {"type": "service_point", "layer": "service_point", "address": "7816 Foster Slough Rd", "terminal": null, "dropFootage": null, "status": "designed", "printRef": "p2", "label": "7816 Foster Slough Rd", "street": "Foster Slough Rd", "geocodeSource": "census"}}, {"type": "Feature", "id": "svc-6424_Foster_Slough_Rd", "geometry": {"type": "Point", "coordinates": [-122.137906837515, 47.938445171011]}, "properties": {"type": "service_point", "layer": "service_point", "address": "6424 Foster Slough Rd", "terminal": null, "dropFootage": null, "status": "designed", "printRef": "p2", "label": "6424 Foster Slough Rd", "street": "Foster Slough Rd", "geocodeSource": "census"}}, {"type": "Feature", "id": "svc-6529_Foster_Slough_Rd", "geometry": {"type": "Point", "coordinates": [-122.136993935692, 47.93761646382]}, "properties": {"type": "service_point", "layer": "service_point", "address": "6529 Foster Slough Rd", "terminal": null, "dropFootage": null, "status": "designed", "printRef": "p2", "label": "6529 Foster Slough Rd", "street": "Foster Slough Rd", "geocodeSource": "census"}}, {"type": "Feature", "id": "svc-5906_60th_St_SE", "geometry": {"type": "Point", "coordinates": [-122.151443947866, 47.942235050239]}, "properties": {"type": "service_point", "layer": "service_point", "address": "5906 60th St SE", "terminal": null, "dropFootage": null, "status": "designed", "printRef": "p2", "label": "5906 60th St SE", "street": "60th St SE", "geocodeSource": "census"}}, {"type": "Feature", "id": "svc-6021_Foster_Slough_Rd", "geometry": {"type": "Point", "coordinates": [-122.141316243911, 47.942096542072]}, "properties": {"type": "service_point", "layer": "service_point", "address": "6021 Foster Slough Rd", "terminal": null, "dropFootage": null, "status": "designed", "printRef": "p2", "label": "6021 Foster Slough Rd", "street": "Foster Slough Rd", "geocodeSource": "census"}}, {"type": "Feature", "id": "svc-6009_Foster_Slough_Rd", "geometry": {"type": "Point", "coordinates": [-122.141413596489, 47.942211828076]}, "properties": {"type": "service_point", "layer": "service_point", "address": "6009 Foster Slough Rd", "terminal": null, "dropFootage": null, "status": "designed", "printRef": "p2", "label": "6009 Foster Slough Rd", "street": "Foster Slough Rd", "geocodeSource": "census"}}, {"type": "Feature", "id": "svc-5708_60th_St_SE", "geometry": {"type": "Point", "coordinates": [-122.154466181787, 47.942230993278]}, "properties": {"type": "service_point", "layer": "service_point", "address": "5708 60th St SE", "terminal": null, "dropFootage": null, "status": "designed", "printRef": "p2", "label": "5708 60th St SE", "street": "60th St SE", "geocodeSource": "census"}}, {"type": "Feature", "id": "svc-6008_Foster_Slough_Rd", "geometry": {"type": "Point", "coordinates": [-122.141562487032, 47.942155407581]}, "properties": {"type": "service_point", "layer": "service_point", "address": "6008 Foster Slough Rd", "terminal": null, "dropFootage": null, "status": "designed", "printRef": "p2", "label": "6008 Foster Slough Rd", "street": "Foster Slough Rd", "geocodeSource": "census"}}, {"type": "Feature", "id": "svc-6533_Foster_Slough_Rd", "geometry": {"type": "Point", "coordinates": [-122.136971242737, 47.93758442669]}, "properties": {"type": "service_point", "layer": "service_point", "address": "6533 Foster Slough Rd", "terminal": null, "dropFootage": null, "status": "designed", "printRef": "p2", "label": "6533 Foster Slough Rd", "street": "Foster Slough Rd", "geocodeSource": "census"}}, {"type": "Feature", "id": "svc-7909_Foster_Slough_Rd", "geometry": {"type": "Point", "coordinates": [-122.133551424682, 47.924768907034]}, "properties": {"type": "service_point", "layer": "service_point", "address": "7909 Foster Slough Rd", "terminal": null, "dropFootage": null, "status": "designed", "printRef": "p2", "label": "7909 Foster Slough Rd", "street": "Foster Slough Rd", "geocodeSource": "census"}}, {"type": "Feature", "id": "svc-6032_Foster_Slough_Rd", "geometry": {"type": "Point", "coordinates": [-122.141367781876, 47.941924835572]}, "properties": {"type": "service_point", "layer": "service_point", "address": "6032 Foster Slough Rd", "terminal": null, "dropFootage": null, "status": "designed", "printRef": "p2", "label": "6032 Foster Slough Rd", "street": "Foster Slough Rd", "geocodeSource": "census"}}, {"type": "Feature", "id": "svc-7913_Foster_Slough_Rd", "geometry": {"type": "Point", "coordinates": [-122.133552024405, 47.924739221132]}, "properties": {"type": "service_point", "layer": "service_point", "address": "7913 Foster Slough Rd", "terminal": null, "dropFootage": null, "status": "designed", "printRef": "p2", "label": "7913 Foster Slough Rd", "street": "Foster Slough Rd", "geocodeSource": "census"}}, {"type": "Feature", "id": "svc-7915_Foster_Slough_Rd", "geometry": {"type": "Point", "coordinates": [-122.133552324266, 47.924724378182]}, "properties": {"type": "service_point", "layer": "service_point", "address": "7915 Foster Slough Rd", "terminal": null, "dropFootage": null, "status": "designed", "printRef": "p2", "label": "7915 Foster Slough Rd", "street": "Foster Slough Rd", "geocodeSource": "census"}}, {"type": "Feature", "id": "svc-6203_Foster_Slough_Rd", "geometry": {"type": "Point", "coordinates": [-122.139705368469, 47.94029381957]}, "properties": {"type": "service_point", "layer": "service_point", "address": "6203 Foster Slough Rd", "terminal": null, "dropFootage": null, "status": "designed", "printRef": "p2", "label": "6203 Foster Slough Rd", "street": "Foster Slough Rd", "geocodeSource": "census"}}, {"type": "Feature", "id": "svc-7826_Foster_Slough_Rd", "geometry": {"type": "Point", "coordinates": [-122.133703666388, 47.925780249796]}, "properties": {"type": "service_point", "layer": "service_point", "address": "7826 Foster Slough Rd", "terminal": null, "dropFootage": null, "status": "designed", "printRef": "p2", "label": "7826 Foster Slough Rd", "street": "Foster Slough Rd", "geocodeSource": "census"}}, {"type": "Feature", "id": "svc-6511_Foster_Slough_Rd", "geometry": {"type": "Point", "coordinates": [-122.137096053988, 47.937760630904]}, "properties": {"type": "service_point", "layer": "service_point", "address": "6511 Foster Slough Rd", "terminal": null, "dropFootage": null, "status": "designed", "printRef": "p2", "label": "6511 Foster Slough Rd", "street": "Foster Slough Rd", "geocodeSource": "census"}}, {"type": "Feature", "id": "svc-6531_Foster_Slough_Rd", "geometry": {"type": "Point", "coordinates": [-122.136982589214, 47.937600445255]}, "properties": {"type": "service_point", "layer": "service_point", "address": "6531 Foster Slough Rd", "terminal": null, "dropFootage": null, "status": "designed", "printRef": "p2", "label": "6531 Foster Slough Rd", "street": "Foster Slough Rd", "geocodeSource": "census"}}, {"type": "Feature", "id": "svc-7907_Foster_Slough_Rd", "geometry": {"type": "Point", "coordinates": [-122.133551124821, 47.924783749984]}, "properties": {"type": "service_point", "layer": "service_point", "address": "7907 Foster Slough Rd", "terminal": null, "dropFootage": null, "status": "designed", "printRef": "p2", "label": "7907 Foster Slough Rd", "street": "Foster Slough Rd", "geocodeSource": "census"}}, {"type": "Feature", "id": "svc-7812_Foster_Slough_Rd", "geometry": {"type": "Point", "coordinates": [-122.133701689907, 47.925904766187]}, "properties": {"type": "service_point", "layer": "service_point", "address": "7812 Foster Slough Rd", "terminal": null, "dropFootage": null, "status": "designed", "printRef": "p2", "label": "7812 Foster Slough Rd", "street": "Foster Slough Rd", "geocodeSource": "census"}}, {"type": "Feature", "id": "svc-6612_Foster_Slough_Rd", "geometry": {"type": "Point", "coordinates": [-122.136731960196, 47.93675622334]}, "properties": {"type": "service_point", "layer": "service_point", "address": "6612 Foster Slough Rd", "terminal": null, "dropFootage": null, "status": "designed", "printRef": "p2", "label": "6612 Foster Slough Rd", "street": "Foster Slough Rd", "geocodeSource": "census"}}, {"type": "Feature", "id": "svc-6215_Foster_Slough_Rd", "geometry": {"type": "Point", "coordinates": [-122.139534911202, 47.940142301931]}, "properties": {"type": "service_point", "layer": "service_point", "address": "6215 Foster Slough Rd", "terminal": null, "dropFootage": null, "status": "designed", "printRef": "p2", "label": "6215 Foster Slough Rd", "street": "Foster Slough Rd", "geocodeSource": "census"}}, {"type": "Feature", "id": "svc-6306_Foster_Slough_Rd", "geometry": {"type": "Point", "coordinates": [-122.139002419914, 47.939469769995]}, "properties": {"type": "service_point", "layer": "service_point", "address": "6306 Foster Slough Rd", "terminal": null, "dropFootage": null, "status": "designed", "printRef": "p2", "label": "6306 Foster Slough Rd", "street": "Foster Slough Rd", "geocodeSource": "census"}}, {"type": "Feature", "id": "svc-6231_Foster_Slough_Rd", "geometry": {"type": "Point", "coordinates": [-122.139308480141, 47.93993925027]}, "properties": {"type": "service_point", "layer": "service_point", "address": "6231 Foster Slough Rd", "terminal": null, "dropFootage": null, "status": "designed", "printRef": "p2", "label": "6231 Foster Slough Rd", "street": "Foster Slough Rd", "geocodeSource": "census"}}, {"type": "Feature", "id": "svc-6128_Foster_Slough_Rd", "geometry": {"type": "Point", "coordinates": [-122.140600677941, 47.940998724765]}, "properties": {"type": "service_point", "layer": "service_point", "address": "6128 Foster Slough Rd", "terminal": null, "dropFootage": null, "status": "designed", "printRef": "p2", "label": "6128 Foster Slough Rd", "street": "Foster Slough Rd", "geocodeSource": "census"}}, {"type": "Feature", "id": "svc-6219_Foster_Slough_Rd", "geometry": {"type": "Point", "coordinates": [-122.139478092113, 47.940091796051]}, "properties": {"type": "service_point", "layer": "service_point", "address": "6219 Foster Slough Rd", "terminal": null, "dropFootage": null, "status": "designed", "printRef": "p2", "label": "6219 Foster Slough Rd", "street": "Foster Slough Rd", "geocodeSource": "census"}}, {"type": "Feature", "id": "svc-6112_Foster_Slough_Rd", "geometry": {"type": "Point", "coordinates": [-122.140728485503, 47.941153187457]}, "properties": {"type": "service_point", "layer": "service_point", "address": "6112 Foster Slough Rd", "terminal": null, "dropFootage": null, "status": "designed", "printRef": "p2", "label": "6112 Foster Slough Rd", "street": "Foster Slough Rd", "geocodeSource": "census"}}, {"type": "Feature", "id": "svc-6129_Foster_Slough_Rd", "geometry": {"type": "Point", "coordinates": [-122.140451065797, 47.941054278824]}, "properties": {"type": "service_point", "layer": "service_point", "address": "6129 Foster Slough Rd", "terminal": null, "dropFootage": null, "status": "designed", "printRef": "p2", "label": "6129 Foster Slough Rd", "street": "Foster Slough Rd", "geocodeSource": "census"}}, {"type": "Feature", "id": "svc-6620_Foster_Slough_Rd", "geometry": {"type": "Point", "coordinates": [-122.136670159637, 47.936686274276]}, "properties": {"type": "service_point", "layer": "service_point", "address": "6620 Foster Slough Rd", "terminal": null, "dropFootage": null, "status": "designed", "printRef": "p2", "label": "6620 Foster Slough Rd", "street": "Foster Slough Rd", "geocodeSource": "census"}}, {"type": "Feature", "id": "svc-6532_Foster_Slough_Rd", "geometry": {"type": "Point", "coordinates": [-122.137149930386, 47.937569403292]}, "properties": {"type": "service_point", "layer": "service_point", "address": "6532 Foster Slough Rd", "terminal": null, "dropFootage": null, "status": "designed", "printRef": "p2", "label": "6532 Foster Slough Rd", "street": "Foster Slough Rd", "geocodeSource": "census"}}, {"type": "Feature", "id": "svc-6111_Foster_Slough_Rd", "geometry": {"type": "Point", "coordinates": [-122.140594849304, 47.941228049352]}, "properties": {"type": "service_point", "layer": "service_point", "address": "6111 Foster Slough Rd", "terminal": null, "dropFootage": null, "status": "designed", "printRef": "p2", "label": "6111 Foster Slough Rd", "street": "Foster Slough Rd", "geocodeSource": "census"}}, {"type": "Feature", "id": "svc-6122_Foster_Slough_Rd", "geometry": {"type": "Point", "coordinates": [-122.140648605777, 47.941056648274]}, "properties": {"type": "service_point", "layer": "service_point", "address": "6122 Foster Slough Rd", "terminal": null, "dropFootage": null, "status": "designed", "printRef": "p2", "label": "6122 Foster Slough Rd", "street": "Foster Slough Rd", "geocodeSource": "census"}}, {"type": "Feature", "id": "svc-6512_Foster_Slough_Rd", "geometry": {"type": "Point", "coordinates": [-122.137270715468, 47.937739923499]}, "properties": {"type": "service_point", "layer": "service_point", "address": "6512 Foster Slough Rd", "terminal": null, "dropFootage": null, "status": "designed", "printRef": "p2", "label": "6512 Foster Slough Rd", "street": "Foster Slough Rd", "geocodeSource": "census"}}, {"type": "Feature", "id": "svc-6131_Foster_Slough_Rd", "geometry": {"type": "Point", "coordinates": [-122.140435089852, 47.941034970987]}, "properties": {"type": "service_point", "layer": "service_point", "address": "6131 Foster Slough Rd", "terminal": null, "dropFootage": null, "status": "designed", "printRef": "p2", "label": "6131 Foster Slough Rd", "street": "Foster Slough Rd", "geocodeSource": "census"}}, {"type": "Feature", "id": "svc-6629_Foster_Slough_Rd", "geometry": {"type": "Point", "coordinates": [-122.136461579713, 47.936676441216]}, "properties": {"type": "service_point", "layer": "service_point", "address": "6629 Foster Slough Rd", "terminal": null, "dropFootage": null, "status": "designed", "printRef": "p2", "label": "6629 Foster Slough Rd", "street": "Foster Slough Rd", "geocodeSource": "census"}}, {"type": "Feature", "id": "svc-6602_Foster_Slough_Rd", "geometry": {"type": "Point", "coordinates": [-122.136802007018, 47.936852271235]}, "properties": {"type": "service_point", "layer": "service_point", "address": "6602 Foster Slough Rd", "terminal": null, "dropFootage": null, "status": "designed", "printRef": "p2", "label": "6602 Foster Slough Rd", "street": "Foster Slough Rd", "geocodeSource": "census"}}, {"type": "Feature", "id": "svc-6528_Foster_Slough_Rd", "geometry": {"type": "Point", "coordinates": [-122.137174087402, 47.937603507334]}, "properties": {"type": "service_point", "layer": "service_point", "address": "6528 Foster Slough Rd", "terminal": null, "dropFootage": null, "status": "designed", "printRef": "p2", "label": "6528 Foster Slough Rd", "street": "Foster Slough Rd", "geocodeSource": "census"}}, {"type": "Feature", "id": "svc-6628_Foster_Slough_Rd", "geometry": {"type": "Point", "coordinates": [-122.136608056687, 47.936617270965]}, "properties": {"type": "service_point", "layer": "service_point", "address": "6628 Foster Slough Rd", "terminal": null, "dropFootage": null, "status": "designed", "printRef": "p2", "label": "6628 Foster Slough Rd", "street": "Foster Slough Rd", "geocodeSource": "census"}}, {"type": "Feature", "id": "svc-6901_Foster_Slough_Rd", "geometry": {"type": "Point", "coordinates": [-122.134907770517, 47.934164886315]}, "properties": {"type": "service_point", "layer": "service_point", "address": "6901 Foster Slough Rd", "terminal": null, "dropFootage": null, "status": "designed", "printRef": "p2", "label": "6901 Foster Slough Rd", "street": "Foster Slough Rd", "geocodeSource": "census"}}, {"type": "Feature", "id": "svc-6521_Foster_Slough_Rd", "geometry": {"type": "Point", "coordinates": [-122.137039321601, 47.937680538079]}, "properties": {"type": "service_point", "layer": "service_point", "address": "6521 Foster Slough Rd", "terminal": null, "dropFootage": null, "status": "designed", "printRef": "p2", "label": "6521 Foster Slough Rd", "street": "Foster Slough Rd", "geocodeSource": "census"}}, {"type": "Feature", "id": "svc-6121_Foster_Slough_Rd", "geometry": {"type": "Point", "coordinates": [-122.140514969578, 47.94113151017]}, "properties": {"type": "service_point", "layer": "service_point", "address": "6121 Foster Slough Rd", "terminal": null, "dropFootage": null, "status": "designed", "printRef": "p2", "label": "6121 Foster Slough Rd", "street": "Foster Slough Rd", "geocodeSource": "census"}}, {"type": "Feature", "id": "svc-6206_Foster_Slough_Rd", "geometry": {"type": "Point", "coordinates": [-122.139820869167, 47.940206091944]}, "properties": {"type": "service_point", "layer": "service_point", "address": "6206 Foster Slough Rd", "terminal": null, "dropFootage": null, "status": "designed", "printRef": "p2", "label": "6206 Foster Slough Rd", "street": "Foster Slough Rd", "geocodeSource": "census"}}, {"type": "Feature", "id": "svc-6015_Foster_Slough_Rd", "geometry": {"type": "Point", "coordinates": [-122.1413649202, 47.942154185074]}, "properties": {"type": "service_point", "layer": "service_point", "address": "6015 Foster Slough Rd", "terminal": null, "dropFootage": null, "status": "designed", "printRef": "p2", "label": "6015 Foster Slough Rd", "street": "Foster Slough Rd", "geocodeSource": "census"}}, {"type": "Feature", "id": "svc-6101_Foster_Slough_Rd", "geometry": {"type": "Point", "coordinates": [-122.140674729031, 47.941324588535]}, "properties": {"type": "service_point", "layer": "service_point", "address": "6101 Foster Slough Rd", "terminal": null, "dropFootage": null, "status": "designed", "printRef": "p2", "label": "6101 Foster Slough Rd", "street": "Foster Slough Rd", "geocodeSource": "census"}}, {"type": "Feature", "id": "svc-5831_60th_St_SE", "geometry": {"type": "Point", "coordinates": [-122.153484611181, 47.942349497217]}, "properties": {"type": "service_point", "layer": "service_point", "address": "5831 60th St SE", "terminal": null, "dropFootage": null, "status": "designed", "printRef": "p2", "label": "5831 60th St SE", "street": "60th St SE", "geocodeSource": "census"}}, {"type": "Feature", "id": "svc-7820_Foster_Slough_Rd", "geometry": {"type": "Point", "coordinates": [-122.133702819325, 47.925833613963]}, "properties": {"type": "service_point", "layer": "service_point", "address": "7820 Foster Slough Rd", "terminal": null, "dropFootage": null, "status": "designed", "printRef": "p2", "label": "7820 Foster Slough Rd", "street": "Foster Slough Rd", "geocodeSource": "census"}}, {"type": "Feature", "id": "svc-6229_Foster_Slough_Rd", "geometry": {"type": "Point", "coordinates": [-122.139336568658, 47.939964663702]}, "properties": {"type": "service_point", "layer": "service_point", "address": "6229 Foster Slough Rd", "terminal": null, "dropFootage": null, "status": "designed", "printRef": "p2", "label": "6229 Foster Slough Rd", "street": "Foster Slough Rd", "geocodeSource": "census"}}, {"type": "Feature", "id": "svc-7708_Foster_Slough_Rd", "geometry": {"type": "Point", "coordinates": [-122.133688814761, 47.926829652619]}, "properties": {"type": "service_point", "layer": "service_point", "address": "7708 Foster Slough Rd", "terminal": null, "dropFootage": null, "status": "designed", "printRef": "p2", "label": "7708 Foster Slough Rd", "street": "Foster Slough Rd", "geocodeSource": "census"}}, {"type": "Feature", "id": "svc-6604_Foster_Slough_Rd", "geometry": {"type": "Point", "coordinates": [-122.136789745094, 47.936833878339]}, "properties": {"type": "service_point", "layer": "service_point", "address": "6604 Foster Slough Rd", "terminal": null, "dropFootage": null, "status": "designed", "printRef": "p2", "label": "6604 Foster Slough Rd", "street": "Foster Slough Rd", "geocodeSource": "census"}}, {"type": "Feature", "id": "svc-6233_Foster_Slough_Rd", "geometry": {"type": "Point", "coordinates": [-122.139280391624, 47.939913836838]}, "properties": {"type": "service_point", "layer": "service_point", "address": "6233 Foster Slough Rd", "terminal": null, "dropFootage": null, "status": "designed", "printRef": "p2", "label": "6233 Foster Slough Rd", "street": "Foster Slough Rd", "geocodeSource": "census"}}, {"type": "Feature", "id": "svc-6218_Foster_Slough_Rd", "geometry": {"type": "Point", "coordinates": [-122.139721841612, 47.940118067411]}, "properties": {"type": "service_point", "layer": "service_point", "address": "6218 Foster Slough Rd", "terminal": null, "dropFootage": null, "status": "designed", "printRef": "p2", "label": "6218 Foster Slough Rd", "street": "Foster Slough Rd", "geocodeSource": "census"}}, {"type": "Feature", "id": "svc-6625_Foster_Slough_Rd", "geometry": {"type": "Point", "coordinates": [-122.136492631188, 47.936710942871]}, "properties": {"type": "service_point", "layer": "service_point", "address": "6625 Foster Slough Rd", "terminal": null, "dropFootage": null, "status": "designed", "printRef": "p2", "label": "6625 Foster Slough Rd", "street": "Foster Slough Rd", "geocodeSource": "census"}}, {"type": "Feature", "id": "svc-6228_Foster_Slough_Rd", "geometry": {"type": "Point", "coordinates": [-122.13963931865, 47.940044713633]}, "properties": {"type": "service_point", "layer": "service_point", "address": "6228 Foster Slough Rd", "terminal": null, "dropFootage": null, "status": "designed", "printRef": "p2", "label": "6228 Foster Slough Rd", "street": "Foster Slough Rd", "geocodeSource": "census"}}, {"type": "Feature", "id": "svc-6217_Foster_Slough_Rd", "geometry": {"type": "Point", "coordinates": [-122.139506501658, 47.940117048991]}, "properties": {"type": "service_point", "layer": "service_point", "address": "6217 Foster Slough Rd", "terminal": null, "dropFootage": null, "status": "designed", "printRef": "p2", "label": "6217 Foster Slough Rd", "street": "Foster Slough Rd", "geocodeSource": "census"}}, {"type": "Feature", "id": "svc-7818_Foster_Slough_Rd", "geometry": {"type": "Point", "coordinates": [-122.133702536971, 47.925851402019]}, "properties": {"type": "service_point", "layer": "service_point", "address": "7818 Foster Slough Rd", "terminal": null, "dropFootage": null, "status": "designed", "printRef": "p2", "label": "7818 Foster Slough Rd", "street": "Foster Slough Rd", "geocodeSource": "census"}}, {"type": "Feature", "id": "svc-6526_Foster_Slough_Rd", "geometry": {"type": "Point", "coordinates": [-122.137186165911, 47.937620559354]}, "properties": {"type": "service_point", "layer": "service_point", "address": "6526 Foster Slough Rd", "terminal": null, "dropFootage": null, "status": "designed", "printRef": "p2", "label": "6526 Foster Slough Rd", "street": "Foster Slough Rd", "geocodeSource": "census"}}, {"type": "Feature", "id": "svc-6029_Foster_Slough_Rd", "geometry": {"type": "Point", "coordinates": [-122.141251342192, 47.942019684735]}, "properties": {"type": "service_point", "layer": "service_point", "address": "6029 Foster Slough Rd", "terminal": null, "dropFootage": null, "status": "designed", "printRef": "p2", "label": "6029 Foster Slough Rd", "street": "Foster Slough Rd", "geocodeSource": "census"}}, {"type": "Feature", "id": "svc-6515_Foster_Slough_Rd", "geometry": {"type": "Point", "coordinates": [-122.137073361034, 47.937728593774]}, "properties": {"type": "service_point", "layer": "service_point", "address": "6515 Foster Slough Rd", "terminal": null, "dropFootage": null, "status": "designed", "printRef": "p2", "label": "6515 Foster Slough Rd", "street": "Foster Slough Rd", "geocodeSource": "census"}}, {"type": "Feature", "id": "svc-6114_Foster_Slough_Rd", "geometry": {"type": "Point", "coordinates": [-122.140712509558, 47.94113387962]}, "properties": {"type": "service_point", "layer": "service_point", "address": "6114 Foster Slough Rd", "terminal": null, "dropFootage": null, "status": "designed", "printRef": "p2", "label": "6114 Foster Slough Rd", "street": "Foster Slough Rd", "geocodeSource": "census"}}, {"type": "Feature", "id": "svc-6509_Foster_Slough_Rd", "geometry": {"type": "Point", "coordinates": [-122.137107400466, 47.937776649469]}, "properties": {"type": "service_point", "layer": "service_point", "address": "6509 Foster Slough Rd", "terminal": null, "dropFootage": null, "status": "designed", "printRef": "p2", "label": "6509 Foster Slough Rd", "street": "Foster Slough Rd", "geocodeSource": "census"}}, {"type": "Feature", "id": "svc-6524_Foster_Slough_Rd", "geometry": {"type": "Point", "coordinates": [-122.137198244419, 47.937637611375]}, "properties": {"type": "service_point", "layer": "service_point", "address": "6524 Foster Slough Rd", "terminal": null, "dropFootage": null, "status": "designed", "printRef": "p2", "label": "6524 Foster Slough Rd", "street": "Foster Slough Rd", "geocodeSource": "census"}}, {"type": "Feature", "id": "svc-6124_Foster_Slough_Rd", "geometry": {"type": "Point", "coordinates": [-122.140632629831, 47.941037340438]}, "properties": {"type": "service_point", "layer": "service_point", "address": "6124 Foster Slough Rd", "terminal": null, "dropFootage": null, "status": "designed", "printRef": "p2", "label": "6124 Foster Slough Rd", "street": "Foster Slough Rd", "geocodeSource": "census"}}, {"type": "Feature", "id": "svc-6605_Foster_Slough_Rd", "geometry": {"type": "Point", "coordinates": [-122.136633569504, 47.936880609455]}, "properties": {"type": "service_point", "layer": "service_point", "address": "6605 Foster Slough Rd", "terminal": null, "dropFootage": null, "status": "designed", "printRef": "p2", "label": "6605 Foster Slough Rd", "street": "Foster Slough Rd", "geocodeSource": "census"}}, {"type": "Feature", "id": "svc-6208_Foster_Slough_Rd", "geometry": {"type": "Point", "coordinates": [-122.139804364575, 47.940191421188]}, "properties": {"type": "service_point", "layer": "service_point", "address": "6208 Foster Slough Rd", "terminal": null, "dropFootage": null, "status": "designed", "printRef": "p2", "label": "6208 Foster Slough Rd", "street": "Foster Slough Rd", "geocodeSource": "census"}}, {"type": "Feature", "id": "svc-6106_Foster_Slough_Rd", "geometry": {"type": "Point", "coordinates": [-122.140776413339, 47.941211110966]}, "properties": {"type": "service_point", "layer": "service_point", "address": "6106 Foster Slough Rd", "terminal": null, "dropFootage": null, "status": "designed", "printRef": "p2", "label": "6106 Foster Slough Rd", "street": "Foster Slough Rd", "geocodeSource": "census"}}, {"type": "Feature", "id": "svc-6232_Foster_Slough_Rd", "geometry": {"type": "Point", "coordinates": [-122.139606309465, 47.940015372122]}, "properties": {"type": "service_point", "layer": "service_point", "address": "6232 Foster Slough Rd", "terminal": null, "dropFootage": null, "status": "designed", "printRef": "p2", "label": "6232 Foster Slough Rd", "street": "Foster Slough Rd", "geocodeSource": "census"}}, {"type": "Feature", "id": "svc-7223_Foster_Slough_Rd", "geometry": {"type": "Point", "coordinates": [-122.133126080709, 47.931068058693]}, "properties": {"type": "service_point", "layer": "service_point", "address": "7223 Foster Slough Rd", "terminal": null, "dropFootage": null, "status": "designed", "printRef": "p2", "label": "7223 Foster Slough Rd", "street": "Foster Slough Rd", "geocodeSource": "census"}}, {"type": "Feature", "id": "svc-6721_Foster_Slough_Rd", "geometry": {"type": "Point", "coordinates": [-122.135751753593, 47.935872760641]}, "properties": {"type": "service_point", "layer": "service_point", "address": "6721 Foster Slough Rd", "terminal": null, "dropFootage": null, "status": "designed", "printRef": "p2", "label": "6721 Foster Slough Rd", "street": "Foster Slough Rd", "geocodeSource": "census"}}, {"type": "Feature", "id": "svc-7719_Foster_Slough_Rd", "geometry": {"type": "Point", "coordinates": [-122.133520892902, 47.926594488212]}, "properties": {"type": "service_point", "layer": "service_point", "address": "7719 Foster Slough Rd", "terminal": null, "dropFootage": null, "status": "designed", "printRef": "p2", "label": "7719 Foster Slough Rd", "street": "Foster Slough Rd", "geocodeSource": "census"}}, {"type": "Feature", "id": "svc-5825_60th_St_SE", "geometry": {"type": "Point", "coordinates": [-122.153569467444, 47.942349159154]}, "properties": {"type": "service_point", "layer": "service_point", "address": "5825 60th St SE", "terminal": null, "dropFootage": null, "status": "designed", "printRef": "p2", "label": "5825 60th St SE", "street": "60th St SE", "geocodeSource": "census"}}, {"type": "Feature", "id": "svc-6224_Foster_Slough_Rd", "geometry": {"type": "Point", "coordinates": [-122.139672327835, 47.940074055144]}, "properties": {"type": "service_point", "layer": "service_point", "address": "6224 Foster Slough Rd", "terminal": null, "dropFootage": null, "status": "designed", "printRef": "p2", "label": "6224 Foster Slough Rd", "street": "Foster Slough Rd", "geocodeSource": "census"}}, {"type": "Feature", "id": "svc-6314_Foster_Slough_Rd", "geometry": {"type": "Point", "coordinates": [-122.138937147551, 47.93941071402]}, "properties": {"type": "service_point", "layer": "service_point", "address": "6314 Foster Slough Rd", "terminal": null, "dropFootage": null, "status": "designed", "printRef": "p2", "label": "6314 Foster Slough Rd", "street": "Foster Slough Rd", "geocodeSource": "census"}}, {"type": "Feature", "id": "svc-6210_Foster_Slough_Rd", "geometry": {"type": "Point", "coordinates": [-122.139787859982, 47.940176750433]}, "properties": {"type": "service_point", "layer": "service_point", "address": "6210 Foster Slough Rd", "terminal": null, "dropFootage": null, "status": "designed", "printRef": "p2", "label": "6210 Foster Slough Rd", "street": "Foster Slough Rd", "geocodeSource": "census"}}, {"type": "Feature", "id": "svc-6322_Foster_Slough_Rd", "geometry": {"type": "Point", "coordinates": [-122.138871875188, 47.939351658045]}, "properties": {"type": "service_point", "layer": "service_point", "address": "6322 Foster Slough Rd", "terminal": null, "dropFootage": null, "status": "designed", "printRef": "p2", "label": "6322 Foster Slough Rd", "street": "Foster Slough Rd", "geocodeSource": "census"}}, {"type": "Feature", "id": "svc-5711_60th_St_SE", "geometry": {"type": "Point", "coordinates": [-122.155181736448, 47.942342735949]}, "properties": {"type": "service_point", "layer": "service_point", "address": "5711 60th St SE", "terminal": null, "dropFootage": null, "status": "designed", "printRef": "p2", "label": "5711 60th St SE", "street": "60th St SE", "geocodeSource": "census"}}, {"type": "Feature", "id": "svc-7211_Foster_Slough_Rd", "geometry": {"type": "Point", "coordinates": [-122.13317967318, 47.931172136893]}, "properties": {"type": "service_point", "layer": "service_point", "address": "7211 Foster Slough Rd", "terminal": null, "dropFootage": null, "status": "designed", "printRef": "p2", "label": "7211 Foster Slough Rd", "street": "Foster Slough Rd", "geocodeSource": "census"}}, {"type": "Feature", "id": "svc-7931_Foster_Slough_Rd", "geometry": {"type": "Point", "coordinates": [-122.133554723155, 47.924605634577]}, "properties": {"type": "service_point", "layer": "service_point", "address": "7931 Foster Slough Rd", "terminal": null, "dropFootage": null, "status": "designed", "printRef": "p2", "label": "7931 Foster Slough Rd", "street": "Foster Slough Rd", "geocodeSource": "census"}}, {"type": "Feature", "id": "svc-7208_Foster_Slough_Rd", "geometry": {"type": "Point", "coordinates": [-122.133351369677, 47.931154229503]}, "properties": {"type": "service_point", "layer": "service_point", "address": "7208 Foster Slough Rd", "terminal": null, "dropFootage": null, "status": "designed", "printRef": "p2", "label": "7208 Foster Slough Rd", "street": "Foster Slough Rd", "geocodeSource": "census"}}, {"type": "Feature", "id": "svc-7422_Foster_Slough_Rd", "geometry": {"type": "Point", "coordinates": [-122.133451951915, 47.929371656215]}, "properties": {"type": "service_point", "layer": "service_point", "address": "7422 Foster Slough Rd", "terminal": null, "dropFootage": null, "status": "designed", "printRef": "p2", "label": "7422 Foster Slough Rd", "street": "Foster Slough Rd", "geocodeSource": "census"}}, {"type": "Feature", "id": "svc-7028_Foster_Slough_Rd", "geometry": {"type": "Point", "coordinates": [-122.134261840065, 47.932948999901]}, "properties": {"type": "service_point", "layer": "service_point", "address": "7028 Foster Slough Rd", "terminal": null, "dropFootage": null, "status": "designed", "printRef": "p2", "label": "7028 Foster Slough Rd", "street": "Foster Slough Rd", "geocodeSource": "census"}}, {"type": "Feature", "id": "svc-6211_Foster_Slough_Rd", "geometry": {"type": "Point", "coordinates": [-122.139591730291, 47.940192807811]}, "properties": {"type": "service_point", "layer": "service_point", "address": "6211 Foster Slough Rd", "terminal": null, "dropFootage": null, "status": "designed", "printRef": "p2", "label": "6211 Foster Slough Rd", "street": "Foster Slough Rd", "geocodeSource": "census"}}, {"type": "Feature", "id": "svc-6704_Foster_Slough_Rd", "geometry": {"type": "Point", "coordinates": [-122.136021153607, 47.935960834068]}, "properties": {"type": "service_point", "layer": "service_point", "address": "6704 Foster Slough Rd", "terminal": null, "dropFootage": null, "status": "designed", "printRef": "p2", "label": "6704 Foster Slough Rd", "street": "Foster Slough Rd", "geocodeSource": "census"}}, {"type": "Feature", "id": "svc-7124_Foster_Slough_Rd", "geometry": {"type": "Point", "coordinates": [-122.133798759089, 47.932036639367]}, "properties": {"type": "service_point", "layer": "service_point", "address": "7124 Foster Slough Rd", "terminal": null, "dropFootage": null, "status": "designed", "printRef": "p2", "label": "7124 Foster Slough Rd", "street": "Foster Slough Rd", "geocodeSource": "census"}}, {"type": "Feature", "id": "svc-6327_Foster_Slough_Rd", "geometry": {"type": "Point", "coordinates": [-122.137937502742, 47.938683733898]}, "properties": {"type": "service_point", "layer": "service_point", "address": "6327 Foster Slough Rd", "terminal": null, "dropFootage": null, "status": "designed", "printRef": "p2", "label": "6327 Foster Slough Rd", "street": "Foster Slough Rd", "geocodeSource": "census"}}, {"type": "Feature", "id": "svc-7303_Foster_Slough_Rd", "geometry": {"type": "Point", "coordinates": [-122.13283586994, 47.930342489974]}, "properties": {"type": "service_point", "layer": "service_point", "address": "7303 Foster Slough Rd", "terminal": null, "dropFootage": null, "status": "designed", "printRef": "p2", "label": "7303 Foster Slough Rd", "street": "Foster Slough Rd", "geocodeSource": "census"}}, {"type": "Feature", "id": "svc-5933_60th_St_SE", "geometry": {"type": "Point", "coordinates": [-122.152041521023, 47.942349641697]}, "properties": {"type": "service_point", "layer": "service_point", "address": "5933 60th St SE", "terminal": null, "dropFootage": null, "status": "designed", "printRef": "p2", "label": "5933 60th St SE", "street": "60th St SE", "geocodeSource": "census"}}, {"type": "Feature", "id": "svc-7029_Foster_Slough_Rd", "geometry": {"type": "Point", "coordinates": [-122.134102542292, 47.932990713316]}, "properties": {"type": "service_point", "layer": "service_point", "address": "7029 Foster Slough Rd", "terminal": null, "dropFootage": null, "status": "designed", "printRef": "p2", "label": "7029 Foster Slough Rd", "street": "Foster Slough Rd", "geocodeSource": "census"}}, {"type": "Feature", "id": "svc-5732_60th_St_SE", "geometry": {"type": "Point", "coordinates": [-122.154099793061, 47.942232452954]}, "properties": {"type": "service_point", "layer": "service_point", "address": "5732 60th St SE", "terminal": null, "dropFootage": null, "status": "designed", "printRef": "p2", "label": "5732 60th St SE", "street": "60th St SE", "geocodeSource": "census"}}, {"type": "Feature", "id": "svc-5931_60th_St_SE", "geometry": {"type": "Point", "coordinates": [-122.152069806946, 47.9423496417]}, "properties": {"type": "service_point", "layer": "service_point", "address": "5931 60th St SE", "terminal": null, "dropFootage": null, "status": "designed", "printRef": "p2", "label": "5931 60th St SE", "street": "60th St SE", "geocodeSource": "census"}}, {"type": "Feature", "id": "svc-5925_60th_St_SE", "geometry": {"type": "Point", "coordinates": [-122.152154664718, 47.942349641709]}, "properties": {"type": "service_point", "layer": "service_point", "address": "5925 60th St SE", "terminal": null, "dropFootage": null, "status": "designed", "printRef": "p2", "label": "5925 60th St SE", "street": "60th St SE", "geocodeSource": "census"}}, {"type": "Feature", "id": "svc-6924_Foster_Slough_Rd", "geometry": {"type": "Point", "coordinates": [-122.134910578386, 47.933897378279]}, "properties": {"type": "service_point", "layer": "service_point", "address": "6924 Foster Slough Rd", "terminal": null, "dropFootage": null, "status": "designed", "printRef": "p2", "label": "6924 Foster Slough Rd", "street": "Foster Slough Rd", "geocodeSource": "census"}}, {"type": "Feature", "id": "svc-7531_Foster_Slough_Rd", "geometry": {"type": "Point", "coordinates": [-122.133509276781, 47.928319237499]}, "properties": {"type": "service_point", "layer": "service_point", "address": "7531 Foster Slough Rd", "terminal": null, "dropFootage": null, "status": "designed", "printRef": "p2", "label": "7531 Foster Slough Rd", "street": "Foster Slough Rd", "geocodeSource": "census"}}, {"type": "Feature", "id": "svc-7309_Foster_Slough_Rd", "geometry": {"type": "Point", "coordinates": [-122.132842859001, 47.930280336885]}, "properties": {"type": "service_point", "layer": "service_point", "address": "7309 Foster Slough Rd", "terminal": null, "dropFootage": null, "status": "designed", "printRef": "p2", "label": "7309 Foster Slough Rd", "street": "Foster Slough Rd", "geocodeSource": "census"}}, {"type": "Feature", "id": "svc-7005_Foster_Slough_Rd", "geometry": {"type": "Point", "coordinates": [-122.134237038863, 47.933217203156]}, "properties": {"type": "service_point", "layer": "service_point", "address": "7005 Foster Slough Rd", "terminal": null, "dropFootage": null, "status": "designed", "printRef": "p2", "label": "7005 Foster Slough Rd", "street": "Foster Slough Rd", "geocodeSource": "census"}}, {"type": "Feature", "id": "svc-7125_Foster_Slough_Rd", "geometry": {"type": "Point", "coordinates": [-122.133636263256, 47.932072383325]}, "properties": {"type": "service_point", "layer": "service_point", "address": "7125 Foster Slough Rd", "terminal": null, "dropFootage": null, "status": "designed", "printRef": "p2", "label": "7125 Foster Slough Rd", "street": "Foster Slough Rd", "geocodeSource": "census"}}, {"type": "Feature", "id": "svc-7107_Foster_Slough_Rd", "geometry": {"type": "Point", "coordinates": [-122.13372066619, 47.932244634325]}, "properties": {"type": "service_point", "layer": "service_point", "address": "7107 Foster Slough Rd", "terminal": null, "dropFootage": null, "status": "designed", "printRef": "p2", "label": "7107 Foster Slough Rd", "street": "Foster Slough Rd", "geocodeSource": "census"}}, {"type": "Feature", "id": "svc-6002_Foster_Slough_Rd", "geometry": {"type": "Point", "coordinates": [-122.141611163321, 47.942213050583]}, "properties": {"type": "service_point", "layer": "service_point", "address": "6002 Foster Slough Rd", "terminal": null, "dropFootage": null, "status": "designed", "printRef": "p2", "label": "6002 Foster Slough Rd", "street": "Foster Slough Rd", "geocodeSource": "census"}}, {"type": "Feature", "id": "svc-6202_Foster_Slough_Rd", "geometry": {"type": "Point", "coordinates": [-122.139853878352, 47.940235433455]}, "properties": {"type": "service_point", "layer": "service_point", "address": "6202 Foster Slough Rd", "terminal": null, "dropFootage": null, "status": "designed", "printRef": "p2", "label": "6202 Foster Slough Rd", "street": "Foster Slough Rd", "geocodeSource": "census"}}, {"type": "Feature", "id": "svc-8016_Foster_Slough_Rd", "geometry": {"type": "Point", "coordinates": [-122.133737067096, 47.924045009005]}, "properties": {"type": "service_point", "layer": "service_point", "address": "8016 Foster Slough Rd", "terminal": null, "dropFootage": null, "status": "designed", "printRef": "p2", "label": "8016 Foster Slough Rd", "street": "Foster Slough Rd", "geocodeSource": "census"}}, {"type": "Feature", "id": "svc-6801_Foster_Slough_Rd", "geometry": {"type": "Point", "coordinates": [-122.135471355218, 47.935082187288]}, "properties": {"type": "service_point", "layer": "service_point", "address": "6801 Foster Slough Rd", "terminal": null, "dropFootage": null, "status": "designed", "printRef": "p2", "label": "6801 Foster Slough Rd", "street": "Foster Slough Rd", "geocodeSource": "census"}}, {"type": "Feature", "id": "svc-7828_Foster_Slough_Rd", "geometry": {"type": "Point", "coordinates": [-122.133703948743, 47.92576246174]}, "properties": {"type": "service_point", "layer": "service_point", "address": "7828 Foster Slough Rd", "terminal": null, "dropFootage": null, "status": "designed", "printRef": "p2", "label": "7828 Foster Slough Rd", "street": "Foster Slough Rd", "geocodeSource": "census"}}, {"type": "Feature", "id": "svc-7914_Foster_Slough_Rd", "geometry": {"type": "Point", "coordinates": [-122.133717285639, 47.924997951955]}, "properties": {"type": "service_point", "layer": "service_point", "address": "7914 Foster Slough Rd", "terminal": null, "dropFootage": null, "status": "designed", "printRef": "p2", "label": "7914 Foster Slough Rd", "street": "Foster Slough Rd", "geocodeSource": "census"}}, {"type": "Feature", "id": "svc-6125_Foster_Slough_Rd", "geometry": {"type": "Point", "coordinates": [-122.140483017688, 47.941092894497]}, "properties": {"type": "service_point", "layer": "service_point", "address": "6125 Foster Slough Rd", "terminal": null, "dropFootage": null, "status": "designed", "printRef": "p2", "label": "6125 Foster Slough Rd", "street": "Foster Slough Rd", "geocodeSource": "census"}}, {"type": "Feature", "id": "svc-5813_60th_St_SE", "geometry": {"type": "Point", "coordinates": [-122.153739179971, 47.942348483027]}, "properties": {"type": "service_point", "layer": "service_point", "address": "5813 60th St SE", "terminal": null, "dropFootage": null, "status": "designed", "printRef": "p2", "label": "5813 60th St SE", "street": "60th St SE", "geocodeSource": "census"}}, {"type": "Feature", "id": "svc-7817_Foster_Slough_Rd", "geometry": {"type": "Point", "coordinates": [-122.133533997649, 47.925695289525]}, "properties": {"type": "service_point", "layer": "service_point", "address": "7817 Foster Slough Rd", "terminal": null, "dropFootage": null, "status": "designed", "printRef": "p2", "label": "7817 Foster Slough Rd", "street": "Foster Slough Rd", "geocodeSource": "census"}}, {"type": "Feature", "id": "svc-7032_Foster_Slough_Rd", "geometry": {"type": "Point", "coordinates": [-122.134241562295, 47.93291335678]}, "properties": {"type": "service_point", "layer": "service_point", "address": "7032 Foster Slough Rd", "terminal": null, "dropFootage": null, "status": "designed", "printRef": "p2", "label": "7032 Foster Slough Rd", "street": "Foster Slough Rd", "geocodeSource": "census"}}, {"type": "Feature", "id": "svc-7110_Foster_Slough_Rd", "geometry": {"type": "Point", "coordinates": [-122.133864405816, 47.932170612368]}, "properties": {"type": "service_point", "layer": "service_point", "address": "7110 Foster Slough Rd", "terminal": null, "dropFootage": null, "status": "designed", "printRef": "p2", "label": "7110 Foster Slough Rd", "street": "Foster Slough Rd", "geocodeSource": "census"}}, {"type": "Feature", "id": "svc-6908_Foster_Slough_Rd", "geometry": {"type": "Point", "coordinates": [-122.135012080037, 47.934043479219]}, "properties": {"type": "service_point", "layer": "service_point", "address": "6908 Foster Slough Rd", "terminal": null, "dropFootage": null, "status": "designed", "printRef": "p2", "label": "6908 Foster Slough Rd", "street": "Foster Slough Rd", "geocodeSource": "census"}}, {"type": "Feature", "id": "svc-5830_60th_St_SE", "geometry": {"type": "Point", "coordinates": [-122.152604199451, 47.942235050368]}, "properties": {"type": "service_point", "layer": "service_point", "address": "5830 60th St SE", "terminal": null, "dropFootage": null, "status": "designed", "printRef": "p2", "label": "5830 60th St SE", "street": "60th St SE", "geocodeSource": "census"}}, {"type": "Feature", "id": "svc-6516_Foster_Slough_Rd", "geometry": {"type": "Point", "coordinates": [-122.137246558452, 47.937705819458]}, "properties": {"type": "service_point", "layer": "service_point", "address": "6516 Foster Slough Rd", "terminal": null, "dropFootage": null, "status": "designed", "printRef": "p2", "label": "6516 Foster Slough Rd", "street": "Foster Slough Rd", "geocodeSource": "census"}}, {"type": "Feature", "id": "svc-5905_60th_St_SE", "geometry": {"type": "Point", "coordinates": [-122.152437523956, 47.94234964174]}, "properties": {"type": "service_point", "layer": "service_point", "address": "5905 60th St SE", "terminal": null, "dropFootage": null, "status": "designed", "printRef": "p2", "label": "5905 60th St SE", "street": "60th St SE", "geocodeSource": "census"}}, {"type": "Feature", "id": "svc-5733_60th_St_SE", "geometry": {"type": "Point", "coordinates": [-122.154870596816, 47.942343975515]}, "properties": {"type": "service_point", "layer": "service_point", "address": "5733 60th St SE", "terminal": null, "dropFootage": null, "status": "designed", "printRef": "p2", "label": "5733 60th St SE", "street": "60th St SE", "geocodeSource": "census"}}, {"type": "Feature", "id": "svc-6915_Foster_Slough_Rd", "geometry": {"type": "Point", "coordinates": [-122.134818956572, 47.934037047992]}, "properties": {"type": "service_point", "layer": "service_point", "address": "6915 Foster Slough Rd", "terminal": null, "dropFootage": null, "status": "designed", "printRef": "p2", "label": "6915 Foster Slough Rd", "street": "Foster Slough Rd", "geocodeSource": "census"}}, {"type": "Feature", "id": "svc-6619_Foster_Slough_Rd", "geometry": {"type": "Point", "coordinates": [-122.1365392084, 47.936762695354]}, "properties": {"type": "service_point", "layer": "service_point", "address": "6619 Foster Slough Rd", "terminal": null, "dropFootage": null, "status": "designed", "printRef": "p2", "label": "6619 Foster Slough Rd", "street": "Foster Slough Rd", "geocodeSource": "census"}}, {"type": "Feature", "id": "svc-6708_Foster_Slough_Rd", "geometry": {"type": "Point", "coordinates": [-122.135990356348, 47.935926230389]}, "properties": {"type": "service_point", "layer": "service_point", "address": "6708 Foster Slough Rd", "terminal": null, "dropFootage": null, "status": "designed", "printRef": "p2", "label": "6708 Foster Slough Rd", "street": "Foster Slough Rd", "geocodeSource": "census"}}, {"type": "Feature", "id": "svc-6330_Foster_Slough_Rd", "geometry": {"type": "Point", "coordinates": [-122.138806602824, 47.939292602071]}, "properties": {"type": "service_point", "layer": "service_point", "address": "6330 Foster Slough Rd", "terminal": null, "dropFootage": null, "status": "designed", "printRef": "p2", "label": "6330 Foster Slough Rd", "street": "Foster Slough Rd", "geocodeSource": "census"}}, {"type": "Feature", "id": "svc-6916_Foster_Slough_Rd", "geometry": {"type": "Point", "coordinates": [-122.134961329212, 47.933970428749]}, "properties": {"type": "service_point", "layer": "service_point", "address": "6916 Foster Slough Rd", "terminal": null, "dropFootage": null, "status": "designed", "printRef": "p2", "label": "6916 Foster Slough Rd", "street": "Foster Slough Rd", "geocodeSource": "census"}}, {"type": "Feature", "id": "svc-6020_Foster_Slough_Rd", "geometry": {"type": "Point", "coordinates": [-122.141465134454, 47.942040121576]}, "properties": {"type": "service_point", "layer": "service_point", "address": "6020 Foster Slough Rd", "terminal": null, "dropFootage": null, "status": "designed", "printRef": "p2", "label": "6020 Foster Slough Rd", "street": "Foster Slough Rd", "geocodeSource": "census"}}, {"type": "Feature", "id": "svc-6323_Foster_Slough_Rd", "geometry": {"type": "Point", "coordinates": [-122.138019974864, 47.938761995845]}, "properties": {"type": "service_point", "layer": "service_point", "address": "6323 Foster Slough Rd", "terminal": null, "dropFootage": null, "status": "designed", "printRef": "p2", "label": "6323 Foster Slough Rd", "street": "Foster Slough Rd", "geocodeSource": "census"}}, {"type": "Feature", "id": "svc-7320_Foster_Slough_Rd", "geometry": {"type": "Point", "coordinates": [-122.133031258639, 47.930230998182]}, "properties": {"type": "service_point", "layer": "service_point", "address": "7320 Foster Slough Rd", "terminal": null, "dropFootage": null, "status": "designed", "printRef": "p2", "label": "7320 Foster Slough Rd", "street": "Foster Slough Rd", "geocodeSource": "census"}}, {"type": "Feature", "id": "svc-7515_Foster_Slough_Rd", "geometry": {"type": "Point", "coordinates": [-122.133507006795, 47.928466027609]}, "properties": {"type": "service_point", "layer": "service_point", "address": "7515 Foster Slough Rd", "terminal": null, "dropFootage": null, "status": "designed", "printRef": "p2", "label": "7515 Foster Slough Rd", "street": "Foster Slough Rd", "geocodeSource": "census"}}, {"type": "Feature", "id": "svc-7313_Foster_Slough_Rd", "geometry": {"type": "Point", "coordinates": [-122.13285190781, 47.930244141679]}, "properties": {"type": "service_point", "layer": "service_point", "address": "7313 Foster Slough Rd", "terminal": null, "dropFootage": null, "status": "designed", "printRef": "p2", "label": "7313 Foster Slough Rd", "street": "Foster Slough Rd", "geocodeSource": "census"}}, {"type": "Feature", "id": "svc-6607_Foster_Slough_Rd", "geometry": {"type": "Point", "coordinates": [-122.13662130758, 47.93686221656]}, "properties": {"type": "service_point", "layer": "service_point", "address": "6607 Foster Slough Rd", "terminal": null, "dropFootage": null, "status": "designed", "printRef": "p2", "label": "6607 Foster Slough Rd", "street": "Foster Slough Rd", "geocodeSource": "census"}}, {"type": "Feature", "id": "svc-6804_Foster_Slough_Rd", "geometry": {"type": "Point", "coordinates": [-122.135625773546, 47.935018538854]}, "properties": {"type": "service_point", "layer": "service_point", "address": "6804 Foster Slough Rd", "terminal": null, "dropFootage": null, "status": "designed", "printRef": "p2", "label": "6804 Foster Slough Rd", "street": "Foster Slough Rd", "geocodeSource": "census"}}, {"type": "Feature", "id": "svc-6927_Foster_Slough_Rd", "geometry": {"type": "Point", "coordinates": [-122.134742830334, 47.933927472286]}, "properties": {"type": "service_point", "layer": "service_point", "address": "6927 Foster Slough Rd", "terminal": null, "dropFootage": null, "status": "designed", "printRef": "p2", "label": "6927 Foster Slough Rd", "street": "Foster Slough Rd", "geocodeSource": "census"}}, {"type": "Feature", "id": "svc-6107_Foster_Slough_Rd", "geometry": {"type": "Point", "coordinates": [-122.140626801195, 47.941266665025]}, "properties": {"type": "service_point", "layer": "service_point", "address": "6107 Foster Slough Rd", "terminal": null, "dropFootage": null, "status": "designed", "printRef": "p2", "label": "6107 Foster Slough Rd", "street": "Foster Slough Rd", "geocodeSource": "census"}}, {"type": "Feature", "id": "svc-6825_Foster_Slough_Rd", "geometry": {"type": "Point", "coordinates": [-122.135371653885, 47.934860466839]}, "properties": {"type": "service_point", "layer": "service_point", "address": "6825 Foster Slough Rd", "terminal": null, "dropFootage": null, "status": "designed", "printRef": "p2", "label": "6825 Foster Slough Rd", "street": "Foster Slough Rd", "geocodeSource": "census"}}, {"type": "Feature", "id": "svc-5929_60th_St_SE", "geometry": {"type": "Point", "coordinates": [-122.15209809287, 47.942349641703]}, "properties": {"type": "service_point", "layer": "service_point", "address": "5929 60th St SE", "terminal": null, "dropFootage": null, "status": "designed", "printRef": "p2", "label": "5929 60th St SE", "street": "60th St SE", "geocodeSource": "census"}}, {"type": "Feature", "id": "svc-5907_60th_St_SE", "geometry": {"type": "Point", "coordinates": [-122.152409238032, 47.942349641737]}, "properties": {"type": "service_point", "layer": "service_point", "address": "5907 60th St SE", "terminal": null, "dropFootage": null, "status": "designed", "printRef": "p2", "label": "5907 60th St SE", "street": "60th St SE", "geocodeSource": "census"}}, {"type": "Feature", "id": "svc-5817_60th_St_SE", "geometry": {"type": "Point", "coordinates": [-122.153682609129, 47.942348708403]}, "properties": {"type": "service_point", "layer": "service_point", "address": "5817 60th St SE", "terminal": null, "dropFootage": null, "status": "designed", "printRef": "p2", "label": "5817 60th St SE", "street": "60th St SE", "geocodeSource": "census"}}, {"type": "Feature", "id": "svc-6326_Foster_Slough_Rd", "geometry": {"type": "Point", "coordinates": [-122.138839239006, 47.939322130058]}, "properties": {"type": "service_point", "layer": "service_point", "address": "6326 Foster Slough Rd", "terminal": null, "dropFootage": null, "status": "designed", "printRef": "p2", "label": "6326 Foster Slough Rd", "street": "Foster Slough Rd", "geocodeSource": "census"}}, {"type": "Feature", "id": "svc-6022_Foster_Slough_Rd", "geometry": {"type": "Point", "coordinates": [-122.141448909024, 47.942020907242]}, "properties": {"type": "service_point", "layer": "service_point", "address": "6022 Foster Slough Rd", "terminal": null, "dropFootage": null, "status": "designed", "printRef": "p2", "label": "6022 Foster Slough Rd", "street": "Foster Slough Rd", "geocodeSource": "census"}}, {"type": "Feature", "id": "svc-7625_Foster_Slough_Rd", "geometry": {"type": "Point", "coordinates": [-122.133517554667, 47.92745742171]}, "properties": {"type": "service_point", "layer": "service_point", "address": "7625 Foster Slough Rd", "terminal": null, "dropFootage": null, "status": "designed", "printRef": "p2", "label": "7625 Foster Slough Rd", "street": "Foster Slough Rd", "geocodeSource": "census"}}, {"type": "Feature", "id": "svc-8355_Foster_Slough_Rd", "geometry": {"type": "Point", "coordinates": [-122.133010280849, 47.921206943691146]}, "properties": {"type": "service_point", "layer": "service_point", "address": "8355 Foster Slough Rd", "terminal": null, "dropFootage": null, "status": "designed", "printRef": "p2", "label": "8355 Foster Slough Rd", "street": "Foster Slough Rd", "geocodeSource": "interpolated"}}, {"type": "Feature", "id": "svc-8089_Foster_Slough_Rd", "geometry": {"type": "Point", "coordinates": [-122.133580561503, 47.923433862197]}, "properties": {"type": "service_point", "layer": "service_point", "address": "8089 Foster Slough Rd", "terminal": null, "dropFootage": null, "status": "designed", "printRef": "p2", "label": "8089 Foster Slough Rd", "street": "Foster Slough Rd", "geocodeSource": "census"}}, {"type": "Feature", "id": "svc-6808_Foster_Slough_Rd", "geometry": {"type": "Point", "coordinates": [-122.135613034989, 47.934979165097]}, "properties": {"type": "service_point", "layer": "service_point", "address": "6808 Foster Slough Rd", "terminal": null, "dropFootage": null, "status": "designed", "printRef": "p2", "label": "6808 Foster Slough Rd", "street": "Foster Slough Rd", "geocodeSource": "census"}}, {"type": "Feature", "id": "svc-6052_Foster_Slough_Rd", "geometry": {"type": "Point", "coordinates": [-122.141207763861, 47.941732422552]}, "properties": {"type": "service_point", "layer": "service_point", "address": "6052 Foster Slough Rd", "terminal": null, "dropFootage": null, "status": "designed", "printRef": "p2", "label": "6052 Foster Slough Rd", "street": "Foster Slough Rd", "geocodeSource": "census"}}, {"type": "Feature", "id": "svc-5445_Foster_Slough_Rd", "geometry": {"type": "Point", "coordinates": [-122.14612994548295, 47.94756424260217]}, "properties": {"type": "service_point", "layer": "service_point", "address": "5445 Foster Slough Rd", "terminal": null, "dropFootage": null, "status": "designed", "printRef": "p2", "label": "5445 Foster Slough Rd", "street": "Foster Slough Rd", "geocodeSource": "interpolated"}}, {"type": "Feature", "id": "drop-6105_Foster_Slough_Rd", "geometry": {"type": "LineString", "coordinates": [[-122.14123176762125, 47.941818012293], [-122.14108452000093, 47.94168500243525], [-122.14093727238063, 47.9415519925775], [-122.14079002476032, 47.941418982719746], [-122.14064277714, 47.941285972862]]}, "properties": {"type": "drop", "layer": "drop", "cableId": "DROP-6105 Foster Slough Rd", "address": "6105 Foster Slough Rd", "terminal": "MT-H30240109", "status": "designed", "progressPct": 0, "printRef": "p1", "label": "Drop 6105 Foster Slough Rd", "lengthM": 73.7}}, {"type": "Feature", "id": "drop-6508_Foster_Slough_Rd", "geometry": {"type": "LineString", "coordinates": [[-122.13720077545426, 47.937706521364], [-122.13722446968045, 47.93772215251275], [-122.13724816390663, 47.937737783661504], [-122.13727185813282, 47.93775341481025], [-122.137295552359, 47.937769045959]]}, "properties": {"type": "drop", "layer": "drop", "cableId": "DROP-6508 Foster Slough Rd", "address": "6508 Foster Slough Rd", "terminal": "MT-H3024025", "status": "designed", "progressPct": 0, "printRef": "p2", "label": "Drop 6508 Foster Slough Rd", "lengthM": 9.9}}, {"type": "Feature", "id": "drop-6519_Foster_Slough_Rd", "geometry": {"type": "LineString", "coordinates": [[-122.13720077545426, 47.937706521364], [-122.13716324861045, 47.937704030184], [-122.13712572176664, 47.937701539003996], [-122.13708819492281, 47.937699047824], [-122.137050668079, 47.937696556644]]}, "properties": {"type": "drop", "layer": "drop", "cableId": "DROP-6519 Foster Slough Rd", "address": "6519 Foster Slough Rd", "terminal": "MT-H3024025", "status": "designed", "progressPct": 0, "printRef": "p2", "label": "Drop 6519 Foster Slough Rd", "lengthM": 11.2}}, {"type": "Feature", "id": "drop-6518_Foster_Slough_Rd", "geometry": {"type": "LineString", "coordinates": [[-122.13720077545426, 47.937706521364], [-122.1372092015767, 47.937702082882254], [-122.13721762769913, 47.9376976444005], [-122.13722605382156, 47.93769320591875], [-122.137234479944, 47.937688767437]]}, "properties": {"type": "drop", "layer": "drop", "cableId": "DROP-6518 Foster Slough Rd", "address": "6518 Foster Slough Rd", "terminal": "MT-H3024025", "status": "designed", "progressPct": 0, "printRef": "p2", "label": "Drop 6518 Foster Slough Rd", "lengthM": 3.2}}, {"type": "Feature", "id": "drop-6520_Foster_Slough_Rd", "geometry": {"type": "LineString", "coordinates": [[-122.13720077545426, 47.937706521364], [-122.13720618194944, 47.937697819877], [-122.13721158844463, 47.93768911839], [-122.13721699493982, 47.937680416903], [-122.137222401435, 47.937671715416]]}, "properties": {"type": "drop", "layer": "drop", "cableId": "DROP-6520 Foster Slough Rd", "address": "6520 Foster Slough Rd", "terminal": "MT-H3024025", "status": "designed", "progressPct": 0, "printRef": "p2", "label": "Drop 6520 Foster Slough Rd", "lengthM": 4.2}}, {"type": "Feature", "id": "drop-6601_Foster_Slough_Rd", "geometry": {"type": "LineString", "coordinates": [[-122.13688567217, 47.937167597803004], [-122.13682877746524, 47.937105047164], [-122.1367718827605, 47.937042496525], [-122.13671498805576, 47.936979945886], [-122.136658093351, 47.936917395247]]}, "properties": {"type": "drop", "layer": "drop", "cableId": "DROP-6601 Foster Slough Rd", "address": "6601 Foster Slough Rd", "terminal": "MT-H3024024", "status": "designed", "progressPct": 0, "printRef": "p2", "label": "Drop 6601 Foster Slough Rd", "lengthM": 32.6}}, {"type": "Feature", "id": "drop-6608_Foster_Slough_Rd", "geometry": {"type": "LineString", "coordinates": [[-122.13688567217, 47.937167597803004], [-122.13685555943925, 47.93707497148925], [-122.1368254467085, 47.9369823451755], [-122.13679533397774, 47.93688971886175], [-122.136765221247, 47.936797092548]]}, "properties": {"type": "drop", "layer": "drop", "cableId": "DROP-6608 Foster Slough Rd", "address": "6608 Foster Slough Rd", "terminal": "MT-H3024024", "status": "designed", "progressPct": 0, "printRef": "p2", "label": "Drop 6608 Foster Slough Rd", "lengthM": 42.2}}, {"type": "Feature", "id": "drop-6514_Foster_Slough_Rd", "geometry": {"type": "LineString", "coordinates": [[-122.13688567217, 47.937167597803004], [-122.1369789133675, 47.937306416222], [-122.137072154565, 47.937445234641004], [-122.1371653957625, 47.93758405306], [-122.13725863696, 47.937722871479]]}, "properties": {"type": "drop", "layer": "drop", "cableId": "DROP-6514 Foster Slough Rd", "address": "6514 Foster Slough Rd", "terminal": "MT-H3024024", "status": "designed", "progressPct": 0, "printRef": "p2", "label": "Drop 6514 Foster Slough Rd", "lengthM": 67.8}}, {"type": "Feature", "id": "drop-6530_Foster_Slough_Rd", "geometry": {"type": "LineString", "coordinates": [[-122.13688567217, 47.937167597803004], [-122.136954756351, 47.937272312180504], [-122.137023840532, 47.937377026558], [-122.13709292471299, 47.9374817409355], [-122.137162008894, 47.937586455313]]}, "properties": {"type": "drop", "layer": "drop", "cableId": "DROP-6530 Foster Slough Rd", "address": "6530 Foster Slough Rd", "terminal": "MT-H3024024", "status": "designed", "progressPct": 0, "printRef": "p2", "label": "Drop 6530 Foster Slough Rd", "lengthM": 51.0}}, {"type": "Feature", "id": "drop-6613_Foster_Slough_Rd", "geometry": {"type": "LineString", "coordinates": [[-122.13688567217, 47.937167597803004], [-122.136810354227, 47.93707924195925], [-122.136735036284, 47.9369908861155], [-122.136659718341, 47.93690253027175], [-122.136584400398, 47.936814174428]]}, "properties": {"type": "drop", "layer": "drop", "cableId": "DROP-6613 Foster Slough Rd", "address": "6613 Foster Slough Rd", "terminal": "MT-H3024024", "status": "designed", "progressPct": 0, "printRef": "p2", "label": "Drop 6613 Foster Slough Rd", "lengthM": 45.3}}, {"type": "Feature", "id": "drop-6630_Foster_Slough_Rd", "geometry": {"type": "LineString", "coordinates": [[-122.13618417616125, 47.9363042570195], [-122.13628626485819, 47.936378197798874], [-122.13638835355513, 47.93645213857825], [-122.13649044225207, 47.93652607935763], [-122.136592530949, 47.936600020137]]}, "properties": {"type": "drop", "layer": "drop", "cableId": "DROP-6630 Foster Slough Rd", "address": "6630 Foster Slough Rd", "terminal": "MT-H3024023", "status": "designed", "progressPct": 0, "printRef": "p2", "label": "Drop 6630 Foster Slough Rd", "lengthM": 44.8}}, {"type": "Feature", "id": "drop-6621_Foster_Slough_Rd", "geometry": {"type": "LineString", "coordinates": [[-122.13618417616125, 47.9363042570195], [-122.13626905278669, 47.93641455389638], [-122.13635392941212, 47.93652485077325], [-122.13643880603756, 47.93663514765012], [-122.136523682663, 47.936745444527]]}, "properties": {"type": "drop", "layer": "drop", "cableId": "DROP-6621 Foster Slough Rd", "address": "6621 Foster Slough Rd", "terminal": "MT-H3024023", "status": "designed", "progressPct": 0, "printRef": "p2", "label": "Drop 6621 Foster Slough Rd", "lengthM": 55.3}}, {"type": "Feature", "id": "drop-6701_Foster_Slough_Rd", "geometry": {"type": "LineString", "coordinates": [[-122.13618417616125, 47.9363042570195], [-122.13611439262868, 47.936241723786374], [-122.13604460909613, 47.93617919055325], [-122.13597482556357, 47.93611665732013], [-122.135905042031, 47.936054124087]]}, "properties": {"type": "drop", "layer": "drop", "cableId": "DROP-6701 Foster Slough Rd", "address": "6701 Foster Slough Rd", "terminal": "MT-H3024023", "status": "designed", "progressPct": 0, "printRef": "p2", "label": "Drop 6701 Foster Slough Rd", "lengthM": 34.8}}, {"type": "Feature", "id": "drop-6727_Foster_Slough_Rd", "geometry": {"type": "LineString", "coordinates": [[-122.13618417616125, 47.9363042570195], [-122.13606699437145, 47.93618255259638], [-122.13594981258163, 47.936060848173256], [-122.13583263079181, 47.935939143750126], [-122.135715449002, 47.935817439327]]}, "properties": {"type": "drop", "layer": "drop", "cableId": "DROP-6727 Foster Slough Rd", "address": "6727 Foster Slough Rd", "terminal": "MT-H3024023", "status": "designed", "progressPct": 0, "printRef": "p2", "label": "Drop 6727 Foster Slough Rd", "lengthM": 64.5}}, {"type": "Feature", "id": "drop-6806_Foster_Slough_Rd", "geometry": {"type": "LineString", "coordinates": [[-122.1353233204514, 47.934684008116], [-122.13539734140531, 47.934762719081], [-122.1354713623592, 47.934841430046], [-122.1355453833131, 47.934920141011], [-122.135619404267, 47.934998851976]]}, "properties": {"type": "drop", "layer": "drop", "cableId": "DROP-6806 Foster Slough Rd", "address": "6806 Foster Slough Rd", "terminal": "MT-H3024022", "status": "designed", "progressPct": 0, "printRef": "p2", "label": "Drop 6806 Foster Slough Rd", "lengthM": 41.4}}, {"type": "Feature", "id": "drop-6827_Foster_Slough_Rd", "geometry": {"type": "LineString", "coordinates": [[-122.1353233204514, 47.934684008116], [-122.1353326369278, 47.93472344037825], [-122.13534195340421, 47.934762872640505], [-122.1353512698806, 47.93480230490275], [-122.135360586357, 47.934841737165]]}, "properties": {"type": "drop", "layer": "drop", "cableId": "DROP-6827 Foster Slough Rd", "address": "6827 Foster Slough Rd", "terminal": "MT-H3024022", "status": "designed", "progressPct": 0, "printRef": "p2", "label": "Drop 6827 Foster Slough Rd", "lengthM": 17.8}}, {"type": "Feature", "id": "drop-6918_Foster_Slough_Rd", "geometry": {"type": "LineString", "coordinates": [[-122.1353233204514, 47.934684008116], [-122.1352296507148, 47.93450104761975], [-122.1351359809782, 47.9343180871235], [-122.1350423112416, 47.934135126627254], [-122.134948641505, 47.933952166131]]}, "properties": {"type": "drop", "layer": "drop", "cableId": "DROP-6918 Foster Slough Rd", "address": "6918 Foster Slough Rd", "terminal": "MT-H3024022", "status": "designed", "progressPct": 0, "printRef": "p2", "label": "Drop 6918 Foster Slough Rd", "lengthM": 86.1}}, {"type": "Feature", "id": "drop-6831_Foster_Slough_Rd", "geometry": {"type": "LineString", "coordinates": [[-122.1353233204514, 47.934684008116], [-122.13532710316355, 47.93471407554125], [-122.1353308858757, 47.9347441429665], [-122.13533466858786, 47.93477421039175], [-122.1353384513, 47.934804277817]]}, "properties": {"type": "drop", "layer": "drop", "cableId": "DROP-6831 Foster Slough Rd", "address": "6831 Foster Slough Rd", "terminal": "MT-H3024022", "status": "designed", "progressPct": 0, "printRef": "p2", "label": "Drop 6831 Foster Slough Rd", "lengthM": 13.4}}, {"type": "Feature", "id": "drop-6829_Foster_Slough_Rd", "geometry": {"type": "LineString", "coordinates": [[-122.1353233204514, 47.934684008116], [-122.13532987004555, 47.93471875795975], [-122.1353364196397, 47.9347535078035], [-122.13534296923385, 47.93478825764725], [-122.135349518828, 47.934823007491]]}, "properties": {"type": "drop", "layer": "drop", "cableId": "DROP-6829 Foster Slough Rd", "address": "6829 Foster Slough Rd", "terminal": "MT-H3024022", "status": "designed", "progressPct": 0, "printRef": "p2", "label": "Drop 6829 Foster Slough Rd", "lengthM": 15.6}}, {"type": "Feature", "id": "drop-7010_Foster_Slough_Rd", "geometry": {"type": "LineString", "coordinates": [[-122.13423874421919, 47.9331592168778], [-122.1342691432929, 47.933148877136595], [-122.13429954236659, 47.93313853739539], [-122.13432994144028, 47.9331281976542], [-122.134360340514, 47.933117857913]]}, "properties": {"type": "drop", "layer": "drop", "cableId": "DROP-7010 Foster Slough Rd", "address": "7010 Foster Slough Rd", "terminal": "MT-H30240121", "status": "designed", "progressPct": 0, "printRef": "p2", "label": "Drop 7010 Foster Slough Rd", "lengthM": 10.2}}, {"type": "Feature", "id": "drop-7021_Foster_Slough_Rd", "geometry": {"type": "LineString", "coordinates": [[-122.13423874421919, 47.9331592168778], [-122.13421563823164, 47.9331358529886], [-122.1341925322441, 47.9331124890994], [-122.13416942625655, 47.933089125210195], [-122.134146320269, 47.933065761321]]}, "properties": {"type": "drop", "layer": "drop", "cableId": "DROP-7021 Foster Slough Rd", "address": "7021 Foster Slough Rd", "terminal": "MT-H30240121", "status": "designed", "progressPct": 0, "printRef": "p2", "label": "Drop 7021 Foster Slough Rd", "lengthM": 12.5}}, {"type": "Feature", "id": "drop-7001_Foster_Slough_Rd", "geometry": {"type": "LineString", "coordinates": [[-122.13423874421919, 47.9331592168778], [-122.13424428780364, 47.9331829572051], [-122.1342498313881, 47.9332066975324], [-122.13425537497255, 47.9332304378597], [-122.134260918557, 47.933254178187]]}, "properties": {"type": "drop", "layer": "drop", "cableId": "DROP-7001 Foster Slough Rd", "address": "7001 Foster Slough Rd", "terminal": "MT-H30240121", "status": "designed", "progressPct": 0, "printRef": "p2", "label": "Drop 7001 Foster Slough Rd", "lengthM": 10.7}}, {"type": "Feature", "id": "drop-7007_Foster_Slough_Rd", "geometry": {"type": "LineString", "coordinates": [[-122.13423874421919, 47.9331592168778], [-122.1342353329184, 47.9331690915686], [-122.1342319216176, 47.9331789662594], [-122.1342285103168, 47.933188840950194], [-122.134225099016, 47.933198715641]]}, "properties": {"type": "drop", "layer": "drop", "cableId": "DROP-7007 Foster Slough Rd", "address": "7007 Foster Slough Rd", "terminal": "MT-H30240121", "status": "designed", "progressPct": 0, "printRef": "p2", "label": "Drop 7007 Foster Slough Rd", "lengthM": 4.5}}, {"type": "Feature", "id": "drop-7101_Foster_Slough_Rd", "geometry": {"type": "LineString", "coordinates": [[-122.13379358767531, 47.93227099767333], [-122.13378239088173, 47.93227876108649], [-122.13377119408815, 47.93228652449966], [-122.13375999729458, 47.93229428791283], [-122.133748800501, 47.932302051326]]}, "properties": {"type": "drop", "layer": "drop", "cableId": "DROP-7101 Foster Slough Rd", "address": "7101 Foster Slough Rd", "terminal": "MT-H3024020", "status": "designed", "progressPct": 0, "printRef": "p2", "label": "Drop 7101 Foster Slough Rd", "lengthM": 4.8}}, {"type": "Feature", "id": "drop-7103_Foster_Slough_Rd", "geometry": {"type": "LineString", "coordinates": [[-122.13379358767531, 47.93227099767333], [-122.13378004635598, 47.932273976336496], [-122.13376650503665, 47.932276954999665], [-122.13375296371733, 47.932279933662834], [-122.133739422398, 47.932282912326]]}, "properties": {"type": "drop", "layer": "drop", "cableId": "DROP-7103 Foster Slough Rd", "address": "7103 Foster Slough Rd", "terminal": "MT-H3024020", "status": "designed", "progressPct": 0, "printRef": "p2", "label": "Drop 7103 Foster Slough Rd", "lengthM": 4.3}}, {"type": "Feature", "id": "drop-7104_Foster_Slough_Rd", "geometry": {"type": "LineString", "coordinates": [[-122.13379358767531, 47.93227099767333], [-122.13381832578824, 47.932260255596994], [-122.13384306390115, 47.93224951352066], [-122.13386780201407, 47.93223877144433], [-122.133892540127, 47.932228029368]]}, "properties": {"type": "drop", "layer": "drop", "cableId": "DROP-7104 Foster Slough Rd", "address": "7104 Foster Slough Rd", "terminal": "MT-H3024020", "status": "designed", "progressPct": 0, "printRef": "p2", "label": "Drop 7104 Foster Slough Rd", "lengthM": 8.8}}, {"type": "Feature", "id": "drop-7115_64th_St_SE", "geometry": {"type": "LineString", "coordinates": [[-122.13559333984101, 47.93862855907578], [-122.135737583144, 47.93864322958234], [-122.135881826447, 47.93865790008889], [-122.13602606975, 47.93867257059544], [-122.136170313053, 47.938687241102]]}, "properties": {"type": "drop", "layer": "drop", "cableId": "DROP-7115 64th St SE", "address": "7115 64th St SE", "terminal": "MT-H3024019", "status": "designed", "progressPct": 0, "printRef": "p2", "label": "Drop 7115 64th St SE", "lengthM": 43.5}}, {"type": "Feature", "id": "drop-7017_64th_St_SE", "geometry": {"type": "LineString", "coordinates": [[-122.13559333984101, 47.93862855907578], [-122.13610680302025, 47.93864359045033], [-122.13662026619951, 47.938658621824885], [-122.13713372937876, 47.938673653199444], [-122.137647192558, 47.938688684574]]}, "properties": {"type": "drop", "layer": "drop", "cableId": "DROP-7017 64th St SE", "address": "7017 64th St SE", "terminal": "MT-H3024019", "status": "designed", "progressPct": 0, "printRef": "p2", "label": "Drop 7017 64th St SE", "lengthM": 153.3}}, {"type": "Feature", "id": "drop-7006_64th_St_SE", "geometry": {"type": "LineString", "coordinates": [[-122.13559333984101, 47.93862855907578], [-122.13614209376576, 47.938613698810585], [-122.1366908476905, 47.93859883854539], [-122.13723960161525, 47.9385839782802], [-122.13778835554, 47.938569118015]]}, "properties": {"type": "drop", "layer": "drop", "cableId": "DROP-7006 64th St SE", "address": "7006 64th St SE", "terminal": "MT-H3024019", "status": "designed", "progressPct": 0, "printRef": "p2", "label": "Drop 7006 64th St SE", "lengthM": 163.8}}, {"type": "Feature", "id": "drop-7200_64th_St_SE", "geometry": {"type": "LineString", "coordinates": [[-122.13559333984101, 47.93862855907578], [-122.1353824013475, 47.93861094914058], [-122.135171462854, 47.93859333920539], [-122.13496052436051, 47.9385757292702], [-122.134749585867, 47.938558119335]]}, "properties": {"type": "drop", "layer": "drop", "cableId": "DROP-7200 64th St SE", "address": "7200 64th St SE", "terminal": "MT-H3024019", "status": "designed", "progressPct": 0, "printRef": "p2", "label": "Drop 7200 64th St SE", "lengthM": 63.4}}, {"type": "Feature", "id": "drop-7219_64th_St_SE", "geometry": {"type": "LineString", "coordinates": [[-122.13559333984101, 47.93862855907578], [-122.1353145345145, 47.93864071704509], [-122.135035729188, 47.93865287501439], [-122.1347569238615, 47.93866503298369], [-122.134478118535, 47.938677190953]]}, "properties": {"type": "drop", "layer": "drop", "cableId": "DROP-7219 64th St SE", "address": "7219 64th St SE", "terminal": "MT-H3024019", "status": "designed", "progressPct": 0, "printRef": "p2", "label": "Drop 7219 64th St SE", "lengthM": 83.3}}, {"type": "Feature", "id": "drop-7214_64th_St_SE", "geometry": {"type": "LineString", "coordinates": [[-122.13559333984101, 47.93862855907578], [-122.1353295672835, 47.93861215405583], [-122.135065794726, 47.93859574903589], [-122.1348020221685, 47.93857934401595], [-122.134538249611, 47.938562938996]]}, "properties": {"type": "drop", "layer": "drop", "cableId": "DROP-7214 64th St SE", "address": "7214 64th St SE", "terminal": "MT-H3024019", "status": "designed", "progressPct": 0, "printRef": "p2", "label": "Drop 7214 64th St SE", "lengthM": 79.0}}, {"type": "Feature", "id": "drop-7226_64th_St_SE", "geometry": {"type": "LineString", "coordinates": [[-122.13559333984101, 47.93862855907578], [-122.13528556321876, 47.938611902599085], [-122.1349777865965, 47.93859524612239], [-122.13467000997424, 47.938578589645694], [-122.134362233352, 47.938561933169]]}, "properties": {"type": "drop", "layer": "drop", "cableId": "DROP-7226 64th St SE", "address": "7226 64th St SE", "terminal": "MT-H3024019", "status": "designed", "progressPct": 0, "printRef": "p2", "label": "Drop 7226 64th St SE", "lengthM": 92.1}}, {"type": "Feature", "id": "drop-7205_64th_St_SE", "geometry": {"type": "LineString", "coordinates": [[-122.13559333984101, 47.93862855907578], [-122.13536393957875, 47.938638595085585], [-122.13513453931651, 47.93864863109539], [-122.13490513905425, 47.938658667105194], [-122.134675738792, 47.938668703115]]}, "properties": {"type": "drop", "layer": "drop", "cableId": "DROP-7205 64th St SE", "address": "7205 64th St SE", "terminal": "MT-H3024019", "status": "designed", "progressPct": 0, "printRef": "p2", "label": "Drop 7205 64th St SE", "lengthM": 68.6}}, {"type": "Feature", "id": "drop-7131_64th_St_SE", "geometry": {"type": "LineString", "coordinates": [[-122.13559333984101, 47.93862855907578], [-122.13567757269601, 47.93864219491259], [-122.135761805551, 47.93865583074939], [-122.135846038406, 47.93866946658619], [-122.135930271261, 47.938683102423]]}, "properties": {"type": "drop", "layer": "drop", "cableId": "DROP-7131 64th St SE", "address": "7131 64th St SE", "terminal": "MT-H3024019", "status": "designed", "progressPct": 0, "printRef": "p2", "label": "Drop 7131 64th St SE", "lengthM": 25.9}}, {"type": "Feature", "id": "drop-7307_64th_St_SE", "geometry": {"type": "LineString", "coordinates": [[-122.1326671517, 47.9386402856685], [-122.1327971969345, 47.938647667973875], [-122.132927242169, 47.93865505027925], [-122.1330572874035, 47.93866243258462], [-122.133187332638, 47.93866981489]]}, "properties": {"type": "drop", "layer": "drop", "cableId": "DROP-7307 64th St SE", "address": "7307 64th St SE", "terminal": "MT-H3024018", "status": "designed", "progressPct": 0, "printRef": "p2", "label": "Drop 7307 64th St SE", "lengthM": 38.9}}, {"type": "Feature", "id": "drop-7323_64th_St_SE", "geometry": {"type": "LineString", "coordinates": [[-122.1326671517, 47.9386402856685], [-122.13273870695825, 47.93864737419537], [-122.13281026221651, 47.93865446272225], [-122.13288181747475, 47.938661551249126], [-122.132953372733, 47.938668639776]]}, "properties": {"type": "drop", "layer": "drop", "cableId": "DROP-7323 64th St SE", "address": "7323 64th St SE", "terminal": "MT-H3024018", "status": "designed", "progressPct": 0, "printRef": "p2", "label": "Drop 7323 64th St SE", "lengthM": 21.6}}, {"type": "Feature", "id": "drop-7417_64th_St_SE", "geometry": {"type": "LineString", "coordinates": [[-122.1326671517, 47.9386402856685], [-122.13239399594201, 47.93864737415713], [-122.132120840184, 47.93865446264575], [-122.13184768442599, 47.93866155113437], [-122.131574528668, 47.938668639623]]}, "properties": {"type": "drop", "layer": "drop", "cableId": "DROP-7417 64th St SE", "address": "7417 64th St SE", "terminal": "MT-H3024018", "status": "designed", "progressPct": 0, "printRef": "p2", "label": "Drop 7417 64th St SE", "lengthM": 81.5}}, {"type": "Feature", "id": "drop-7322_64th_St_SE", "geometry": {"type": "LineString", "coordinates": [[-122.1326671517, 47.9386402856685], [-122.13273870696526, 47.93861872634763], [-122.13281026223049, 47.93859716702675], [-122.13288181749574, 47.93857560770587], [-122.132953372761, 47.938554048385]]}, "properties": {"type": "drop", "layer": "drop", "cableId": "DROP-7322 64th St SE", "address": "7322 64th St SE", "terminal": "MT-H3024018", "status": "designed", "progressPct": 0, "printRef": "p2", "label": "Drop 7322 64th St SE", "lengthM": 23.4}}, {"type": "Feature", "id": "drop-7526_64th_St_SE", "geometry": {"type": "LineString", "coordinates": [[-122.130431517195, 47.9385804560935], [-122.130314269238, 47.938572655321124], [-122.130197021281, 47.938564854548744], [-122.13007977332401, 47.93855705377637], [-122.129962525367, 47.938549253004]]}, "properties": {"type": "drop", "layer": "drop", "cableId": "DROP-7526 64th St SE", "address": "7526 64th St SE", "terminal": "MT-H3024017", "status": "designed", "progressPct": 0, "printRef": "p2", "label": "Drop 7526 64th St SE", "lengthM": 35.1}}, {"type": "Feature", "id": "drop-7516_64th_St_SE", "geometry": {"type": "LineString", "coordinates": [[-122.130431517195, 47.9385804560935], [-122.13035093515725, 47.93857307920862], [-122.1302703531195, 47.93856570232375], [-122.13018977108176, 47.938558325438876], [-122.130109189044, 47.938550948554]]}, "properties": {"type": "drop", "layer": "drop", "cableId": "DROP-7516 64th St SE", "address": "7516 64th St SE", "terminal": "MT-H3024017", "status": "designed", "progressPct": 0, "printRef": "p2", "label": "Drop 7516 64th St SE", "lengthM": 24.3}}, {"type": "Feature", "id": "drop-7504_64th_St_SE", "geometry": {"type": "LineString", "coordinates": [[-122.130431517195, 47.9385804560935], [-122.13039493426025, 47.938573587873876], [-122.1303583513255, 47.93856671965425], [-122.13032176839076, 47.93855985143462], [-122.130285185456, 47.938552983215]]}, "properties": {"type": "drop", "layer": "drop", "cableId": "DROP-7504 64th St SE", "address": "7504 64th St SE", "terminal": "MT-H3024017", "status": "designed", "progressPct": 0, "printRef": "p2", "label": "Drop 7504 64th St SE", "lengthM": 11.3}}, {"type": "Feature", "id": "drop-7431_64th_St_SE", "geometry": {"type": "LineString", "coordinates": [[-122.130431517195, 47.9385804560935], [-122.13066593012451, 47.93860250197037], [-122.13090034305401, 47.93862454784725], [-122.1311347559835, 47.93864659372412], [-122.131369168913, 47.938668639601]]}, "properties": {"type": "drop", "layer": "drop", "cableId": "DROP-7431 64th St SE", "address": "7431 64th St SE", "terminal": "MT-H3024017", "status": "designed", "progressPct": 0, "printRef": "p2", "label": "Drop 7431 64th St SE", "lengthM": 70.6}}, {"type": "Feature", "id": "drop-6118_Foster_Slough_Rd", "geometry": {"type": "LineString", "coordinates": [[-122.14123176762125, 47.941818012293], [-122.14109396513268, 47.9416373252065], [-122.14095616264413, 47.94145663812], [-122.14081836015556, 47.9412759510335], [-122.140680557667, 47.941095263947]]}, "properties": {"type": "drop", "layer": "drop", "cableId": "DROP-6118 Foster Slough Rd", "address": "6118 Foster Slough Rd", "terminal": "MT-H30240109", "status": "designed", "progressPct": 0, "printRef": "p2", "label": "Drop 6118 Foster Slough Rd", "lengthM": 90.3}}, {"type": "Feature", "id": "drop-6019_Foster_Slough_Rd", "geometry": {"type": "LineString", "coordinates": [[-122.14123176762125, 47.941818012293], [-122.14125694305093, 47.94189244832125], [-122.14128211848063, 47.9419668843495], [-122.14130729391032, 47.94204132037775], [-122.14133246934, 47.942115756406]]}, "properties": {"type": "drop", "layer": "drop", "cableId": "DROP-6019 Foster Slough Rd", "address": "6019 Foster Slough Rd", "terminal": "MT-H30240109", "status": "designed", "progressPct": 0, "printRef": "p2", "label": "Drop 6019 Foster Slough Rd", "lengthM": 34.0}}, {"type": "Feature", "id": "drop-6016_Foster_Slough_Rd", "geometry": {"type": "LineString", "coordinates": [[-122.14123176762125, 47.941818012293], [-122.14129822204418, 47.941883146780995], [-122.14136467646713, 47.941948281269], [-122.14143113089007, 47.942013415757], [-122.141497585313, 47.942078550245]]}, "properties": {"type": "drop", "layer": "drop", "cableId": "DROP-6016 Foster Slough Rd", "address": "6016 Foster Slough Rd", "terminal": "MT-H30240109", "status": "designed", "progressPct": 0, "printRef": "p2", "label": "Drop 6016 Foster Slough Rd", "lengthM": 35.1}}, {"type": "Feature", "id": "drop-6026_Foster_Slough_Rd", "geometry": {"type": "LineString", "coordinates": [[-122.14123176762125, 47.941818012293], [-122.14127794025718, 47.94185912886325], [-122.14132411289313, 47.9419002454335], [-122.14137028552906, 47.941941362003746], [-122.141416458165, 47.941982478574]]}, "properties": {"type": "drop", "layer": "drop", "cableId": "DROP-6026 Foster Slough Rd", "address": "6026 Foster Slough Rd", "terminal": "MT-H30240109", "status": "designed", "progressPct": 0, "printRef": "p2", "label": "Drop 6026 Foster Slough Rd", "lengthM": 22.9}}, {"type": "Feature", "id": "drop-6220_Foster_Slough_Rd", "geometry": {"type": "LineString", "coordinates": [[-122.13885977424061, 47.93945129577801], [-122.13907116493546, 47.93961432099725], [-122.1392825556303, 47.9397773462165], [-122.13949394632516, 47.93994037143575], [-122.13970533702, 47.940103396655]]}, "properties": {"type": "drop", "layer": "drop", "cableId": "DROP-6220 Foster Slough Rd", "address": "6220 Foster Slough Rd", "terminal": "MT-H3024027", "status": "designed", "progressPct": 0, "printRef": "p2", "label": "Drop 6220 Foster Slough Rd", "lengthM": 96.2}}, {"type": "Feature", "id": "drop-6205_Foster_Slough_Rd", "geometry": {"type": "LineString", "coordinates": [[-122.13885977424061, 47.93945129577801], [-122.1390640704117, 47.939655613491254], [-122.1392683665828, 47.9398599312045], [-122.1394726627539, 47.94006424891775], [-122.139676958925, 47.940268566631]]}, "properties": {"type": "drop", "layer": "drop", "cableId": "DROP-6205 Foster Slough Rd", "address": "6205 Foster Slough Rd", "terminal": "MT-H3024027", "status": "designed", "progressPct": 0, "printRef": "p2", "label": "Drop 6205 Foster Slough Rd", "lengthM": 109.5}}, {"type": "Feature", "id": "drop-6318_Foster_Slough_Rd", "geometry": {"type": "LineString", "coordinates": [[-122.13885977424061, 47.93945129577801], [-122.13887095852272, 47.93943376834176], [-122.13888214280482, 47.9394162409055], [-122.1388933270869, 47.93939871346925], [-122.138904511369, 47.939381186033]]}, "properties": {"type": "drop", "layer": "drop", "cableId": "DROP-6318 Foster Slough Rd", "address": "6318 Foster Slough Rd", "terminal": "MT-H3024027", "status": "designed", "progressPct": 0, "printRef": "p2", "label": "Drop 6318 Foster Slough Rd", "lengthM": 8.5}}, {"type": "Feature", "id": "drop-6325_Foster_Slough_Rd", "geometry": {"type": "LineString", "coordinates": [[-122.13885977424061, 47.93945129577801], [-122.13862920636596, 47.93925940530801], [-122.13839863849131, 47.939067514838], [-122.13816807061666, 47.938875624368], [-122.137937502742, 47.938683733898]]}, "properties": {"type": "drop", "layer": "drop", "cableId": "DROP-6325 Foster Slough Rd", "address": "6325 Foster Slough Rd", "terminal": "MT-H3024027", "status": "designed", "progressPct": 0, "printRef": "p2", "label": "Drop 6325 Foster Slough Rd", "lengthM": 109.7}}, {"type": "Feature", "id": "drop-6319_Foster_Slough_Rd", "geometry": {"type": "LineString", "coordinates": [[-122.13885977424061, 47.93945129577801], [-122.1386634709672, 47.939293370751756], [-122.1384671676938, 47.939135445725505], [-122.1382708644204, 47.938977520699254], [-122.138074561147, 47.938819595673]]}, "properties": {"type": "drop", "layer": "drop", "cableId": "DROP-6319 Foster Slough Rd", "address": "6319 Foster Slough Rd", "terminal": "MT-H3024027", "status": "designed", "progressPct": 0, "printRef": "p2", "label": "Drop 6319 Foster Slough Rd", "lengthM": 91.5}}, {"type": "Feature", "id": "drop-6410_Foster_Slough_Rd", "geometry": {"type": "LineString", "coordinates": [[-122.137933063532, 47.938538347048336], [-122.13799141265, 47.9385794671785], [-122.138049761768, 47.93862058730867], [-122.13810811088601, 47.93866170743884], [-122.138166460004, 47.938702827569]]}, "properties": {"type": "drop", "layer": "drop", "cableId": "DROP-6410 Foster Slough Rd", "address": "6410 Foster Slough Rd", "terminal": "MT-H3024026", "status": "designed", "progressPct": 0, "printRef": "p2", "label": "Drop 6410 Foster Slough Rd", "lengthM": 25.3}}, {"type": "Feature", "id": "drop-6422_Foster_Slough_Rd", "geometry": {"type": "LineString", "coordinates": [[-122.137933063532, 47.938538347048336], [-122.13793021313, 47.938519065663], [-122.13792736272799, 47.93849978427767], [-122.137924512326, 47.93848050289233], [-122.137921661924, 47.938461221507]]}, "properties": {"type": "drop", "layer": "drop", "cableId": "DROP-6422 Foster Slough Rd", "address": "6422 Foster Slough Rd", "terminal": "MT-H3024026", "status": "designed", "progressPct": 0, "printRef": "p2", "label": "Drop 6422 Foster Slough Rd", "lengthM": 8.6}}, {"type": "Feature", "id": "drop-6421_Foster_Slough_Rd", "geometry": {"type": "LineString", "coordinates": [[-122.137933063532, 47.938538347048336], [-122.137877564816, 47.9385165083035], [-122.1378220661, 47.938494669558665], [-122.137766567384, 47.938472830813836], [-122.137711068668, 47.938450992069]]}, "properties": {"type": "drop", "layer": "drop", "cableId": "DROP-6421 Foster Slough Rd", "address": "6421 Foster Slough Rd", "terminal": "MT-H3024026", "status": "designed", "progressPct": 0, "printRef": "p2", "label": "Drop 6421 Foster Slough Rd", "lengthM": 19.2}}, {"type": "Feature", "id": "drop-6800_Foster_Slough_Rd", "geometry": {"type": "LineString", "coordinates": [[-122.135588958185, 47.9351083822935], [-122.1356013466645, 47.935095764873125], [-122.135613735144, 47.93508314745275], [-122.1356261236235, 47.93507053003238], [-122.135638512103, 47.935057912612]]}, "properties": {"type": "drop", "layer": "drop", "cableId": "DROP-6800 Foster Slough Rd", "address": "6800 Foster Slough Rd", "terminal": "MT-H3024076", "status": "designed", "progressPct": 0, "printRef": "p2", "label": "Drop 6800 Foster Slough Rd", "lengthM": 6.7}}, {"type": "Feature", "id": "drop-6802_Foster_Slough_Rd", "geometry": {"type": "LineString", "coordinates": [[-122.135588958185, 47.9351083822935], [-122.13559975434475, 47.935090843153375], [-122.1356105505045, 47.93507330401325], [-122.13562134666424, 47.93505576487313], [-122.135632142824, 47.935038225733]]}, "properties": {"type": "drop", "layer": "drop", "cableId": "DROP-6802 Foster Slough Rd", "address": "6802 Foster Slough Rd", "terminal": "MT-H3024076", "status": "designed", "progressPct": 0, "printRef": "p2", "label": "Drop 6802 Foster Slough Rd", "lengthM": 8.4}}, {"type": "Feature", "id": "drop-6404_Foster_Slough_Rd", "geometry": {"type": "LineString", "coordinates": [[-122.13816601977499, 47.9387641531225], [-122.13817590971775, 47.938759484510875], [-122.13818579966049, 47.938754815899244], [-122.13819568960324, 47.93875014728762], [-122.138205579546, 47.938745478676]]}, "properties": {"type": "drop", "layer": "drop", "cableId": "DROP-6404 Foster Slough Rd", "address": "6404 Foster Slough Rd", "terminal": "MT-H3024045", "status": "designed", "progressPct": 0, "printRef": "p2", "label": "Drop 6404 Foster Slough Rd", "lengthM": 3.6}}, {"type": "Feature", "id": "drop-6420_Foster_Slough_Rd", "geometry": {"type": "LineString", "coordinates": [[-122.13794907412901, 47.938429246755], [-122.13794592718025, 47.938441253067], [-122.1379427802315, 47.938453259379], [-122.13793963328276, 47.938465265691], [-122.137936486334, 47.938477272003]]}, "properties": {"type": "drop", "layer": "drop", "cableId": "DROP-6420 Foster Slough Rd", "address": "6420 Foster Slough Rd", "terminal": "MT-H3024048", "status": "designed", "progressPct": 0, "printRef": "p2", "label": "Drop 6420 Foster Slough Rd", "lengthM": 5.4}}, {"type": "Feature", "id": "drop-6506_Foster_Slough_Rd", "geometry": {"type": "LineString", "coordinates": [[-122.137262509609, 47.9378572519505], [-122.1372742489215, 47.93783930344837], [-122.137285988234, 47.93782135494625], [-122.1372977275465, 47.937803406444125], [-122.137309466859, 47.937785457942]]}, "properties": {"type": "drop", "layer": "drop", "cableId": "DROP-6506 Foster Slough Rd", "address": "6506 Foster Slough Rd", "terminal": "MT-H3024051", "status": "designed", "progressPct": 0, "printRef": "p2", "label": "Drop 6506 Foster Slough Rd", "lengthM": 8.7}}, {"type": "Feature", "id": "drop-6026_70th_Dr_SE", "geometry": {"type": "LineString", "coordinates": [[-122.136998235827, 47.9416864614805], [-122.13700444870025, 47.94176793121463], [-122.1370106615735, 47.941849400948755], [-122.13701687444674, 47.941930870682874], [-122.13702308732, 47.942012340417]]}, "properties": {"type": "drop", "layer": "drop", "cableId": "DROP-6026 70th Dr SE", "address": "6026 70th Dr SE", "terminal": "MT-H3024060", "status": "designed", "progressPct": 0, "printRef": "p2", "label": "Drop 6026 70th Dr SE", "lengthM": 36.3}}, {"type": "Feature", "id": "drop-6110_70th_Dr_SE", "geometry": {"type": "LineString", "coordinates": [[-122.1369721189125, 47.94125681583449], [-122.13698222436437, 47.94124546306037], [-122.13699232981625, 47.941234110286246], [-122.13700243526812, 47.94122275751212], [-122.13701254072, 47.941211404738]]}, "properties": {"type": "drop", "layer": "drop", "cableId": "DROP-6110 70th Dr SE", "address": "6110 70th Dr SE", "terminal": "MT-H3024061", "status": "designed", "progressPct": 0, "printRef": "p2", "label": "Drop 6110 70th Dr SE", "lengthM": 5.9}}, {"type": "Feature", "id": "drop-6120_70th_Dr_SE", "geometry": {"type": "LineString", "coordinates": [[-122.1369721189125, 47.94125681583449], [-122.13698201346062, 47.94122816860862], [-122.13699190800875, 47.94119952138274], [-122.13700180255687, 47.941170874156875], [-122.137011697105, 47.941142226931]]}, "properties": {"type": "drop", "layer": "drop", "cableId": "DROP-6120 70th Dr SE", "address": "6120 70th Dr SE", "terminal": "MT-H3024061", "status": "designed", "progressPct": 0, "printRef": "p2", "label": "Drop 6120 70th Dr SE", "lengthM": 13.1}}, {"type": "Feature", "id": "drop-6126_70th_Dr_SE", "geometry": {"type": "LineString", "coordinates": [[-122.1370509378515, 47.940999966906006], [-122.13704100112263, 47.941025155241505], [-122.13703106439374, 47.941050343577004], [-122.13702112766487, 47.9410755319125], [-122.137011190936, 47.941100720248]]}, "properties": {"type": "drop", "layer": "drop", "cableId": "DROP-6126 70th Dr SE", "address": "6126 70th Dr SE", "terminal": "MT-H3024062", "status": "designed", "progressPct": 0, "printRef": "p2", "label": "Drop 6126 70th Dr SE", "lengthM": 11.6}}, {"type": "Feature", "id": "drop-6100_70th_Dr_SE", "geometry": {"type": "LineString", "coordinates": [[-122.1369721189125, 47.94125681583449], [-122.13698243526787, 47.94126275751187], [-122.13699275162324, 47.94126869918925], [-122.13700306797863, 47.941274640866624], [-122.137013384334, 47.941280582544]]}, "properties": {"type": "drop", "layer": "drop", "cableId": "DROP-6100 70th Dr SE", "address": "6100 70th Dr SE", "terminal": "MT-H3024061", "status": "designed", "progressPct": 0, "printRef": "p2", "label": "Drop 6100 70th Dr SE", "lengthM": 4.1}}, {"type": "Feature", "id": "drop-6132_70th_Dr_SE", "geometry": {"type": "LineString", "coordinates": [[-122.1370509378515, 47.940999966906006], [-122.13704087458038, 47.941014778570505], [-122.13703081130924, 47.941029590235004], [-122.13702074803813, 47.941044401899504], [-122.137010684767, 47.941059213564]]}, "properties": {"type": "drop", "layer": "drop", "cableId": "DROP-6132 70th Dr SE", "address": "6132 70th Dr SE", "terminal": "MT-H3024062", "status": "designed", "progressPct": 0, "printRef": "p2", "label": "Drop 6132 70th Dr SE", "lengthM": 7.2}}, {"type": "Feature", "id": "drop-5806_61st_Ave_SE", "geometry": {"type": "LineString", "coordinates": [[-122.1497527990815, 47.944493226982], [-122.14975582166262, 47.94437505525275], [-122.14975884424375, 47.944256883523494], [-122.14976186682487, 47.944138711794245], [-122.149764889406, 47.944020540065]]}, "properties": {"type": "drop", "layer": "drop", "cableId": "DROP-5806 61st Ave SE", "address": "5806 61st Ave SE", "terminal": "MT-H3024013", "status": "designed", "progressPct": 0, "printRef": "p2", "label": "Drop 5806 61st Ave SE", "lengthM": 52.6}}, {"type": "Feature", "id": "drop-5710_61st_Ave_SE", "geometry": {"type": "LineString", "coordinates": [[-122.1495686163715, 47.9447702075785], [-122.14961163946788, 47.94481913415862], [-122.14965466256425, 47.94486806073875], [-122.14969768566061, 47.94491698731888], [-122.149740708757, 47.944965913899]]}, "properties": {"type": "drop", "layer": "drop", "cableId": "DROP-5710 61st Ave SE", "address": "5710 61st Ave SE", "terminal": "MT-H3024014", "status": "designed", "progressPct": 0, "printRef": "p2", "label": "Drop 5710 61st Ave SE", "lengthM": 25.3}}, {"type": "Feature", "id": "drop-5631_61st_Ave_SE", "geometry": {"type": "LineString", "coordinates": [[-122.149536257353, 47.94561636667299], [-122.14954669719825, 47.94565379335349], [-122.1495571370435, 47.94569122003399], [-122.14956757688876, 47.9457286467145], [-122.149578016734, 47.945766073395]]}, "properties": {"type": "drop", "layer": "drop", "cableId": "DROP-5631 61st Ave SE", "address": "5631 61st Ave SE", "terminal": "MT-H3024015", "status": "designed", "progressPct": 0, "printRef": "p2", "label": "Drop 5631 61st Ave SE", "lengthM": 17.0}}, {"type": "Feature", "id": "drop-5709_61st_Ave_SE", "geometry": {"type": "LineString", "coordinates": [[-122.149536257353, 47.94561636667299], [-122.14954581750776, 47.945538939992495], [-122.1495553776625, 47.945461513312], [-122.14956493781725, 47.9453840866315], [-122.149574497972, 47.945306659951]]}, "properties": {"type": "drop", "layer": "drop", "cableId": "DROP-5709 61st Ave SE", "address": "5709 61st Ave SE", "terminal": "MT-H3024015", "status": "designed", "progressPct": 0, "printRef": "p2", "label": "Drop 5709 61st Ave SE", "lengthM": 34.6}}, {"type": "Feature", "id": "drop-5805_61st_Ave_SE", "geometry": {"type": "LineString", "coordinates": [[-122.1495686163715, 47.9447702075785], [-122.14957346311837, 47.94476167880512], [-122.14957830986525, 47.94475315003175], [-122.14958315661212, 47.94474462125838], [-122.149588003359, 47.944736092485]]}, "properties": {"type": "drop", "layer": "drop", "cableId": "DROP-5805 61st Ave SE", "address": "5805 61st Ave SE", "terminal": "MT-H3024014", "status": "designed", "progressPct": 0, "printRef": "p2", "label": "Drop 5805 61st Ave SE", "lengthM": 4.1}}, {"type": "Feature", "id": "drop-5807_61st_Ave_SE", "geometry": {"type": "LineString", "coordinates": [[-122.1495686163715, 47.9447702075785], [-122.14957376962462, 47.94475873635187], [-122.14957892287775, 47.94474726512525], [-122.14958407613088, 47.94473579389863], [-122.149589229384, 47.944724322672]]}, "properties": {"type": "drop", "layer": "drop", "cableId": "DROP-5807 61st Ave SE", "address": "5807 61st Ave SE", "terminal": "MT-H3024014", "status": "designed", "progressPct": 0, "printRef": "p2", "label": "Drop 5807 61st Ave SE", "lengthM": 5.3}}, {"type": "Feature", "id": "drop-5818_60th_St_SE", "geometry": {"type": "LineString", "coordinates": [[-122.15269579826051, 47.942235050377505], [-122.15271869796288, 47.94223505038013], [-122.15274159766525, 47.94223505038275], [-122.15276449736763, 47.94223505038538], [-122.15278739707, 47.942235050388]]}, "properties": {"type": "drop", "layer": "drop", "cableId": "DROP-5818 60th St SE", "address": "5818 60th St SE", "terminal": "MT-H3024008", "status": "designed", "progressPct": 0, "printRef": "p2", "label": "Drop 5818 60th St SE", "lengthM": 6.8}}, {"type": "Feature", "id": "drop-5508_60th_St_SE", "geometry": {"type": "LineString", "coordinates": [[-122.1575904228525, 47.9421370509165], [-122.15757278962113, 47.942157050915625], [-122.15755515638975, 47.94217705091475], [-122.15753752315837, 47.942197050913876], [-122.157519889927, 47.942217050913]]}, "properties": {"type": "drop", "layer": "drop", "cableId": "DROP-5508 60th St SE", "address": "5508 60th St SE", "terminal": "MT-H3024001", "status": "designed", "progressPct": 0, "printRef": "p2", "label": "Drop 5508 60th St SE", "lengthM": 10.3}}, {"type": "Feature", "id": "drop-5512_60th_St_SE", "geometry": {"type": "LineString", "coordinates": [[-122.1575904228525, 47.9421370509165], [-122.15755752315812, 47.94215705091388], [-122.15752462346374, 47.942177050911255], [-122.15749172376937, 47.942197050908625], [-122.157458824075, 47.942217050906]]}, "properties": {"type": "drop", "layer": "drop", "cableId": "DROP-5512 60th St SE", "address": "5512 60th St SE", "terminal": "MT-H3024001", "status": "designed", "progressPct": 0, "printRef": "p2", "label": "Drop 5512 60th St SE", "lengthM": 13.3}}, {"type": "Feature", "id": "drop-5504_60th_St_SE", "geometry": {"type": "LineString", "coordinates": [[-122.1575904228525, 47.9421370509165], [-122.15758805608387, 47.94215705091737], [-122.15758568931525, 47.94217705091825], [-122.15758332254663, 47.94219705091913], [-122.157580955778, 47.94221705092]]}, "properties": {"type": "drop", "layer": "drop", "cableId": "DROP-5504 60th St SE", "address": "5504 60th St SE", "terminal": "MT-H3024001", "status": "designed", "progressPct": 0, "printRef": "p2", "label": "Drop 5504 60th St SE", "lengthM": 8.9}}, {"type": "Feature", "id": "drop-6711_60th_St_SE", "geometry": {"type": "LineString", "coordinates": [[-122.14123176762125, 47.941818012293], [-122.14122144125969, 47.94195605157375], [-122.14121111489813, 47.942094090854496], [-122.14120078853657, 47.94223213013525], [-122.141190462175, 47.942370169416]]}, "properties": {"type": "drop", "layer": "drop", "cableId": "DROP-6711 60th St SE", "address": "6711 60th St SE", "terminal": "MT-H30240109", "status": "designed", "progressPct": 0, "printRef": "p2", "label": "Drop 6711 60th St SE", "lengthM": 61.5}}, {"type": "Feature", "id": "drop-6707_60th_St_SE", "geometry": {"type": "LineString", "coordinates": [[-122.14123176762125, 47.941818012293], [-122.14123370456043, 47.94195590202275], [-122.14123564149963, 47.9420937917525], [-122.14123757843882, 47.94223168148225], [-122.141239515378, 47.942369571212]]}, "properties": {"type": "drop", "layer": "drop", "cableId": "DROP-6707 60th St SE", "address": "6707 60th St SE", "terminal": "MT-H30240109", "status": "designed", "progressPct": 0, "printRef": "p2", "label": "Drop 6707 60th St SE", "lengthM": 61.4}}, {"type": "Feature", "id": "drop-6109_60th_St_SE", "geometry": {"type": "LineString", "coordinates": [[-122.148876700134, 47.942287641341004], [-122.14885841929625, 47.94230764134], [-122.1488401384585, 47.942327641339006], [-122.14882185762075, 47.942347641338], [-122.148803576783, 47.942367641337]]}, "properties": {"type": "drop", "layer": "drop", "cableId": "DROP-6109 60th St SE", "address": "6109 60th St SE", "terminal": "MT-H3024016", "status": "designed", "progressPct": 0, "printRef": "p2", "label": "Drop 6109 60th St SE", "lengthM": 10.4}}, {"type": "Feature", "id": "drop-6103_60th_St_SE", "geometry": {"type": "LineString", "coordinates": [[-122.148876700134, 47.942287641341004], [-122.14887498097175, 47.942307641342005], [-122.1488732618095, 47.942327641343], [-122.14887154264724, 47.942347641344], [-122.148869823485, 47.942367641345]]}, "properties": {"type": "drop", "layer": "drop", "cableId": "DROP-6103 60th St SE", "address": "6103 60th St SE", "terminal": "MT-H3024016", "status": "designed", "progressPct": 0, "printRef": "p2", "label": "Drop 6103 60th St SE", "lengthM": 8.9}}, {"type": "Feature", "id": "drop-5702_60th_St_SE", "geometry": {"type": "LineString", "coordinates": [[-122.1547141878925, 47.942287301937], [-122.15467508566162, 47.9422731335425], [-122.15463598343075, 47.942258965148], [-122.15459688119986, 47.9422447967535], [-122.154557778969, 47.942230628359]]}, "properties": {"type": "drop", "layer": "drop", "cableId": "DROP-5702 60th St SE", "address": "5702 60th St SE", "terminal": "MT-H3024003", "status": "designed", "progressPct": 0, "printRef": "p2", "label": "Drop 5702 60th St SE", "lengthM": 13.3}}, {"type": "Feature", "id": "drop-42140_NW_Wilkes_St", "geometry": {"type": "LineString", "coordinates": [[-122.135588958185, 47.9351083822935], [-122.13583844848866, 47.93512625797425], [-122.13608793879231, 47.93514413365499], [-122.13633742909597, 47.935162009335734], [-122.13658691939963, 47.93517988501648]]}, "properties": {"type": "drop", "layer": "drop", "cableId": "DROP-42140 NW Wilkes St", "address": "42140 NW Wilkes St", "terminal": "MT-H3024076", "status": "designed", "progressPct": 0, "printRef": "p3", "label": "Drop 42140 NW Wilkes St", "lengthM": 74.9}}, {"type": "Feature", "id": "drop-42115_NW_Wilkes_St", "geometry": {"type": "LineString", "coordinates": [[-122.135588958185, 47.9351083822935], [-122.13583844848866, 47.93512625797425], [-122.13608793879231, 47.93514413365499], [-122.13633742909597, 47.935162009335734], [-122.13658691939963, 47.93517988501648]]}, "properties": {"type": "drop", "layer": "drop", "cableId": "DROP-42115 NW Wilkes St", "address": "42115 NW Wilkes St", "terminal": "MT-H3024076", "status": "designed", "progressPct": 0, "printRef": "p3", "label": "Drop 42115 NW Wilkes St", "lengthM": 74.9}}, {"type": "Feature", "id": "drop-42125_NW_Wilkes_St", "geometry": {"type": "LineString", "coordinates": [[-122.135588958185, 47.9351083822935], [-122.13583844848866, 47.93512625797425], [-122.13608793879231, 47.93514413365499], [-122.13633742909597, 47.935162009335734], [-122.13658691939963, 47.93517988501648]]}, "properties": {"type": "drop", "layer": "drop", "cableId": "DROP-42125 NW Wilkes St", "address": "42125 NW Wilkes St", "terminal": "MT-H3024076", "status": "designed", "progressPct": 0, "printRef": "p3", "label": "Drop 42125 NW Wilkes St", "lengthM": 74.9}}, {"type": "Feature", "id": "drop-42120_NW_Wilkes_St", "geometry": {"type": "LineString", "coordinates": [[-122.135588958185, 47.9351083822935], [-122.13583844848866, 47.93512625797425], [-122.13608793879231, 47.93514413365499], [-122.13633742909597, 47.935162009335734], [-122.13658691939963, 47.93517988501648]]}, "properties": {"type": "drop", "layer": "drop", "cableId": "DROP-42120 NW Wilkes St", "address": "42120 NW Wilkes St", "terminal": "MT-H3024076", "status": "designed", "progressPct": 0, "printRef": "p3", "label": "Drop 42120 NW Wilkes St", "lengthM": 74.9}}, {"type": "Feature", "id": "drop-6105_60th_St_SE", "geometry": {"type": "LineString", "coordinates": [[-122.148876700134, 47.942287641341004], [-122.14886946041325, 47.94230764134125], [-122.14886222069251, 47.94232764134151], [-122.14885498097175, 47.942347641341755], [-122.148847741251, 47.942367641342]]}, "properties": {"type": "drop", "layer": "drop", "cableId": "DROP-6105 60th St SE", "address": "6105 60th St SE", "terminal": "MT-H3024016", "status": "designed", "progressPct": 0, "printRef": "p22", "label": "Drop 6105 60th St SE", "lengthM": 9.2}}, {"type": "Feature", "id": "drop-5716_60th_St_SE", "geometry": {"type": "LineString", "coordinates": [[-122.15438511699949, 47.9422712365575], [-122.15437485080261, 47.94226129737738], [-122.15436458460574, 47.942251358197254], [-122.15435431840888, 47.94224141901712], [-122.154344052212, 47.942231479837]]}, "properties": {"type": "drop", "layer": "drop", "cableId": "DROP-5716 60th St SE", "address": "5716 60th St SE", "terminal": "MT-H3024004", "status": "designed", "progressPct": 0, "printRef": "p2", "label": "Drop 5716 60th St SE", "lengthM": 5.4}}, {"type": "Feature", "id": "drop-7910_Foster_Slough_Rd", "geometry": {"type": "LineString", "coordinates": [[-122.133582561235, 47.9251595197545], [-122.133616020002, 47.92512802108763], [-122.133649478769, 47.92509652242075], [-122.13368293753601, 47.925065023753874], [-122.133716396303, 47.925033525087]]}, "properties": {"type": "drop", "layer": "drop", "cableId": "DROP-7910 Foster Slough Rd", "address": "7910 Foster Slough Rd", "terminal": "MT-H30240102", "status": "designed", "progressPct": 0, "printRef": "p2", "label": "Drop 7910 Foster Slough Rd", "lengthM": 17.2}}, {"type": "Feature", "id": "drop-7816_Foster_Slough_Rd", "geometry": {"type": "LineString", "coordinates": [[-122.1336632428565, 47.925886931879496], [-122.13367299579637, 47.92588249642837], [-122.13368274873625, 47.92587806097725], [-122.13369250167612, 47.92587362552612], [-122.133702254616, 47.925869190075]]}, "properties": {"type": "drop", "layer": "drop", "cableId": "DROP-7816 Foster Slough Rd", "address": "7816 Foster Slough Rd", "terminal": "MT-H3024096", "status": "designed", "progressPct": 0, "printRef": "p2", "label": "Drop 7816 Foster Slough Rd", "lengthM": 3.5}}, {"type": "Feature", "id": "drop-6424_Foster_Slough_Rd", "geometry": {"type": "LineString", "coordinates": [[-122.13794907412901, 47.938429246755], [-122.1379385149755, 47.938433227819], [-122.13792795582201, 47.938437208883], [-122.13791739666851, 47.938441189947], [-122.137906837515, 47.938445171011]]}, "properties": {"type": "drop", "layer": "drop", "cableId": "DROP-6424 Foster Slough Rd", "address": "6424 Foster Slough Rd", "terminal": "MT-H3024048", "status": "designed", "progressPct": 0, "printRef": "p2", "label": "Drop 6424 Foster Slough Rd", "lengthM": 3.6}}, {"type": "Feature", "id": "drop-6529_Foster_Slough_Rd", "geometry": {"type": "LineString", "coordinates": [[-122.13700826245301, 47.9375684545375], [-122.13700468076276, 47.93758045685812], [-122.1370010990725, 47.937592459178745], [-122.13699751738226, 47.937604461499376], [-122.136993935692, 47.93761646382]]}, "properties": {"type": "drop", "layer": "drop", "cableId": "DROP-6529 Foster Slough Rd", "address": "6529 Foster Slough Rd", "terminal": "MT-H3024063", "status": "designed", "progressPct": 0, "printRef": "p2", "label": "Drop 6529 Foster Slough Rd", "lengthM": 5.5}}, {"type": "Feature", "id": "drop-5906_60th_St_SE", "geometry": {"type": "LineString", "coordinates": [[-122.1517627344445, 47.942252345968], [-122.15168303779987, 47.94224802203575], [-122.15160334115525, 47.942243698103496], [-122.15152364451063, 47.94223937417125], [-122.151443947866, 47.942235050239]]}, "properties": {"type": "drop", "layer": "drop", "cableId": "DROP-5906 60th St SE", "address": "5906 60th St SE", "terminal": "MT-H3024012", "status": "designed", "progressPct": 0, "printRef": "p2", "label": "Drop 5906 60th St SE", "lengthM": 23.9}}, {"type": "Feature", "id": "drop-6021_Foster_Slough_Rd", "geometry": {"type": "LineString", "coordinates": [[-122.14123176762125, 47.941818012293], [-122.14125288669369, 47.94188764473775], [-122.14127400576612, 47.941957277182496], [-122.14129512483856, 47.94202690962725], [-122.141316243911, 47.942096542072]]}, "properties": {"type": "drop", "layer": "drop", "cableId": "DROP-6021 Foster Slough Rd", "address": "6021 Foster Slough Rd", "terminal": "MT-H30240109", "status": "designed", "progressPct": 0, "printRef": "p2", "label": "Drop 6021 Foster Slough Rd", "lengthM": 31.6}}, {"type": "Feature", "id": "drop-6009_Foster_Slough_Rd", "geometry": {"type": "LineString", "coordinates": [[-122.14123176762125, 47.941818012293], [-122.14127722483819, 47.94191646623875], [-122.14132268205512, 47.9420149201845], [-122.14136813927206, 47.942113374130244], [-122.141413596489, 47.942211828076]]}, "properties": {"type": "drop", "layer": "drop", "cableId": "DROP-6009 Foster Slough Rd", "address": "6009 Foster Slough Rd", "terminal": "MT-H30240109", "status": "designed", "progressPct": 0, "printRef": "p2", "label": "Drop 6009 Foster Slough Rd", "lengthM": 45.9}}, {"type": "Feature", "id": "drop-5708_60th_St_SE", "geometry": {"type": "LineString", "coordinates": [[-122.15438511699949, 47.9422712365575], [-122.15440538319638, 47.94226117573763], [-122.15442564939325, 47.94225111491775], [-122.15444591559012, 47.94224105409788], [-122.154466181787, 47.942230993278]]}, "properties": {"type": "drop", "layer": "drop", "cableId": "DROP-5708 60th St SE", "address": "5708 60th St SE", "terminal": "MT-H3024004", "status": "designed", "progressPct": 0, "printRef": "p2", "label": "Drop 5708 60th St SE", "lengthM": 7.5}}, {"type": "Feature", "id": "drop-6008_Foster_Slough_Rd", "geometry": {"type": "LineString", "coordinates": [[-122.14123176762125, 47.941818012293], [-122.14131444747395, 47.941902361115], [-122.14139712732663, 47.941986709937], [-122.14147980717931, 47.942071058759], [-122.141562487032, 47.942155407581]]}, "properties": {"type": "drop", "layer": "drop", "cableId": "DROP-6008 Foster Slough Rd", "address": "6008 Foster Slough Rd", "terminal": "MT-H30240109", "status": "designed", "progressPct": 0, "printRef": "p2", "label": "Drop 6008 Foster Slough Rd", "lengthM": 44.9}}, {"type": "Feature", "id": "drop-6533_Foster_Slough_Rd", "geometry": {"type": "LineString", "coordinates": [[-122.13700826245301, 47.9375684545375], [-122.13699900752401, 47.937572447575626], [-122.13698975259501, 47.93757644061375], [-122.136980497666, 47.937580433651874], [-122.136971242737, 47.93758442669]]}, "properties": {"type": "drop", "layer": "drop", "cableId": "DROP-6533 Foster Slough Rd", "address": "6533 Foster Slough Rd", "terminal": "MT-H3024063", "status": "designed", "progressPct": 0, "printRef": "p2", "label": "Drop 6533 Foster Slough Rd", "lengthM": 3.3}}, {"type": "Feature", "id": "drop-7909_Foster_Slough_Rd", "geometry": {"type": "LineString", "coordinates": [[-122.1335335237105, 47.9247050063795], [-122.13353799895337, 47.924720981543125], [-122.13354247419625, 47.92473695670675], [-122.13354694943912, 47.92475293187037], [-122.133551424682, 47.924768907034]]}, "properties": {"type": "drop", "layer": "drop", "cableId": "DROP-7909 Foster Slough Rd", "address": "7909 Foster Slough Rd", "terminal": "MT-H30240100", "status": "designed", "progressPct": 0, "printRef": "p2", "label": "Drop 7909 Foster Slough Rd", "lengthM": 7.2}}, {"type": "Feature", "id": "drop-6032_Foster_Slough_Rd", "geometry": {"type": "LineString", "coordinates": [[-122.14123176762125, 47.941818012293], [-122.14126577118493, 47.94184471811275], [-122.14129977474863, 47.9418714239325], [-122.14133377831232, 47.94189812975225], [-122.141367781876, 47.941924835572]]}, "properties": {"type": "drop", "layer": "drop", "cableId": "DROP-6032 Foster Slough Rd", "address": "6032 Foster Slough Rd", "terminal": "MT-H30240109", "status": "designed", "progressPct": 0, "printRef": "p2", "label": "Drop 6032 Foster Slough Rd", "lengthM": 15.6}}, {"type": "Feature", "id": "drop-7913_Foster_Slough_Rd", "geometry": {"type": "LineString", "coordinates": [[-122.1335335237105, 47.9247050063795], [-122.13353814888413, 47.92471356006762], [-122.13354277405776, 47.92472211375575], [-122.13354739923138, 47.924730667443875], [-122.133552024405, 47.924739221132]]}, "properties": {"type": "drop", "layer": "drop", "cableId": "DROP-7913 Foster Slough Rd", "address": "7913 Foster Slough Rd", "terminal": "MT-H30240100", "status": "designed", "progressPct": 0, "printRef": "p2", "label": "Drop 7913 Foster Slough Rd", "lengthM": 4.1}}, {"type": "Feature", "id": "drop-6203_Foster_Slough_Rd", "geometry": {"type": "LineString", "coordinates": [[-122.1396511479725, 47.940265981642995], [-122.13966470309663, 47.940272941124746], [-122.13967825822075, 47.9402799006065], [-122.13969181334487, 47.94028686008825], [-122.139705368469, 47.94029381957]]}, "properties": {"type": "drop", "layer": "drop", "cableId": "DROP-6203 Foster Slough Rd", "address": "6203 Foster Slough Rd", "terminal": "MT-H3024036", "status": "designed", "progressPct": 0, "printRef": "p2", "label": "Drop 6203 Foster Slough Rd", "lengthM": 5.1}}, {"type": "Feature", "id": "drop-6511_Foster_Slough_Rd", "geometry": {"type": "LineString", "coordinates": [[-122.13710470751101, 47.937704612339004], [-122.13710254413026, 47.937718616980256], [-122.1371003807495, 47.93773262162151], [-122.13709821736876, 47.93774662626275], [-122.137096053988, 47.937760630904]]}, "properties": {"type": "drop", "layer": "drop", "cableId": "DROP-6511 Foster Slough Rd", "address": "6511 Foster Slough Rd", "terminal": "MT-H3024058", "status": "designed", "progressPct": 0, "printRef": "p2", "label": "Drop 6511 Foster Slough Rd", "lengthM": 6.3}}, {"type": "Feature", "id": "drop-6531_Foster_Slough_Rd", "geometry": {"type": "LineString", "coordinates": [[-122.13700826245301, 47.9375684545375], [-122.13700184414326, 47.937576452216874], [-122.1369954258335, 47.93758444989625], [-122.13698900752375, 47.937592447575625], [-122.136982589214, 47.937600445255]]}, "properties": {"type": "drop", "layer": "drop", "cableId": "DROP-6531 Foster Slough Rd", "address": "6531 Foster Slough Rd", "terminal": "MT-H3024063", "status": "designed", "progressPct": 0, "printRef": "p2", "label": "Drop 6531 Foster Slough Rd", "lengthM": 4.0}}, {"type": "Feature", "id": "drop-7907_Foster_Slough_Rd", "geometry": {"type": "LineString", "coordinates": [[-122.13351172454351, 47.924834064083], [-122.13352157461289, 47.924821485558255], [-122.13353142468225, 47.9248089070335], [-122.13354127475162, 47.92479632850875], [-122.133551124821, 47.924783749984]]}, "properties": {"type": "drop", "layer": "drop", "cableId": "DROP-7907 Foster Slough Rd", "address": "7907 Foster Slough Rd", "terminal": "MT-H30240101", "status": "designed", "progressPct": 0, "printRef": "p2", "label": "Drop 7907 Foster Slough Rd", "lengthM": 6.3}}, {"type": "Feature", "id": "drop-7812_Foster_Slough_Rd", "geometry": {"type": "LineString", "coordinates": [[-122.1336632428565, 47.925886931879496], [-122.13367285461912, 47.92589139045637], [-122.13368246638174, 47.92589584903325], [-122.13369207814438, 47.92590030761013], [-122.133701689907, 47.925904766187]]}, "properties": {"type": "drop", "layer": "drop", "cableId": "DROP-7812 Foster Slough Rd", "address": "7812 Foster Slough Rd", "terminal": "MT-H3024096", "status": "designed", "progressPct": 0, "printRef": "p2", "label": "Drop 7812 Foster Slough Rd", "lengthM": 3.5}}, {"type": "Feature", "id": "drop-6612_Foster_Slough_Rd", "geometry": {"type": "LineString", "coordinates": [[-122.1366610599165, 47.936801248807996], [-122.13667878498637, 47.93678999244099], [-122.13669651005625, 47.936778736074], [-122.13671423512614, 47.936767479707], [-122.136731960196, 47.93675622334]]}, "properties": {"type": "drop", "layer": "drop", "cableId": "DROP-6612 Foster Slough Rd", "address": "6612 Foster Slough Rd", "terminal": "MT-H3024066", "status": "designed", "progressPct": 0, "printRef": "p2", "label": "Drop 6612 Foster Slough Rd", "lengthM": 7.3}}, {"type": "Feature", "id": "drop-6306_Foster_Slough_Rd", "geometry": {"type": "LineString", "coordinates": [[-122.13885977424061, 47.93945129577801], [-122.13889543565895, 47.93945591433226], [-122.1389310970773, 47.9394605328865], [-122.13896675849566, 47.93946515144075], [-122.139002419914, 47.939469769995]]}, "properties": {"type": "drop", "layer": "drop", "cableId": "DROP-6306 Foster Slough Rd", "address": "6306 Foster Slough Rd", "terminal": "MT-H3024027", "status": "designed", "progressPct": 0, "printRef": "p2", "label": "Drop 6306 Foster Slough Rd", "lengthM": 10.8}}, {"type": "Feature", "id": "drop-6231_Foster_Slough_Rd", "geometry": {"type": "LineString", "coordinates": [[-122.1392544358825, 47.940006543554], [-122.13926794694713, 47.939989720233], [-122.13928145801175, 47.939972896911996], [-122.13929496907637, 47.939956073591], [-122.139308480141, 47.93993925027]]}, "properties": {"type": "drop", "layer": "drop", "cableId": "DROP-6231 Foster Slough Rd", "address": "6231 Foster Slough Rd", "terminal": "MT-H3024041", "status": "designed", "progressPct": 0, "printRef": "p2", "label": "Drop 6231 Foster Slough Rd", "lengthM": 8.5}}, {"type": "Feature", "id": "drop-6128_Foster_Slough_Rd", "geometry": {"type": "LineString", "coordinates": [[-122.1404830778245, 47.940964624905504], [-122.14051247785362, 47.94097314987038], [-122.14054187788275, 47.94098167483526], [-122.14057127791187, 47.940990199800126], [-122.140600677941, 47.940998724765]]}, "properties": {"type": "drop", "layer": "drop", "cableId": "DROP-6128 Foster Slough Rd", "address": "6128 Foster Slough Rd", "terminal": "MT-H3024032", "status": "designed", "progressPct": 0, "printRef": "p2", "label": "Drop 6128 Foster Slough Rd", "lengthM": 9.6}}, {"type": "Feature", "id": "drop-6219_Foster_Slough_Rd", "geometry": {"type": "LineString", "coordinates": [[-122.13952070643, 47.940129675460994], [-122.13951005285075, 47.940120205608494], [-122.1394993992715, 47.940110735755994], [-122.13948874569225, 47.9401012659035], [-122.139478092113, 47.940091796051]]}, "properties": {"type": "drop", "layer": "drop", "cableId": "DROP-6219 Foster Slough Rd", "address": "6219 Foster Slough Rd", "terminal": "MT-H3024039", "status": "designed", "progressPct": 0, "printRef": "p2", "label": "Drop 6219 Foster Slough Rd", "lengthM": 5.3}}, {"type": "Feature", "id": "drop-6112_Foster_Slough_Rd", "geometry": {"type": "LineString", "coordinates": [[-122.14068166740401, 47.9411506184045], [-122.14069337192876, 47.941151260667624], [-122.14070507645351, 47.94115190293075], [-122.14071678097825, 47.94115254519387], [-122.140728485503, 47.941153187457]]}, "properties": {"type": "drop", "layer": "drop", "cableId": "DROP-6112 Foster Slough Rd", "address": "6112 Foster Slough Rd", "terminal": "MT-H3024028", "status": "designed", "progressPct": 0, "printRef": "p2", "label": "Drop 6112 Foster Slough Rd", "lengthM": 3.5}}, {"type": "Feature", "id": "drop-6129_Foster_Slough_Rd", "geometry": {"type": "LineString", "coordinates": [[-122.1404830778245, 47.940964624905504], [-122.14047507481763, 47.94098703838513], [-122.14046707181075, 47.94100945186475], [-122.14045906880386, 47.94103186534437], [-122.140451065797, 47.941054278824]]}, "properties": {"type": "drop", "layer": "drop", "cableId": "DROP-6129 Foster Slough Rd", "address": "6129 Foster Slough Rd", "terminal": "MT-H3024032", "status": "designed", "progressPct": 0, "printRef": "p2", "label": "Drop 6129 Foster Slough Rd", "lengthM": 10.3}}, {"type": "Feature", "id": "drop-6620_Foster_Slough_Rd", "geometry": {"type": "LineString", "coordinates": [[-122.1366346821335, 47.9366997437625], [-122.13664355150938, 47.93669637639088], [-122.13665242088526, 47.93669300901925], [-122.13666129026113, 47.936689641647625], [-122.136670159637, 47.936686274276]]}, "properties": {"type": "drop", "layer": "drop", "cableId": "DROP-6620 Foster Slough Rd", "address": "6620 Foster Slough Rd", "terminal": "MT-H3024068", "status": "designed", "progressPct": 0, "printRef": "p2", "label": "Drop 6620 Foster Slough Rd", "lengthM": 3.0}}, {"type": "Feature", "id": "drop-6111_Foster_Slough_Rd", "geometry": {"type": "LineString", "coordinates": [[-122.14057776362249, 47.9411533870585], [-122.14058203504287, 47.94117205263187], [-122.14058630646323, 47.94119071820525], [-122.14059057788361, 47.94120938377863], [-122.140594849304, 47.941228049352]]}, "properties": {"type": "drop", "layer": "drop", "cableId": "DROP-6111 Foster Slough Rd", "address": "6111 Foster Slough Rd", "terminal": "MT-H3024030", "status": "designed", "progressPct": 0, "printRef": "p2", "label": "Drop 6111 Foster Slough Rd", "lengthM": 8.4}}, {"type": "Feature", "id": "drop-6122_Foster_Slough_Rd", "geometry": {"type": "LineString", "coordinates": [[-122.140629715513, 47.9411520027315], [-122.140634438079, 47.941128164117124], [-122.14063916064501, 47.94110432550275], [-122.140643883211, 47.941080486888374], [-122.140648605777, 47.941056648274]]}, "properties": {"type": "drop", "layer": "drop", "cableId": "DROP-6122 Foster Slough Rd", "address": "6122 Foster Slough Rd", "terminal": "MT-H3024029", "status": "designed", "progressPct": 0, "printRef": "p2", "label": "Drop 6122 Foster Slough Rd", "lengthM": 10.7}}, {"type": "Feature", "id": "drop-6512_Foster_Slough_Rd", "geometry": {"type": "LineString", "coordinates": [[-122.13720077545426, 47.937706521364], [-122.1372182604577, 47.937714871897754], [-122.13723574546114, 47.9377232224315], [-122.13725323046457, 47.93773157296525], [-122.137270715468, 47.937739923499]]}, "properties": {"type": "drop", "layer": "drop", "cableId": "DROP-6512 Foster Slough Rd", "address": "6512 Foster Slough Rd", "terminal": "MT-H3024025", "status": "designed", "progressPct": 0, "printRef": "p2", "label": "Drop 6512 Foster Slough Rd", "lengthM": 6.4}}, {"type": "Feature", "id": "drop-6131_Foster_Slough_Rd", "geometry": {"type": "LineString", "coordinates": [[-122.1404830778245, 47.940964624905504], [-122.14047108083138, 47.940982211425876], [-122.14045908383825, 47.94099979794625], [-122.14044708684513, 47.941017384466626], [-122.140435089852, 47.941034970987]]}, "properties": {"type": "drop", "layer": "drop", "cableId": "DROP-6131 Foster Slough Rd", "address": "6131 Foster Slough Rd", "terminal": "MT-H3024032", "status": "designed", "progressPct": 0, "printRef": "p2", "label": "Drop 6131 Foster Slough Rd", "lengthM": 8.6}}, {"type": "Feature", "id": "drop-6629_Foster_Slough_Rd", "geometry": {"type": "LineString", "coordinates": [[-122.1365884656735, 47.9367070972825], [-122.13655674418337, 47.93669943326587], [-122.13652502269325, 47.93669176924925], [-122.13649330120313, 47.93668410523263], [-122.136461579713, 47.936676441216]]}, "properties": {"type": "drop", "layer": "drop", "cableId": "DROP-6629 Foster Slough Rd", "address": "6629 Foster Slough Rd", "terminal": "MT-H3024069", "status": "designed", "progressPct": 0, "printRef": "p2", "label": "Drop 6629 Foster Slough Rd", "lengthM": 10.1}}, {"type": "Feature", "id": "drop-6602_Foster_Slough_Rd", "geometry": {"type": "LineString", "coordinates": [[-122.1367574831705, 47.9368554854435], [-122.13676861413238, 47.936854681891376], [-122.13677974509426, 47.93685387833925], [-122.13679087605612, 47.93685307478712], [-122.136802007018, 47.936852271235]]}, "properties": {"type": "drop", "layer": "drop", "cableId": "DROP-6602 Foster Slough Rd", "address": "6602 Foster Slough Rd", "terminal": "MT-H3024065", "status": "designed", "progressPct": 0, "printRef": "p2", "label": "Drop 6602 Foster Slough Rd", "lengthM": 3.3}}, {"type": "Feature", "id": "drop-6628_Foster_Slough_Rd", "geometry": {"type": "LineString", "coordinates": [[-122.1366346821335, 47.9366997437625], [-122.13662802577187, 47.93667912556313], [-122.13662136941025, 47.93665850736375], [-122.13661471304863, 47.93663788916437], [-122.136608056687, 47.936617270965]]}, "properties": {"type": "drop", "layer": "drop", "cableId": "DROP-6628 Foster Slough Rd", "address": "6628 Foster Slough Rd", "terminal": "MT-H3024068", "status": "designed", "progressPct": 0, "printRef": "p2", "label": "Drop 6628 Foster Slough Rd", "lengthM": 9.4}}, {"type": "Feature", "id": "drop-6901_Foster_Slough_Rd", "geometry": {"type": "LineString", "coordinates": [[-122.1349149853585, 47.93404129744], [-122.13491318164813, 47.93407219465875], [-122.13491137793775, 47.9341030918775], [-122.13490957422738, 47.93413398909625], [-122.134907770517, 47.934164886315]]}, "properties": {"type": "drop", "layer": "drop", "cableId": "DROP-6901 Foster Slough Rd", "address": "6901 Foster Slough Rd", "terminal": "MT-H3024081", "status": "designed", "progressPct": 0, "printRef": "p2", "label": "Drop 6901 Foster Slough Rd", "lengthM": 13.8}}, {"type": "Feature", "id": "drop-6121_Foster_Slough_Rd", "geometry": {"type": "LineString", "coordinates": [[-122.14057776362249, 47.9411533870585], [-122.14056206511137, 47.941147917836375], [-122.14054636660025, 47.94114244861425], [-122.14053066808913, 47.94113697939213], [-122.140514969578, 47.94113151017]]}, "properties": {"type": "drop", "layer": "drop", "cableId": "DROP-6121 Foster Slough Rd", "address": "6121 Foster Slough Rd", "terminal": "MT-H3024030", "status": "designed", "progressPct": 0, "printRef": "p2", "label": "Drop 6121 Foster Slough Rd", "lengthM": 5.3}}, {"type": "Feature", "id": "drop-6206_Foster_Slough_Rd", "geometry": {"type": "LineString", "coordinates": [[-122.1397961122785, 47.9401840858105], [-122.13980230150062, 47.94018958734387], [-122.13980849072274, 47.940195088877246], [-122.13981467994488, 47.940200590410626], [-122.139820869167, 47.940206091944]]}, "properties": {"type": "drop", "layer": "drop", "cableId": "DROP-6206 Foster Slough Rd", "address": "6206 Foster Slough Rd", "terminal": "MT-H3024034", "status": "designed", "progressPct": 0, "printRef": "p2", "label": "Drop 6206 Foster Slough Rd", "lengthM": 3.1}}, {"type": "Feature", "id": "drop-6015_Foster_Slough_Rd", "geometry": {"type": "LineString", "coordinates": [[-122.14123176762125, 47.941818012293], [-122.14126505576594, 47.94190205548825], [-122.14129834391062, 47.9419860986835], [-122.14133163205531, 47.94207014187875], [-122.1413649202, 47.942154185074]]}, "properties": {"type": "drop", "layer": "drop", "cableId": "DROP-6015 Foster Slough Rd", "address": "6015 Foster Slough Rd", "terminal": "MT-H30240109", "status": "designed", "progressPct": 0, "printRef": "p2", "label": "Drop 6015 Foster Slough Rd", "lengthM": 38.7}}, {"type": "Feature", "id": "drop-6101_Foster_Slough_Rd", "geometry": {"type": "LineString", "coordinates": [[-122.14068166740401, 47.9411506184045], [-122.14067993281076, 47.941194110937126], [-122.1406781982175, 47.941237603469744], [-122.14067646362426, 47.94128109600237], [-122.140674729031, 47.941324588535]]}, "properties": {"type": "drop", "layer": "drop", "cableId": "DROP-6101 Foster Slough Rd", "address": "6101 Foster Slough Rd", "terminal": "MT-H3024028", "status": "designed", "progressPct": 0, "printRef": "p2", "label": "Drop 6101 Foster Slough Rd", "lengthM": 19.4}}, {"type": "Feature", "id": "drop-5831_60th_St_SE", "geometry": {"type": "LineString", "coordinates": [[-122.1536660382865, 47.94226893377851], [-122.15362068151012, 47.94228907463813], [-122.15357532473375, 47.94230921549776], [-122.15352996795738, 47.94232935635738], [-122.153484611181, 47.942349497217]]}, "properties": {"type": "drop", "layer": "drop", "cableId": "DROP-5831 60th St SE", "address": "5831 60th St SE", "terminal": "MT-H3024006", "status": "designed", "progressPct": 0, "printRef": "p2", "label": "Drop 5831 60th St SE", "lengthM": 16.2}}, {"type": "Feature", "id": "drop-7820_Foster_Slough_Rd", "geometry": {"type": "LineString", "coordinates": [[-122.1336632428565, 47.925886931879496], [-122.13367313697363, 47.92587360240037], [-122.13368303109075, 47.92586027292125], [-122.13369292520787, 47.925846943442124], [-122.133702819325, 47.925833613963]]}, "properties": {"type": "drop", "layer": "drop", "cableId": "DROP-7820 Foster Slough Rd", "address": "7820 Foster Slough Rd", "terminal": "MT-H3024096", "status": "designed", "progressPct": 0, "printRef": "p2", "label": "Drop 7820 Foster Slough Rd", "lengthM": 6.6}}, {"type": "Feature", "id": "drop-6229_Foster_Slough_Rd", "geometry": {"type": "LineString", "coordinates": [[-122.1392544358825, 47.940006543554], [-122.13927496907638, 47.939996073591], [-122.13929550227024, 47.939985603628], [-122.13931603546412, 47.939975133665], [-122.139336568658, 47.939964663702]]}, "properties": {"type": "drop", "layer": "drop", "cableId": "DROP-6229 Foster Slough Rd", "address": "6229 Foster Slough Rd", "terminal": "MT-H3024041", "status": "designed", "progressPct": 0, "printRef": "p2", "label": "Drop 6229 Foster Slough Rd", "lengthM": 7.7}}, {"type": "Feature", "id": "drop-7708_Foster_Slough_Rd", "geometry": {"type": "LineString", "coordinates": [[-122.13353922378451, 47.926985954961], [-122.13357662152863, 47.9269468793755], [-122.13361401927276, 47.92690780379], [-122.13365141701688, 47.9268687282045], [-122.133688814761, 47.926829652619]]}, "properties": {"type": "drop", "layer": "drop", "cableId": "DROP-7708 Foster Slough Rd", "address": "7708 Foster Slough Rd", "terminal": "MT-H30240103", "status": "designed", "progressPct": 0, "printRef": "p2", "label": "Drop 7708 Foster Slough Rd", "lengthM": 20.7}}, {"type": "Feature", "id": "drop-6604_Foster_Slough_Rd", "geometry": {"type": "LineString", "coordinates": [[-122.1367574831705, 47.9368554854435], [-122.13676554865137, 47.93685008366738], [-122.13677361413225, 47.93684468189125], [-122.13678167961314, 47.93683928011512], [-122.136789745094, 47.936833878339]]}, "properties": {"type": "drop", "layer": "drop", "cableId": "DROP-6604 Foster Slough Rd", "address": "6604 Foster Slough Rd", "terminal": "MT-H3024065", "status": "designed", "progressPct": 0, "printRef": "p2", "label": "Drop 6604 Foster Slough Rd", "lengthM": 3.4}}, {"type": "Feature", "id": "drop-6233_Foster_Slough_Rd", "geometry": {"type": "LineString", "coordinates": [[-122.1392544358825, 47.940006543554], [-122.13926092481788, 47.939983366875], [-122.13926741375326, 47.939960190196004], [-122.13927390268863, 47.939937013517], [-122.139280391624, 47.939913836838]]}, "properties": {"type": "drop", "layer": "drop", "cableId": "DROP-6233 Foster Slough Rd", "address": "6233 Foster Slough Rd", "terminal": "MT-H3024041", "status": "designed", "progressPct": 0, "printRef": "p2", "label": "Drop 6233 Foster Slough Rd", "lengthM": 10.5}}, {"type": "Feature", "id": "drop-6218_Foster_Slough_Rd", "geometry": {"type": "LineString", "coordinates": [[-122.1397961122785, 47.9401840858105], [-122.13977754461187, 47.94016758121062], [-122.13975897694525, 47.940151076610746], [-122.13974040927863, 47.94013457201088], [-122.139721841612, 47.940118067411]]}, "properties": {"type": "drop", "layer": "drop", "cableId": "DROP-6218 Foster Slough Rd", "address": "6218 Foster Slough Rd", "terminal": "MT-H3024034", "status": "designed", "progressPct": 0, "printRef": "p2", "label": "Drop 6218 Foster Slough Rd", "lengthM": 9.2}}, {"type": "Feature", "id": "drop-6625_Foster_Slough_Rd", "geometry": {"type": "LineString", "coordinates": [[-122.1365884656735, 47.9367070972825], [-122.13656450705213, 47.93670805867963], [-122.13654054843076, 47.93670902007675], [-122.13651658980937, 47.936709981473875], [-122.136492631188, 47.936710942871]]}, "properties": {"type": "drop", "layer": "drop", "cableId": "DROP-6625 Foster Slough Rd", "address": "6625 Foster Slough Rd", "terminal": "MT-H3024069", "status": "designed", "progressPct": 0, "printRef": "p2", "label": "Drop 6625 Foster Slough Rd", "lengthM": 7.2}}, {"type": "Feature", "id": "drop-7818_Foster_Slough_Rd", "geometry": {"type": "LineString", "coordinates": [[-122.1336632428565, 47.925886931879496], [-122.13367306638513, 47.92587804941437], [-122.13368288991376, 47.92586916694925], [-122.13369271344237, 47.92586028448412], [-122.133702536971, 47.925851402019]]}, "properties": {"type": "drop", "layer": "drop", "cableId": "DROP-7818 Foster Slough Rd", "address": "7818 Foster Slough Rd", "terminal": "MT-H3024096", "status": "designed", "progressPct": 0, "printRef": "p2", "label": "Drop 7818 Foster Slough Rd", "lengthM": 4.9}}, {"type": "Feature", "id": "drop-6526_Foster_Slough_Rd", "geometry": {"type": "LineString", "coordinates": [[-122.13716866542599, 47.937593026380505], [-122.13717304054724, 47.93759990962388], [-122.1371774156685, 47.93760679286726], [-122.13718179078975, 47.93761367611063], [-122.137186165911, 47.937620559354]]}, "properties": {"type": "drop", "layer": "drop", "cableId": "DROP-6526 Foster Slough Rd", "address": "6526 Foster Slough Rd", "terminal": "MT-H3024057", "status": "designed", "progressPct": 0, "printRef": "p2", "label": "Drop 6526 Foster Slough Rd", "lengthM": 3.3}}, {"type": "Feature", "id": "drop-6029_Foster_Slough_Rd", "geometry": {"type": "LineString", "coordinates": [[-122.14123176762125, 47.941818012293], [-122.14123666126395, 47.9418684304035], [-122.14124155490663, 47.941918848514], [-122.14124644854931, 47.9419692666245], [-122.141251342192, 47.942019684735]]}, "properties": {"type": "drop", "layer": "drop", "cableId": "DROP-6029 Foster Slough Rd", "address": "6029 Foster Slough Rd", "terminal": "MT-H30240109", "status": "designed", "progressPct": 0, "printRef": "p2", "label": "Drop 6029 Foster Slough Rd", "lengthM": 22.5}}, {"type": "Feature", "id": "drop-6515_Foster_Slough_Rd", "geometry": {"type": "LineString", "coordinates": [[-122.13710470751101, 47.937704612339004], [-122.13709687089175, 47.93771060769775], [-122.1370890342725, 47.9377166030565], [-122.13708119765326, 47.93772259841525], [-122.137073361034, 47.937728593774]]}, "properties": {"type": "drop", "layer": "drop", "cableId": "DROP-6515 Foster Slough Rd", "address": "6515 Foster Slough Rd", "terminal": "MT-H3024058", "status": "designed", "progressPct": 0, "printRef": "p2", "label": "Drop 6515 Foster Slough Rd", "lengthM": 3.5}}, {"type": "Feature", "id": "drop-6509_Foster_Slough_Rd", "geometry": {"type": "LineString", "coordinates": [[-122.13710470751101, 47.937704612339004], [-122.13710538074976, 47.9377226216215], [-122.1371060539885, 47.937740630904], [-122.13710672722725, 47.9377586401865], [-122.137107400466, 47.937776649469]]}, "properties": {"type": "drop", "layer": "drop", "cableId": "DROP-6509 Foster Slough Rd", "address": "6509 Foster Slough Rd", "terminal": "MT-H3024058", "status": "designed", "progressPct": 0, "printRef": "p2", "label": "Drop 6509 Foster Slough Rd", "lengthM": 8.0}}, {"type": "Feature", "id": "drop-6524_Foster_Slough_Rd", "geometry": {"type": "LineString", "coordinates": [[-122.137216362181, 47.937663189406], [-122.13721183274049, 47.93765679489825], [-122.13720730329999, 47.9376504003905], [-122.1372027738595, 47.93764400588275], [-122.137198244419, 47.937637611375]]}, "properties": {"type": "drop", "layer": "drop", "cableId": "DROP-6524 Foster Slough Rd", "address": "6524 Foster Slough Rd", "terminal": "MT-H3024054", "status": "designed", "progressPct": 0, "printRef": "p2", "label": "Drop 6524 Foster Slough Rd", "lengthM": 3.2}}, {"type": "Feature", "id": "drop-6124_Foster_Slough_Rd", "geometry": {"type": "LineString", "coordinates": [[-122.140629715513, 47.9411520027315], [-122.1406304440925, 47.941123337158125], [-122.140631172672, 47.94109467158475], [-122.14063190125151, 47.941066006011376], [-122.140632629831, 47.941037340438]]}, "properties": {"type": "drop", "layer": "drop", "cableId": "DROP-6124 Foster Slough Rd", "address": "6124 Foster Slough Rd", "terminal": "MT-H3024029", "status": "designed", "progressPct": 0, "printRef": "p2", "label": "Drop 6124 Foster Slough Rd", "lengthM": 12.8}}, {"type": "Feature", "id": "drop-6605_Foster_Slough_Rd", "geometry": {"type": "LineString", "coordinates": [[-122.1366858314275, 47.936819002351], [-122.13667276594663, 47.936834404127], [-122.13665970046574, 47.936849805903], [-122.13664663498487, 47.936865207679006], [-122.136633569504, 47.936880609455]]}, "properties": {"type": "drop", "layer": "drop", "cableId": "DROP-6605 Foster Slough Rd", "address": "6605 Foster Slough Rd", "terminal": "MT-H3024067", "status": "designed", "progressPct": 0, "printRef": "p2", "label": "Drop 6605 Foster Slough Rd", "lengthM": 7.9}}, {"type": "Feature", "id": "drop-6106_Foster_Slough_Rd", "geometry": {"type": "LineString", "coordinates": [[-122.14068166740401, 47.9411506184045], [-122.14070535388775, 47.94116574154488], [-122.1407290403715, 47.94118086468525], [-122.14075272685525, 47.94119598782562], [-122.140776413339, 47.941211110966]]}, "properties": {"type": "drop", "layer": "drop", "cableId": "DROP-6106 Foster Slough Rd", "address": "6106 Foster Slough Rd", "terminal": "MT-H3024028", "status": "designed", "progressPct": 0, "printRef": "p2", "label": "Drop 6106 Foster Slough Rd", "lengthM": 9.8}}, {"type": "Feature", "id": "drop-6232_Foster_Slough_Rd", "geometry": {"type": "LineString", "coordinates": [[-122.13961901987801, 47.9400640899665], [-122.13961584227476, 47.940051910505375], [-122.1396126646715, 47.94003973104425], [-122.13960948706824, 47.94002755158312], [-122.139606309465, 47.940015372122]]}, "properties": {"type": "drop", "layer": "drop", "cableId": "DROP-6232 Foster Slough Rd", "address": "6232 Foster Slough Rd", "terminal": "MT-H3024038", "status": "designed", "progressPct": 0, "printRef": "p2", "label": "Drop 6232 Foster Slough Rd", "lengthM": 5.5}}, {"type": "Feature", "id": "drop-7223_Foster_Slough_Rd", "geometry": {"type": "LineString", "coordinates": [[-122.133118669674, 47.9305695284375], [-122.13312052243276, 47.93069416100138], [-122.1331223751915, 47.93081879356525], [-122.13312422795025, 47.930943426129126], [-122.133126080709, 47.931068058693]]}, "properties": {"type": "drop", "layer": "drop", "cableId": "DROP-7223 Foster Slough Rd", "address": "7223 Foster Slough Rd", "terminal": "MT-H30240107", "status": "designed", "progressPct": 0, "printRef": "p2", "label": "Drop 7223 Foster Slough Rd", "lengthM": 55.5}}, {"type": "Feature", "id": "drop-6721_Foster_Slough_Rd", "geometry": {"type": "LineString", "coordinates": [[-122.13582839781199, 47.935963442364], [-122.13580923675724, 47.93594077193325], [-122.13579007570249, 47.935918101502494], [-122.13577091464775, 47.93589543107175], [-122.135751753593, 47.935872760641]]}, "properties": {"type": "drop", "layer": "drop", "cableId": "DROP-6721 Foster Slough Rd", "address": "6721 Foster Slough Rd", "terminal": "MT-H3024074", "status": "designed", "progressPct": 0, "printRef": "p2", "label": "Drop 6721 Foster Slough Rd", "lengthM": 11.6}}, {"type": "Feature", "id": "drop-7719_Foster_Slough_Rd", "geometry": {"type": "LineString", "coordinates": [[-122.13371525233401, 47.926327209403], [-122.133666662476, 47.926394029105246], [-122.133618072618, 47.926460848807494], [-122.13356948276001, 47.92652766850975], [-122.133520892902, 47.926594488212]]}, "properties": {"type": "drop", "layer": "drop", "cableId": "DROP-7719 Foster Slough Rd", "address": "7719 Foster Slough Rd", "terminal": "MT-H3024098", "status": "designed", "progressPct": 0, "printRef": "p2", "label": "Drop 7719 Foster Slough Rd", "lengthM": 33.1}}, {"type": "Feature", "id": "drop-5825_60th_St_SE", "geometry": {"type": "LineString", "coordinates": [[-122.1536660382865, 47.94226893377851], [-122.15364189557587, 47.94228899012238], [-122.15361775286524, 47.94230904646625], [-122.15359361015463, 47.94232910281013], [-122.153569467444, 47.942349159154]]}, "properties": {"type": "drop", "layer": "drop", "cableId": "DROP-5825 60th St SE", "address": "5825 60th St SE", "terminal": "MT-H3024006", "status": "designed", "progressPct": 0, "printRef": "p2", "label": "Drop 5825 60th St SE", "lengthM": 11.5}}, {"type": "Feature", "id": "drop-6224_Foster_Slough_Rd", "geometry": {"type": "LineString", "coordinates": [[-122.13961901987801, 47.9400640899665], [-122.13963234686726, 47.94006658126087], [-122.1396456738565, 47.94006907255525], [-122.13965900084575, 47.94007156384963], [-122.139672327835, 47.940074055144]]}, "properties": {"type": "drop", "layer": "drop", "cableId": "DROP-6224 Foster Slough Rd", "address": "6224 Foster Slough Rd", "terminal": "MT-H3024038", "status": "designed", "progressPct": 0, "printRef": "p2", "label": "Drop 6224 Foster Slough Rd", "lengthM": 4.1}}, {"type": "Feature", "id": "drop-6314_Foster_Slough_Rd", "geometry": {"type": "LineString", "coordinates": [[-122.13885977424061, 47.93945129577801], [-122.13887911756821, 47.9394411503385], [-122.1388984608958, 47.939431004899006], [-122.13891780422341, 47.9394208594595], [-122.138937147551, 47.93941071402]]}, "properties": {"type": "drop", "layer": "drop", "cableId": "DROP-6314 Foster Slough Rd", "address": "6314 Foster Slough Rd", "terminal": "MT-H3024027", "status": "designed", "progressPct": 0, "printRef": "p2", "label": "Drop 6314 Foster Slough Rd", "lengthM": 7.3}}, {"type": "Feature", "id": "drop-6322_Foster_Slough_Rd", "geometry": {"type": "LineString", "coordinates": [[-122.13890819327851, 47.939326422039], [-122.13889911375588, 47.9393327310405], [-122.13889003423326, 47.939339040042], [-122.13888095471063, 47.9393453490435], [-122.138871875188, 47.939351658045]]}, "properties": {"type": "drop", "layer": "drop", "cableId": "DROP-6322 Foster Slough Rd", "address": "6322 Foster Slough Rd", "terminal": "MT-H3024043", "status": "designed", "progressPct": 0, "printRef": "p2", "label": "Drop 6322 Foster Slough Rd", "lengthM": 3.9}}, {"type": "Feature", "id": "drop-5711_60th_St_SE", "geometry": {"type": "LineString", "coordinates": [[-122.1547141878925, 47.942287301937], [-122.15483107503137, 47.942301160439996], [-122.15494796217024, 47.942315018943], [-122.15506484930913, 47.942328877446], [-122.155181736448, 47.942342735949]]}, "properties": {"type": "drop", "layer": "drop", "cableId": "DROP-5711 60th St SE", "address": "5711 60th St SE", "terminal": "MT-H3024003", "status": "designed", "progressPct": 0, "printRef": "p2", "label": "Drop 5711 60th St SE", "lengthM": 35.4}}, {"type": "Feature", "id": "drop-7211_Foster_Slough_Rd", "geometry": {"type": "LineString", "coordinates": [[-122.133118669674, 47.9305695284375], [-122.1331339205505, 47.930720180551376], [-122.133149171427, 47.93087083266525], [-122.1331644223035, 47.93102148477912], [-122.13317967318, 47.931172136893]]}, "properties": {"type": "drop", "layer": "drop", "cableId": "DROP-7211 Foster Slough Rd", "address": "7211 Foster Slough Rd", "terminal": "MT-H30240107", "status": "designed", "progressPct": 0, "printRef": "p2", "label": "Drop 7211 Foster Slough Rd", "lengthM": 67.2}}, {"type": "Feature", "id": "drop-7931_Foster_Slough_Rd", "geometry": {"type": "LineString", "coordinates": [[-122.1335335237105, 47.9247050063795], [-122.13353882357163, 47.924680163428874], [-122.13354412343276, 47.92465532047825], [-122.13354942329387, 47.92463047752762], [-122.133554723155, 47.924605634577]]}, "properties": {"type": "drop", "layer": "drop", "cableId": "DROP-7931 Foster Slough Rd", "address": "7931 Foster Slough Rd", "terminal": "MT-H30240100", "status": "designed", "progressPct": 0, "printRef": "p2", "label": "Drop 7931 Foster Slough Rd", "lengthM": 11.2}}, {"type": "Feature", "id": "drop-7208_Foster_Slough_Rd", "geometry": {"type": "LineString", "coordinates": [[-122.133118669674, 47.9305695284375], [-122.13317684467475, 47.930715703703875], [-122.13323501967551, 47.93086187897025], [-122.13329319467626, 47.93100805423663], [-122.133351369677, 47.931154229503]]}, "properties": {"type": "drop", "layer": "drop", "cableId": "DROP-7208 Foster Slough Rd", "address": "7208 Foster Slough Rd", "terminal": "MT-H30240107", "status": "designed", "progressPct": 0, "printRef": "p2", "label": "Drop 7208 Foster Slough Rd", "lengthM": 67.4}}, {"type": "Feature", "id": "drop-7422_Foster_Slough_Rd", "geometry": {"type": "LineString", "coordinates": [[-122.13300182680501, 47.929840496038075], [-122.13311435808251, 47.92972328608231], [-122.13322688936, 47.92960607612653], [-122.13333942063751, 47.929488866170765], [-122.133451951915, 47.929371656215]]}, "properties": {"type": "drop", "layer": "drop", "cableId": "DROP-7422 Foster Slough Rd", "address": "7422 Foster Slough Rd", "terminal": "MT-H30240108", "status": "designed", "progressPct": 0, "printRef": "p2", "label": "Drop 7422 Foster Slough Rd", "lengthM": 62.1}}, {"type": "Feature", "id": "drop-7028_Foster_Slough_Rd", "geometry": {"type": "LineString", "coordinates": [[-122.134259300579, 47.933025279968], [-122.1342599354505, 47.93300620995125], [-122.134260570322, 47.9329871399345], [-122.1342612051935, 47.93296806991775], [-122.134261840065, 47.932948999901]]}, "properties": {"type": "drop", "layer": "drop", "cableId": "DROP-7028 Foster Slough Rd", "address": "7028 Foster Slough Rd", "terminal": "MT-H3024088", "status": "designed", "progressPct": 0, "printRef": "p2", "label": "Drop 7028 Foster Slough Rd", "lengthM": 8.5}}, {"type": "Feature", "id": "drop-6211_Foster_Slough_Rd", "geometry": {"type": "LineString", "coordinates": [[-122.13952070643, 47.940129675460994], [-122.13953846239525, 47.9401454585485], [-122.1395562183605, 47.940161241636], [-122.13957397432576, 47.940177024723496], [-122.139591730291, 47.940192807811]]}, "properties": {"type": "drop", "layer": "drop", "cableId": "DROP-6211 Foster Slough Rd", "address": "6211 Foster Slough Rd", "terminal": "MT-H3024039", "status": "designed", "progressPct": 0, "printRef": "p2", "label": "Drop 6211 Foster Slough Rd", "lengthM": 8.8}}, {"type": "Feature", "id": "drop-6704_Foster_Slough_Rd", "geometry": {"type": "LineString", "coordinates": [[-122.13582839781199, 47.935963442364], [-122.13587658676074, 47.93596279029], [-122.1359247757095, 47.935962138216], [-122.13597296465825, 47.935961486142], [-122.136021153607, 47.935960834068]]}, "properties": {"type": "drop", "layer": "drop", "cableId": "DROP-6704 Foster Slough Rd", "address": "6704 Foster Slough Rd", "terminal": "MT-H3024074", "status": "designed", "progressPct": 0, "printRef": "p2", "label": "Drop 6704 Foster Slough Rd", "lengthM": 14.4}}, {"type": "Feature", "id": "drop-7124_Foster_Slough_Rd", "geometry": {"type": "LineString", "coordinates": [[-122.133813779795, 47.9320893453465], [-122.1338100246185, 47.93207616885162], [-122.133806269442, 47.93206299235675], [-122.13380251426551, 47.93204981586187], [-122.133798759089, 47.932036639367]]}, "properties": {"type": "drop", "layer": "drop", "cableId": "DROP-7124 Foster Slough Rd", "address": "7124 Foster Slough Rd", "terminal": "MT-H3024092", "status": "designed", "progressPct": 0, "printRef": "p2", "label": "Drop 7124 Foster Slough Rd", "lengthM": 6.0}}, {"type": "Feature", "id": "drop-6327_Foster_Slough_Rd", "geometry": {"type": "LineString", "coordinates": [[-122.137977502742, 47.938603733898006], [-122.137967502742, 47.938623733898005], [-122.13795750274201, 47.938643733898004], [-122.13794750274201, 47.938663733898004], [-122.137937502742, 47.938683733898]]}, "properties": {"type": "drop", "layer": "drop", "cableId": "DROP-6327 Foster Slough Rd", "address": "6327 Foster Slough Rd", "terminal": "MT-H3024047", "status": "designed", "progressPct": 0, "printRef": "p2", "label": "Drop 6327 Foster Slough Rd", "lengthM": 9.4}}, {"type": "Feature", "id": "drop-7303_Foster_Slough_Rd", "geometry": {"type": "LineString", "coordinates": [[-122.133118669674, 47.9305695284375], [-122.1330479697405, 47.93051276882163], [-122.132977269807, 47.930456009205756], [-122.1329065698735, 47.930399249589875], [-122.13283586994, 47.930342489974]]}, "properties": {"type": "drop", "layer": "drop", "cableId": "DROP-7303 Foster Slough Rd", "address": "7303 Foster Slough Rd", "terminal": "MT-H30240107", "status": "designed", "progressPct": 0, "printRef": "p2", "label": "Drop 7303 Foster Slough Rd", "lengthM": 32.9}}, {"type": "Feature", "id": "drop-5933_60th_St_SE", "geometry": {"type": "LineString", "coordinates": [[-122.152123949908, 47.9422696417015], [-122.15210334268676, 47.94228964170038], [-122.1520827354655, 47.942309641699254], [-122.15206212824424, 47.94232964169812], [-122.152041521023, 47.942349641697]]}, "properties": {"type": "drop", "layer": "drop", "cableId": "DROP-5933 60th St SE", "address": "5933 60th St SE", "terminal": "MT-H3024011", "status": "designed", "progressPct": 0, "printRef": "p2", "label": "Drop 5933 60th St SE", "lengthM": 10.8}}, {"type": "Feature", "id": "drop-7029_Foster_Slough_Rd", "geometry": {"type": "LineString", "coordinates": [[-122.13410443128049, 47.933068237318494], [-122.13410395903337, 47.93304885631787], [-122.13410348678624, 47.93302947531725], [-122.13410301453912, 47.93301009431663], [-122.134102542292, 47.932990713316]]}, "properties": {"type": "drop", "layer": "drop", "cableId": "DROP-7029 Foster Slough Rd", "address": "7029 Foster Slough Rd", "terminal": "MT-H3024090", "status": "designed", "progressPct": 0, "printRef": "p2", "label": "Drop 7029 Foster Slough Rd", "lengthM": 8.6}}, {"type": "Feature", "id": "drop-5732_60th_St_SE", "geometry": {"type": "LineString", "coordinates": [[-122.15438511699949, 47.9422712365575], [-122.15431378601487, 47.94226154065663], [-122.15424245503024, 47.94225184475575], [-122.15417112404562, 47.942242148854874], [-122.154099793061, 47.942232452954]]}, "properties": {"type": "drop", "layer": "drop", "cableId": "DROP-5732 60th St SE", "address": "5732 60th St SE", "terminal": "MT-H3024004", "status": "designed", "progressPct": 0, "printRef": "p2", "label": "Drop 5732 60th St SE", "lengthM": 21.7}}, {"type": "Feature", "id": "drop-5931_60th_St_SE", "geometry": {"type": "LineString", "coordinates": [[-122.152123949908, 47.9422696417015], [-122.15211041416751, 47.94228964170112], [-122.152096878427, 47.942309641700746], [-122.1520833426865, 47.942329641700375], [-122.152069806946, 47.9423496417]]}, "properties": {"type": "drop", "layer": "drop", "cableId": "DROP-5931 60th St SE", "address": "5931 60th St SE", "terminal": "MT-H3024011", "status": "designed", "progressPct": 0, "printRef": "p2", "label": "Drop 5931 60th St SE", "lengthM": 9.8}}, {"type": "Feature", "id": "drop-5925_60th_St_SE", "geometry": {"type": "LineString", "coordinates": [[-122.152123949908, 47.9422696417015], [-122.1521316286105, 47.942289641703375], [-122.152139307313, 47.94230964170525], [-122.1521469860155, 47.942329641707126], [-122.152154664718, 47.942349641709]]}, "properties": {"type": "drop", "layer": "drop", "cableId": "DROP-5925 60th St SE", "address": "5925 60th St SE", "terminal": "MT-H3024011", "status": "designed", "progressPct": 0, "printRef": "p2", "label": "Drop 5925 60th St SE", "lengthM": 9.2}}, {"type": "Feature", "id": "drop-6924_Foster_Slough_Rd", "geometry": {"type": "LineString", "coordinates": [[-122.1349491744515, 47.933951132297004], [-122.13493952543513, 47.9339376937925], [-122.13492987641875, 47.933924255288005], [-122.13492022740238, 47.9339108167835], [-122.134910578386, 47.933897378279]]}, "properties": {"type": "drop", "layer": "drop", "cableId": "DROP-6924 Foster Slough Rd", "address": "6924 Foster Slough Rd", "terminal": "MT-H3024082", "status": "designed", "progressPct": 0, "printRef": "p2", "label": "Drop 6924 Foster Slough Rd", "lengthM": 6.6}}, {"type": "Feature", "id": "drop-7531_Foster_Slough_Rd", "geometry": {"type": "LineString", "coordinates": [[-122.133508141788, 47.928392632553994], [-122.13350842553625, 47.92837428379025], [-122.1335087092845, 47.928355935026495], [-122.13350899303275, 47.92833758626274], [-122.133509276781, 47.928319237499]]}, "properties": {"type": "drop", "layer": "drop", "cableId": "DROP-7531 Foster Slough Rd", "address": "7531 Foster Slough Rd", "terminal": "MT-H30240104", "status": "designed", "progressPct": 0, "printRef": "p2", "label": "Drop 7531 Foster Slough Rd", "lengthM": 8.2}}, {"type": "Feature", "id": "drop-7309_Foster_Slough_Rd", "geometry": {"type": "LineString", "coordinates": [[-122.133118669674, 47.9305695284375], [-122.13304971700575, 47.93049723054938], [-122.1329807643375, 47.93042493266125], [-122.13291181166926, 47.93035263477312], [-122.132842859001, 47.930280336885]]}, "properties": {"type": "drop", "layer": "drop", "cableId": "DROP-7309 Foster Slough Rd", "address": "7309 Foster Slough Rd", "terminal": "MT-H30240107", "status": "designed", "progressPct": 0, "printRef": "p2", "label": "Drop 7309 Foster Slough Rd", "lengthM": 38.2}}, {"type": "Feature", "id": "drop-7005_Foster_Slough_Rd", "geometry": {"type": "LineString", "coordinates": [[-122.134213070878, 47.933179143484], [-122.13421906287425, 47.933188658401995], [-122.13422505487051, 47.933198173319994], [-122.13423104686676, 47.933207688238], [-122.134237038863, 47.933217203156]]}, "properties": {"type": "drop", "layer": "drop", "cableId": "DROP-7005 Foster Slough Rd", "address": "7005 Foster Slough Rd", "terminal": "MT-H3024089", "status": "designed", "progressPct": 0, "printRef": "p2", "label": "Drop 7005 Foster Slough Rd", "lengthM": 4.6}}, {"type": "Feature", "id": "drop-7125_Foster_Slough_Rd", "geometry": {"type": "LineString", "coordinates": [[-122.133813779795, 47.9320893453465], [-122.13376940066026, 47.93208510484112], [-122.13372502152549, 47.932080864335745], [-122.13368064239074, 47.932076623830376], [-122.133636263256, 47.932072383325]]}, "properties": {"type": "drop", "layer": "drop", "cableId": "DROP-7125 Foster Slough Rd", "address": "7125 Foster Slough Rd", "terminal": "MT-H3024092", "status": "designed", "progressPct": 0, "printRef": "p2", "label": "Drop 7125 Foster Slough Rd", "lengthM": 13.4}}, {"type": "Feature", "id": "drop-7107_Foster_Slough_Rd", "geometry": {"type": "LineString", "coordinates": [[-122.13379358767531, 47.93227099767333], [-122.13377535730399, 47.93226440683625], [-122.13375712693266, 47.932257815999165], [-122.13373889656133, 47.932251225162084], [-122.13372066619, 47.932244634325]]}, "properties": {"type": "drop", "layer": "drop", "cableId": "DROP-7107 Foster Slough Rd", "address": "7107 Foster Slough Rd", "terminal": "MT-H3024020", "status": "designed", "progressPct": 0, "printRef": "p2", "label": "Drop 7107 Foster Slough Rd", "lengthM": 6.2}}, {"type": "Feature", "id": "drop-6002_Foster_Slough_Rd", "geometry": {"type": "LineString", "coordinates": [[-122.14123176762125, 47.941818012293], [-122.1413266165462, 47.9419167718655], [-122.14142146547113, 47.942015531438], [-122.14151631439606, 47.9421142910105], [-122.141611163321, 47.942213050583]]}, "properties": {"type": "drop", "layer": "drop", "cableId": "DROP-6002 Foster Slough Rd", "address": "6002 Foster Slough Rd", "terminal": "MT-H30240109", "status": "designed", "progressPct": 0, "printRef": "p2", "label": "Drop 6002 Foster Slough Rd", "lengthM": 52.3}}, {"type": "Feature", "id": "drop-6202_Foster_Slough_Rd", "geometry": {"type": "LineString", "coordinates": [[-122.1398573737595, 47.9401807626995], [-122.13985649990762, 47.940194430388374], [-122.13985562605575, 47.94020809807725], [-122.13985475220387, 47.940221765766125], [-122.139853878352, 47.940235433455]]}, "properties": {"type": "drop", "layer": "drop", "cableId": "DROP-6202 Foster Slough Rd", "address": "6202 Foster Slough Rd", "terminal": "MT-H3024033", "status": "designed", "progressPct": 0, "printRef": "p2", "label": "Drop 6202 Foster Slough Rd", "lengthM": 6.1}}, {"type": "Feature", "id": "drop-8016_Foster_Slough_Rd", "geometry": {"type": "LineString", "coordinates": [[-122.1335335237105, 47.9247050063795], [-122.13358440955687, 47.92454000703587], [-122.13363529540325, 47.92437500769225], [-122.13368618124963, 47.92421000834862], [-122.133737067096, 47.924045009005]]}, "properties": {"type": "drop", "layer": "drop", "cableId": "DROP-8016 Foster Slough Rd", "address": "8016 Foster Slough Rd", "terminal": "MT-H30240100", "status": "designed", "progressPct": 0, "printRef": "p2", "label": "Drop 8016 Foster Slough Rd", "lengthM": 75.0}}, {"type": "Feature", "id": "drop-6801_Foster_Slough_Rd", "geometry": {"type": "LineString", "coordinates": [[-122.135588958185, 47.9351083822935], [-122.13555955744324, 47.93510183354213], [-122.13553015670149, 47.93509528479075], [-122.13550075595975, 47.935088736039376], [-122.135471355218, 47.935082187288]]}, "properties": {"type": "drop", "layer": "drop", "cableId": "DROP-6801 Foster Slough Rd", "address": "6801 Foster Slough Rd", "terminal": "MT-H3024076", "status": "designed", "progressPct": 0, "printRef": "p2", "label": "Drop 6801 Foster Slough Rd", "lengthM": 9.2}}, {"type": "Feature", "id": "drop-7828_Foster_Slough_Rd", "geometry": {"type": "LineString", "coordinates": [[-122.1337423957935, 47.925780296047], [-122.13373278403088, 47.925775837470255], [-122.13372317226825, 47.9257713788935], [-122.13371356050563, 47.92576692031675], [-122.133703948743, 47.92576246174]]}, "properties": {"type": "drop", "layer": "drop", "cableId": "DROP-7828 Foster Slough Rd", "address": "7828 Foster Slough Rd", "terminal": "MT-H3024097", "status": "designed", "progressPct": 0, "printRef": "p2", "label": "Drop 7828 Foster Slough Rd", "lengthM": 3.5}}, {"type": "Feature", "id": "drop-7914_Foster_Slough_Rd", "geometry": {"type": "LineString", "coordinates": [[-122.133582561235, 47.9251595197545], [-122.133616242336, 47.92511912780463], [-122.13364992343699, 47.925078735854754], [-122.13368360453799, 47.92503834390487], [-122.133717285639, 47.924997951955]]}, "properties": {"type": "drop", "layer": "drop", "cableId": "DROP-7914 Foster Slough Rd", "address": "7914 Foster Slough Rd", "terminal": "MT-H30240102", "status": "designed", "progressPct": 0, "printRef": "p2", "label": "Drop 7914 Foster Slough Rd", "lengthM": 20.6}}, {"type": "Feature", "id": "drop-6125_Foster_Slough_Rd", "geometry": {"type": "LineString", "coordinates": [[-122.14057776362249, 47.9411533870585], [-122.14055407713886, 47.94113826391812], [-122.14053039065524, 47.94112314077775], [-122.14050670417163, 47.941108017637376], [-122.140483017688, 47.941092894497]]}, "properties": {"type": "drop", "layer": "drop", "cableId": "DROP-6125 Foster Slough Rd", "address": "6125 Foster Slough Rd", "terminal": "MT-H3024030", "status": "designed", "progressPct": 0, "printRef": "p2", "label": "Drop 6125 Foster Slough Rd", "lengthM": 9.8}}, {"type": "Feature", "id": "drop-5813_60th_St_SE", "geometry": {"type": "LineString", "coordinates": [[-122.1536660382865, 47.94226893377851], [-122.15368432370762, 47.94228882109063], [-122.15370260912874, 47.94230870840275], [-122.15372089454988, 47.942328595714876], [-122.153739179971, 47.942348483027]]}, "properties": {"type": "drop", "layer": "drop", "cableId": "DROP-5813 60th St SE", "address": "5813 60th St SE", "terminal": "MT-H3024006", "status": "designed", "progressPct": 0, "printRef": "p2", "label": "Drop 5813 60th St SE", "lengthM": 10.4}}, {"type": "Feature", "id": "drop-7817_Foster_Slough_Rd", "geometry": {"type": "LineString", "coordinates": [[-122.1337423957935, 47.925780296047], [-122.13369029625738, 47.9257590444165], [-122.13363819672125, 47.925737792786], [-122.13358609718512, 47.9257165411555], [-122.133533997649, 47.925695289525]]}, "properties": {"type": "drop", "layer": "drop", "cableId": "DROP-7817 Foster Slough Rd", "address": "7817 Foster Slough Rd", "terminal": "MT-H3024097", "status": "designed", "progressPct": 0, "printRef": "p2", "label": "Drop 7817 Foster Slough Rd", "lengthM": 18.2}}, {"type": "Feature", "id": "drop-7032_Foster_Slough_Rd", "geometry": {"type": "LineString", "coordinates": [[-122.134259300579, 47.933025279968], [-122.134254866008, 47.932997299171], [-122.13425043143701, 47.932969318374], [-122.134245996866, 47.932941337577], [-122.134241562295, 47.93291335678]]}, "properties": {"type": "drop", "layer": "drop", "cableId": "DROP-7032 Foster Slough Rd", "address": "7032 Foster Slough Rd", "terminal": "MT-H3024088", "status": "designed", "progressPct": 0, "printRef": "p2", "label": "Drop 7032 Foster Slough Rd", "lengthM": 12.5}}, {"type": "Feature", "id": "drop-7110_Foster_Slough_Rd", "geometry": {"type": "LineString", "coordinates": [[-122.133813779795, 47.9320893453465], [-122.13382643630025, 47.93210966210187], [-122.1338390928055, 47.93212997885725], [-122.13385174931075, 47.93215029561262], [-122.133864405816, 47.932170612368]]}, "properties": {"type": "drop", "layer": "drop", "cableId": "DROP-7110 Foster Slough Rd", "address": "7110 Foster Slough Rd", "terminal": "MT-H3024092", "status": "designed", "progressPct": 0, "printRef": "p2", "label": "Drop 7110 Foster Slough Rd", "lengthM": 9.8}}, {"type": "Feature", "id": "drop-6908_Foster_Slough_Rd", "geometry": {"type": "LineString", "coordinates": [[-122.1349149853585, 47.93404129744], [-122.13493925902813, 47.934041842884746], [-122.13496353269775, 47.9340423883295], [-122.13498780636738, 47.93404293377425], [-122.135012080037, 47.934043479219]]}, "properties": {"type": "drop", "layer": "drop", "cableId": "DROP-6908 Foster Slough Rd", "address": "6908 Foster Slough Rd", "terminal": "MT-H3024081", "status": "designed", "progressPct": 0, "printRef": "p2", "label": "Drop 6908 Foster Slough Rd", "lengthM": 7.2}}, {"type": "Feature", "id": "drop-5830_60th_St_SE", "geometry": {"type": "LineString", "coordinates": [[-122.15269579826051, 47.942235050377505], [-122.15267289855814, 47.94223505037513], [-122.15264999885576, 47.94223505037275], [-122.15262709915338, 47.94223505037037], [-122.152604199451, 47.942235050368]]}, "properties": {"type": "drop", "layer": "drop", "cableId": "DROP-5830 60th St SE", "address": "5830 60th St SE", "terminal": "MT-H3024008", "status": "designed", "progressPct": 0, "printRef": "p2", "label": "Drop 5830 60th St SE", "lengthM": 6.8}}, {"type": "Feature", "id": "drop-6516_Foster_Slough_Rd", "geometry": {"type": "LineString", "coordinates": [[-122.13720077545426, 47.937706521364], [-122.1372122212037, 47.9377063458875], [-122.13722366695313, 47.937706170411005], [-122.13723511270257, 47.937705994934504], [-122.137246558452, 47.937705819458]]}, "properties": {"type": "drop", "layer": "drop", "cableId": "DROP-6516 Foster Slough Rd", "address": "6516 Foster Slough Rd", "terminal": "MT-H3024025", "status": "designed", "progressPct": 0, "printRef": "p2", "label": "Drop 6516 Foster Slough Rd", "lengthM": 3.4}}, {"type": "Feature", "id": "drop-5905_60th_St_SE", "geometry": {"type": "LineString", "coordinates": [[-122.15250086170349, 47.942332346054], [-122.15248502726661, 47.942336669975504], [-122.15246919282974, 47.942340993897005], [-122.15245335839288, 47.9423453178185], [-122.152437523956, 47.94234964174]]}, "properties": {"type": "drop", "layer": "drop", "cableId": "DROP-5905 60th St SE", "address": "5905 60th St SE", "terminal": "MT-H3024009", "status": "designed", "progressPct": 0, "printRef": "p2", "label": "Drop 5905 60th St SE", "lengthM": 5.1}}, {"type": "Feature", "id": "drop-5733_60th_St_SE", "geometry": {"type": "LineString", "coordinates": [[-122.1547141878925, 47.942287301937], [-122.15475329012337, 47.9423014703315], [-122.15479239235424, 47.942315638726], [-122.15483149458512, 47.9423298071205], [-122.154870596816, 47.942343975515]]}, "properties": {"type": "drop", "layer": "drop", "cableId": "DROP-5733 60th St SE", "address": "5733 60th St SE", "terminal": "MT-H3024003", "status": "designed", "progressPct": 0, "printRef": "p2", "label": "Drop 5733 60th St SE", "lengthM": 13.3}}, {"type": "Feature", "id": "drop-6915_Foster_Slough_Rd", "geometry": {"type": "LineString", "coordinates": [[-122.1349149853585, 47.93404129744], [-122.13489097816188, 47.934040235078], [-122.13486697096525, 47.934039172716], [-122.13484296376863, 47.934038110353995], [-122.134818956572, 47.934037047992]]}, "properties": {"type": "drop", "layer": "drop", "cableId": "DROP-6915 Foster Slough Rd", "address": "6915 Foster Slough Rd", "terminal": "MT-H3024081", "status": "designed", "progressPct": 0, "printRef": "p2", "label": "Drop 6915 Foster Slough Rd", "lengthM": 7.2}}, {"type": "Feature", "id": "drop-6619_Foster_Slough_Rd", "geometry": {"type": "LineString", "coordinates": [[-122.13651144553148, 47.9367940699405], [-122.13651838624861, 47.936786226293876], [-122.13652532696574, 47.93677838264725], [-122.13653226768287, 47.93677053900062], [-122.1365392084, 47.936762695354]]}, "properties": {"type": "drop", "layer": "drop", "cableId": "DROP-6619 Foster Slough Rd", "address": "6619 Foster Slough Rd", "terminal": "MT-H3024070", "status": "designed", "progressPct": 0, "printRef": "p2", "label": "Drop 6619 Foster Slough Rd", "lengthM": 4.1}}, {"type": "Feature", "id": "drop-6708_Foster_Slough_Rd", "geometry": {"type": "LineString", "coordinates": [[-122.13582839781199, 47.935963442364], [-122.135868887446, 47.93595413937025], [-122.13590937708, 47.9359448363765], [-122.135949866714, 47.93593553338275], [-122.135990356348, 47.935926230389]]}, "properties": {"type": "drop", "layer": "drop", "cableId": "DROP-6708 Foster Slough Rd", "address": "6708 Foster Slough Rd", "terminal": "MT-H3024074", "status": "designed", "progressPct": 0, "printRef": "p2", "label": "Drop 6708 Foster Slough Rd", "lengthM": 12.8}}, {"type": "Feature", "id": "drop-6020_Foster_Slough_Rd", "geometry": {"type": "LineString", "coordinates": [[-122.14123176762125, 47.941818012293], [-122.14129010932943, 47.94187353961375], [-122.14134845103763, 47.9419290669345], [-122.14140679274581, 47.941984594255246], [-122.141465134454, 47.942040121576]]}, "properties": {"type": "drop", "layer": "drop", "cableId": "DROP-6020 Foster Slough Rd", "address": "6020 Foster Slough Rd", "terminal": "MT-H30240109", "status": "designed", "progressPct": 0, "printRef": "p2", "label": "Drop 6020 Foster Slough Rd", "lengthM": 30.2}}, {"type": "Feature", "id": "drop-6323_Foster_Slough_Rd", "geometry": {"type": "LineString", "coordinates": [[-122.13816601977499, 47.9387641531225], [-122.13812950854724, 47.938763613803125], [-122.13809299731949, 47.938763074483745], [-122.13805648609174, 47.93876253516437], [-122.138019974864, 47.938761995845]]}, "properties": {"type": "drop", "layer": "drop", "cableId": "DROP-6323 Foster Slough Rd", "address": "6323 Foster Slough Rd", "terminal": "MT-H3024045", "status": "designed", "progressPct": 0, "printRef": "p2", "label": "Drop 6323 Foster Slough Rd", "lengthM": 10.9}}, {"type": "Feature", "id": "drop-7320_Foster_Slough_Rd", "geometry": {"type": "LineString", "coordinates": [[-122.133381660796, 47.930302942859], [-122.13329406025676, 47.930284956689746], [-122.1332064597175, 47.9302669705205], [-122.13311885917824, 47.93024898435125], [-122.133031258639, 47.930230998182]]}, "properties": {"type": "drop", "layer": "drop", "cableId": "DROP-7320 Foster Slough Rd", "address": "7320 Foster Slough Rd", "terminal": "MT-H30240105", "status": "designed", "progressPct": 0, "printRef": "p2", "label": "Drop 7320 Foster Slough Rd", "lengthM": 27.3}}, {"type": "Feature", "id": "drop-7515_Foster_Slough_Rd", "geometry": {"type": "LineString", "coordinates": [[-122.133508141788, 47.928392632553994], [-122.13350785803975, 47.92841098131775], [-122.1335075742915, 47.9284293300815], [-122.13350729054325, 47.928447678845245], [-122.133507006795, 47.928466027609]]}, "properties": {"type": "drop", "layer": "drop", "cableId": "DROP-7515 Foster Slough Rd", "address": "7515 Foster Slough Rd", "terminal": "MT-H30240104", "status": "designed", "progressPct": 0, "printRef": "p2", "label": "Drop 7515 Foster Slough Rd", "lengthM": 8.2}}, {"type": "Feature", "id": "drop-7313_Foster_Slough_Rd", "geometry": {"type": "LineString", "coordinates": [[-122.133381660796, 47.930302942859], [-122.1332492225495, 47.930288242564004], [-122.133116784303, 47.930273542269], [-122.1329843460565, 47.930258841973995], [-122.13285190781, 47.930244141679]]}, "properties": {"type": "drop", "layer": "drop", "cableId": "DROP-7313 Foster Slough Rd", "address": "7313 Foster Slough Rd", "terminal": "MT-H30240105", "status": "designed", "progressPct": 0, "printRef": "p2", "label": "Drop 7313 Foster Slough Rd", "lengthM": 40.1}}, {"type": "Feature", "id": "drop-6607_Foster_Slough_Rd", "geometry": {"type": "LineString", "coordinates": [[-122.1366858314275, 47.936819002351], [-122.13666970046563, 47.93682980590325], [-122.13665356950375, 47.9368406094555], [-122.13663743854187, 47.93685141300775], [-122.13662130758, 47.93686221656]]}, "properties": {"type": "drop", "layer": "drop", "cableId": "DROP-6607 Foster Slough Rd", "address": "6607 Foster Slough Rd", "terminal": "MT-H3024067", "status": "designed", "progressPct": 0, "printRef": "p2", "label": "Drop 6607 Foster Slough Rd", "lengthM": 6.8}}, {"type": "Feature", "id": "drop-6804_Foster_Slough_Rd", "geometry": {"type": "LineString", "coordinates": [[-122.135588958185, 47.9351083822935], [-122.13559816202525, 47.935085921433625], [-122.1356073658655, 47.93506346057375], [-122.13561656970575, 47.93504099971388], [-122.135625773546, 47.935018538854]]}, "properties": {"type": "drop", "layer": "drop", "cableId": "DROP-6804 Foster Slough Rd", "address": "6804 Foster Slough Rd", "terminal": "MT-H3024076", "status": "designed", "progressPct": 0, "printRef": "p2", "label": "Drop 6804 Foster Slough Rd", "lengthM": 10.4}}, {"type": "Feature", "id": "drop-6927_Foster_Slough_Rd", "geometry": {"type": "LineString", "coordinates": [[-122.1349491744515, 47.933951132297004], [-122.13489758842213, 47.93394521729425], [-122.13484600239275, 47.933939302291506], [-122.13479441636338, 47.933933387288754], [-122.134742830334, 47.933927472286]]}, "properties": {"type": "drop", "layer": "drop", "cableId": "DROP-6927 Foster Slough Rd", "address": "6927 Foster Slough Rd", "terminal": "MT-H3024082", "status": "designed", "progressPct": 0, "printRef": "p2", "label": "Drop 6927 Foster Slough Rd", "lengthM": 15.6}}, {"type": "Feature", "id": "drop-6107_Foster_Slough_Rd", "geometry": {"type": "LineString", "coordinates": [[-122.140629715513, 47.9411520027315], [-122.1406289869335, 47.941180668304874], [-122.140628258354, 47.94120933387825], [-122.14062752977449, 47.94123799945162], [-122.140626801195, 47.941266665025]]}, "properties": {"type": "drop", "layer": "drop", "cableId": "DROP-6107 Foster Slough Rd", "address": "6107 Foster Slough Rd", "terminal": "MT-H3024029", "status": "designed", "progressPct": 0, "printRef": "p2", "label": "Drop 6107 Foster Slough Rd", "lengthM": 12.8}}, {"type": "Feature", "id": "drop-6825_Foster_Slough_Rd", "geometry": {"type": "LineString", "coordinates": [[-122.1353550525925, 47.934832372328], [-122.13535920291562, 47.93483939595575], [-122.13536335323874, 47.9348464195835], [-122.13536750356188, 47.93485344321125], [-122.135371653885, 47.934860466839]]}, "properties": {"type": "drop", "layer": "drop", "cableId": "DROP-6825 Foster Slough Rd", "address": "6825 Foster Slough Rd", "terminal": "MT-H3024079", "status": "designed", "progressPct": 0, "printRef": "p2", "label": "Drop 6825 Foster Slough Rd", "lengthM": 3.4}}, {"type": "Feature", "id": "drop-5929_60th_St_SE", "geometry": {"type": "LineString", "coordinates": [[-122.152123949908, 47.9422696417015], [-122.1521174856485, 47.942289641701876], [-122.152111021389, 47.94230964170225], [-122.1521045571295, 47.94232964170262], [-122.15209809287, 47.942349641703]]}, "properties": {"type": "drop", "layer": "drop", "cableId": "DROP-5929 60th St SE", "address": "5929 60th St SE", "terminal": "MT-H3024011", "status": "designed", "progressPct": 0, "printRef": "p2", "label": "Drop 5929 60th St SE", "lengthM": 9.1}}, {"type": "Feature", "id": "drop-5907_60th_St_SE", "geometry": {"type": "LineString", "coordinates": [[-122.15250086170349, 47.942332346054], [-122.15247795578561, 47.94233666997475], [-122.15245504986774, 47.9423409938955], [-122.15243214394988, 47.942345317816255], [-122.152409238032, 47.942349641737]]}, "properties": {"type": "drop", "layer": "drop", "cableId": "DROP-5907 60th St SE", "address": "5907 60th St SE", "terminal": "MT-H3024009", "status": "designed", "progressPct": 0, "printRef": "p2", "label": "Drop 5907 60th St SE", "lengthM": 7.1}}, {"type": "Feature", "id": "drop-5817_60th_St_SE", "geometry": {"type": "LineString", "coordinates": [[-122.1536660382865, 47.94226893377851], [-122.15367018099712, 47.942288877434635], [-122.15367432370775, 47.942308821090755], [-122.15367846641838, 47.942328764746875], [-122.153682609129, 47.942348708403]]}, "properties": {"type": "drop", "layer": "drop", "cableId": "DROP-5817 60th St SE", "address": "5817 60th St SE", "terminal": "MT-H3024006", "status": "designed", "progressPct": 0, "printRef": "p2", "label": "Drop 5817 60th St SE", "lengthM": 9.0}}, {"type": "Feature", "id": "drop-6022_Foster_Slough_Rd", "geometry": {"type": "LineString", "coordinates": [[-122.14123176762125, 47.941818012293], [-122.14128605297194, 47.941868736030244], [-122.14134033832264, 47.9419194597675], [-122.14139462367332, 47.94197018350475], [-122.141448909024, 47.942020907242]]}, "properties": {"type": "drop", "layer": "drop", "cableId": "DROP-6022 Foster Slough Rd", "address": "6022 Foster Slough Rd", "terminal": "MT-H30240109", "status": "designed", "progressPct": 0, "printRef": "p2", "label": "Drop 6022 Foster Slough Rd", "lengthM": 27.8}}, {"type": "Feature", "id": "drop-7625_Foster_Slough_Rd", "geometry": {"type": "LineString", "coordinates": [[-122.13360841237949, 47.927753122761004], [-122.13358569795136, 47.92767919749825], [-122.13356298352323, 47.9276052722355], [-122.13354026909512, 47.927531346972756], [-122.133517554667, 47.92745742171]]}, "properties": {"type": "drop", "layer": "drop", "cableId": "DROP-7625 Foster Slough Rd", "address": "7625 Foster Slough Rd", "terminal": "MT-H3024099", "status": "designed", "progressPct": 0, "printRef": "p2", "label": "Drop 7625 Foster Slough Rd", "lengthM": 33.6}}, {"type": "Feature", "id": "drop-8089_Foster_Slough_Rd", "geometry": {"type": "LineString", "coordinates": [[-122.1335335237105, 47.9247050063795], [-122.13354528315863, 47.92438722033387], [-122.13355704260675, 47.92406943428825], [-122.13356880205487, 47.92375164824263], [-122.133580561503, 47.923433862197]]}, "properties": {"type": "drop", "layer": "drop", "cableId": "DROP-8089 Foster Slough Rd", "address": "8089 Foster Slough Rd", "terminal": "MT-H30240100", "status": "designed", "progressPct": 0, "printRef": "p2", "label": "Drop 8089 Foster Slough Rd", "lengthM": 141.5}}, {"type": "Feature", "id": "drop-6808_Foster_Slough_Rd", "geometry": {"type": "LineString", "coordinates": [[-122.135656219628, 47.9349090085365], [-122.13564542346825, 47.934926547676625], [-122.1356346273085, 47.93494408681675], [-122.13562383114876, 47.93496162595687], [-122.135613034989, 47.934979165097]]}, "properties": {"type": "drop", "layer": "drop", "cableId": "DROP-6808 Foster Slough Rd", "address": "6808 Foster Slough Rd", "terminal": "MT-H3024077", "status": "designed", "progressPct": 0, "printRef": "p2", "label": "Drop 6808 Foster Slough Rd", "lengthM": 8.4}}, {"type": "Feature", "id": "drop-6052_Foster_Slough_Rd", "geometry": {"type": "LineString", "coordinates": [[-122.14123176762125, 47.941818012293], [-122.14122576668119, 47.94179661485775], [-122.14121976574113, 47.9417752174225], [-122.14121376480107, 47.94175381998725], [-122.141207763861, 47.941732422552]]}, "properties": {"type": "drop", "layer": "drop", "cableId": "DROP-6052 Foster Slough Rd", "address": "6052 Foster Slough Rd", "terminal": "MT-H30240109", "status": "designed", "progressPct": 0, "printRef": "p2", "label": "Drop 6052 Foster Slough Rd", "lengthM": 9.7}}, {"type": "Feature", "id": "pole-D100", "geometry": {"type": "Point", "coordinates": [-122.13292985331177, 47.921206943691146]}, "properties": {"type": "pole", "layer": "pole", "poleId": "D100", "owner": "Snohomish PUD", "status": "designed", "printRef": "p58", "label": "D100"}}, {"type": "Feature", "id": "pole-D102", "geometry": {"type": "Point", "coordinates": [-122.13363502631695, 47.92461205315024]}, "properties": {"type": "pole", "layer": "pole", "poleId": "D102", "owner": "Snohomish PUD", "status": "designed", "printRef": "p58", "label": "D102"}}, {"type": "Feature", "id": "pole-D103", "geometry": {"type": "Point", "coordinates": [-122.13347193621287, 47.92570255138608]}, "properties": {"type": "pole", "layer": "pole", "poleId": "D103", "owner": "Snohomish PUD", "status": "designed", "printRef": "p58", "label": "D103"}}, {"type": "Feature", "id": "pole-D104", "geometry": {"type": "Point", "coordinates": [-122.13362855944747, 47.9266326229807]}, "properties": {"type": "pole", "layer": "pole", "poleId": "D104", "owner": "Snohomish PUD", "status": "designed", "printRef": "p59", "label": "D104"}}, {"type": "Feature", "id": "pole-D105", "geometry": {"type": "Point", "coordinates": [-122.13342834732705, 47.92835097590116]}, "properties": {"type": "pole", "layer": "pole", "poleId": "D105", "owner": "Snohomish PUD", "status": "designed", "printRef": "p59", "label": "D105"}}, {"type": "Feature", "id": "pole-D106", "geometry": {"type": "Point", "coordinates": [-122.13306322701779, 47.93023455047848]}, "properties": {"type": "pole", "layer": "pole", "poleId": "D106", "owner": "Snohomish PUD", "status": "designed", "printRef": "p59", "label": "D106"}}, {"type": "Feature", "id": "pole-D107", "geometry": {"type": "Point", "coordinates": [-122.13311870448551, 47.93109600598273]}, "properties": {"type": "pole", "layer": "pole", "poleId": "D107", "owner": "Snohomish PUD", "status": "designed", "printRef": "p59", "label": "D107"}}, {"type": "Feature", "id": "pole-D109", "geometry": {"type": "Point", "coordinates": [-122.13381771857928, 47.932050164107864]}, "properties": {"type": "pole", "layer": "pole", "poleId": "D109", "owner": "Snohomish PUD", "status": "designed", "printRef": "p59", "label": "D109"}}, {"type": "Feature", "id": "pole-D111", "geometry": {"type": "Point", "coordinates": [-122.13386547340728, 47.93253381160284]}, "properties": {"type": "pole", "layer": "pole", "poleId": "D111", "owner": "Snohomish PUD", "status": "designed", "printRef": "p60", "label": "D111"}}, {"type": "Feature", "id": "pole-D112", "geometry": {"type": "Point", "coordinates": [-122.13433088424543, 47.933091105608995]}, "properties": {"type": "pole", "layer": "pole", "poleId": "D112", "owner": "Snohomish PUD", "status": "designed", "printRef": "p60", "label": "D112"}}, {"type": "Feature", "id": "pole-D113", "geometry": {"type": "Point", "coordinates": [-122.13453163921814, 47.93360185391241]}, "properties": {"type": "pole", "layer": "pole", "poleId": "D113", "owner": "Snohomish PUD", "status": "designed", "printRef": "p61", "label": "D113"}}, {"type": "Feature", "id": "pole-D115", "geometry": {"type": "Point", "coordinates": [-122.13495197898236, 47.93400263642673]}, "properties": {"type": "pole", "layer": "pole", "poleId": "D115", "owner": "Snohomish PUD", "status": "designed", "printRef": "p61", "label": "D115"}}, {"type": "Feature", "id": "pole-D116", "geometry": {"type": "Point", "coordinates": [-122.13510668268971, 47.93457962674873]}, "properties": {"type": "pole", "layer": "pole", "poleId": "D116", "owner": "Snohomish PUD", "status": "designed", "printRef": "p61", "label": "D116"}}, {"type": "Feature", "id": "pole-D117", "geometry": {"type": "Point", "coordinates": [-122.135601499614, 47.93507497049244]}, "properties": {"type": "pole", "layer": "pole", "poleId": "D117", "owner": "Snohomish PUD", "status": "designed", "printRef": "p62", "label": "D117"}}, {"type": "Feature", "id": "pole-D119", "geometry": {"type": "Point", "coordinates": [-122.13584534358122, 47.93602301480911]}, "properties": {"type": "pole", "layer": "pole", "poleId": "D119", "owner": "Snohomish PUD", "status": "designed", "printRef": "p62", "label": "D119"}}, {"type": "Feature", "id": "pole-D15", "geometry": {"type": "Point", "coordinates": [-122.13671115018035, 47.93668441396735]}, "properties": {"type": "pole", "layer": "pole", "poleId": "D15", "owner": "Snohomish PUD", "status": "designed", "printRef": "p14", "label": "D15"}}, {"type": "Feature", "id": "pole-D300", "geometry": {"type": "Point", "coordinates": [-122.1364848042095, 47.93676182075751]}, "properties": {"type": "pole", "layer": "pole", "poleId": "D300", "owner": "Snohomish PUD", "status": "designed", "printRef": "p3", "label": "D300"}}, {"type": "Feature", "id": "pole-D34", "geometry": {"type": "Point", "coordinates": [-122.1368535473642, 47.936832280724595]}, "properties": {"type": "pole", "layer": "pole", "poleId": "D34", "owner": "Snohomish PUD", "status": "designed", "printRef": "p34", "label": "D34"}}, {"type": "Feature", "id": "pole-D35", "geometry": {"type": "Point", "coordinates": [-122.13689561912305, 47.93758402065222]}, "properties": {"type": "pole", "layer": "pole", "poleId": "D35", "owner": "Snohomish PUD", "status": "designed", "printRef": "p63", "label": "D35"}}, {"type": "Feature", "id": "pole-D36", "geometry": {"type": "Point", "coordinates": [-122.1372496714776, 47.9376038575093]}, "properties": {"type": "pole", "layer": "pole", "poleId": "D36", "owner": "Snohomish PUD", "status": "designed", "printRef": "p61", "label": "D36"}}, {"type": "Feature", "id": "pole-D37", "geometry": {"type": "Point", "coordinates": [-122.13697469208932, 47.937681205324246]}, "properties": {"type": "pole", "layer": "pole", "poleId": "D37", "owner": "Snohomish PUD", "status": "designed", "printRef": "p65", "label": "D37"}}, {"type": "Feature", "id": "pole-D38", "geometry": {"type": "Point", "coordinates": [-122.13730360659972, 47.93770889706827]}, "properties": {"type": "pole", "layer": "pole", "poleId": "D38", "owner": "Snohomish PUD", "status": "designed", "printRef": "p61", "label": "D38"}}, {"type": "Feature", "id": "pole-D39", "geometry": {"type": "Point", "coordinates": [-122.13705334363588, 47.93776222294144]}, "properties": {"type": "pole", "layer": "pole", "poleId": "D39", "owner": "Snohomish PUD", "status": "designed", "printRef": "p64", "label": "D39"}}, {"type": "Feature", "id": "pole-D40", "geometry": {"type": "Point", "coordinates": [-122.13753522680781, 47.937945928688514]}, "properties": {"type": "pole", "layer": "pole", "poleId": "D40", "owner": "Snohomish PUD", "status": "designed", "printRef": "p63", "label": "D40"}}, {"type": "Feature", "id": "pole-D51", "geometry": {"type": "Point", "coordinates": [-122.13784591687853, 47.938527373839456]}, "properties": {"type": "pole", "layer": "pole", "poleId": "D51", "owner": "Snohomish PUD", "status": "designed", "printRef": "p61", "label": "D51"}}, {"type": "Feature", "id": "pole-D93", "geometry": {"type": "Point", "coordinates": [-122.13837681279382, 47.93894842505954]}, "properties": {"type": "pole", "layer": "pole", "poleId": "D93", "owner": "Snohomish PUD", "status": "designed", "printRef": "p8", "label": "D93"}}, {"type": "Feature", "id": "pole-D94", "geometry": {"type": "Point", "coordinates": [-122.13888315343004, 47.93943465563149]}, "properties": {"type": "pole", "layer": "pole", "poleId": "D94", "owner": "Snohomish PUD", "status": "designed", "printRef": "p8", "label": "D94"}}, {"type": "Feature", "id": "pole-D95", "geometry": {"type": "Point", "coordinates": [-122.13971709906504, 47.94004233459157]}, "properties": {"type": "pole", "layer": "pole", "poleId": "D95", "owner": "Snohomish PUD", "status": "designed", "printRef": "p7", "label": "D95"}}, {"type": "Feature", "id": "pole-DF1", "geometry": {"type": "Point", "coordinates": [-122.13952277543326, 47.94011040731402]}, "properties": {"type": "pole", "layer": "pole", "poleId": "DF1", "owner": "Snohomish PUD", "status": "designed", "printRef": "p59", "label": "DF1"}}, {"type": "Feature", "id": "pole-NT", "geometry": {"type": "Point", "coordinates": [-122.13975893374723, 47.940161853783486]}, "properties": {"type": "pole", "layer": "pole", "poleId": "NT", "owner": "Ziply/other", "status": "designed", "printRef": "p65", "label": "NT"}}, {"type": "Feature", "id": "pole-STUB POLE", "geometry": {"type": "Point", "coordinates": [-122.13965095429825, 47.940244927560244]}, "properties": {"type": "pole", "layer": "pole", "poleId": "STUB POLE", "owner": "Ziply/other", "status": "designed", "printRef": "p61", "label": "STUB POLE"}}, {"type": "Feature", "id": "pole-VZ256008", "geometry": {"type": "Point", "coordinates": [-122.1406490211936, 47.9410365719674]}, "properties": {"type": "pole", "layer": "pole", "poleId": "VZ256008", "owner": "Ziply/other", "status": "designed", "printRef": "p61", "label": "VZ256008"}}, {"type": "Feature", "id": "pole-VZ256009", "geometry": {"type": "Point", "coordinates": [-122.14044731277033, 47.94108309822051]}, "properties": {"type": "pole", "layer": "pole", "poleId": "VZ256009", "owner": "Ziply/other", "status": "designed", "printRef": "p61", "label": "VZ256009"}}, {"type": "Feature", "id": "pole-VZ256011", "geometry": {"type": "Point", "coordinates": [-122.14075025674444, 47.941133367306485]}, "properties": {"type": "pole", "layer": "pole", "poleId": "VZ256011", "owner": "Ziply/other", "status": "designed", "printRef": "p2", "label": "VZ256011"}}, {"type": "Feature", "id": "pole-VZ256012", "geometry": {"type": "Point", "coordinates": [-122.14058131675505, 47.94130893353235]}, "properties": {"type": "pole", "layer": "pole", "poleId": "VZ256012", "owner": "Ziply/other", "status": "designed", "printRef": "p2", "label": "VZ256012"}}, {"type": "Feature", "id": "pole-VZ256013", "geometry": {"type": "Point", "coordinates": [-122.14134439016293, 47.942009430771435]}, "properties": {"type": "pole", "layer": "pole", "poleId": "VZ256013", "owner": "Ziply/other", "status": "designed", "printRef": "p2", "label": "VZ256013"}}, {"type": "Feature", "id": "pole-VZ256014", "geometry": {"type": "Point", "coordinates": [-122.1414687164738, 47.942152225661594]}, "properties": {"type": "pole", "layer": "pole", "poleId": "VZ256014", "owner": "Ziply/other", "status": "designed", "printRef": "p2", "label": "VZ256014"}}, {"type": "Feature", "id": "pole-VZ256015", "geometry": {"type": "Point", "coordinates": [-122.14621041402704, 47.94756424260217]}, "properties": {"type": "pole", "layer": "pole", "poleId": "VZ256015", "owner": "Ziply/other", "status": "designed", "printRef": "p62", "label": "VZ256015"}}, {"type": "Feature", "id": "HH-2-1", "geometry": {"type": "Point", "coordinates": [-122.13346172454351, 47.924864064083]}, "properties": {"type": "handhole", "layer": "handhole", "hhId": "HH-2-1", "hhSize": "3'X5'", "hhType": "new", "status": "designed", "printRef": "p2", "label": "HH-2-1"}}, {"type": "Feature", "id": "HH-2-2", "geometry": {"type": "Point", "coordinates": [-122.13725077545426, 47.937676521364]}, "properties": {"type": "handhole", "layer": "handhole", "hhId": "HH-2-2", "hhSize": "17X30", "hhType": "new", "status": "designed", "printRef": "p2", "label": "HH-2-2"}}, {"type": "Feature", "id": "HH-2-3", "geometry": {"type": "Point", "coordinates": [-122.13683567217, 47.93719759780301]}, "properties": {"type": "handhole", "layer": "handhole", "hhId": "HH-2-3", "hhSize": "17X30", "hhType": "new", "status": "designed", "printRef": "p2", "label": "HH-2-3"}}, {"type": "Feature", "id": "HH-2-4", "geometry": {"type": "Point", "coordinates": [-122.13623417616125, 47.9362742570195]}, "properties": {"type": "handhole", "layer": "handhole", "hhId": "HH-2-4", "hhSize": "17X30", "hhType": "new", "status": "designed", "printRef": "p2", "label": "HH-2-4"}}, {"type": "Feature", "id": "HH-2-5", "geometry": {"type": "Point", "coordinates": [-122.1352733204514, 47.934714008116]}, "properties": {"type": "handhole", "layer": "handhole", "hhId": "HH-2-5", "hhSize": "17X30", "hhType": "new", "status": "designed", "printRef": "p2", "label": "HH-2-5"}}, {"type": "Feature", "id": "HH-2-6", "geometry": {"type": "Point", "coordinates": [-122.13428874421919, 47.933129216877795]}, "properties": {"type": "handhole", "layer": "handhole", "hhId": "HH-2-6", "hhSize": "17X30", "hhType": "new", "status": "designed", "printRef": "p2", "label": "HH-2-6"}}, {"type": "Feature", "id": "HH-2-7", "geometry": {"type": "Point", "coordinates": [-122.13374358767531, 47.93230099767333]}, "properties": {"type": "handhole", "layer": "handhole", "hhId": "HH-2-7", "hhSize": "2'x3'", "hhType": "new", "status": "designed", "printRef": "p2", "label": "HH-2-7"}}, {"type": "Feature", "id": "HH-2-8", "geometry": {"type": "Point", "coordinates": [-122.13564333984101, 47.93859855907578]}, "properties": {"type": "handhole", "layer": "handhole", "hhId": "HH-2-8", "hhSize": "2'X3", "hhType": "new", "status": "designed", "printRef": "p2", "label": "HH-2-8"}}, {"type": "Feature", "id": "HH-2-9", "geometry": {"type": "Point", "coordinates": [-122.1326171517, 47.9386702856685]}, "properties": {"type": "handhole", "layer": "handhole", "hhId": "HH-2-9", "hhSize": "2'x3'", "hhType": "new", "status": "designed", "printRef": "p2", "label": "HH-2-9"}}, {"type": "Feature", "id": "HH-2-10", "geometry": {"type": "Point", "coordinates": [-122.13048151719501, 47.938550456093495]}, "properties": {"type": "handhole", "layer": "handhole", "hhId": "HH-2-10", "hhSize": "2'X3", "hhType": "new", "status": "designed", "printRef": "p2", "label": "HH-2-10"}}, {"type": "Feature", "id": "HH-2-11", "geometry": {"type": "Point", "coordinates": [-122.14118176762125, 47.941848012293]}, "properties": {"type": "handhole", "layer": "handhole", "hhId": "HH-2-11", "hhSize": "2'x3'", "hhType": "new", "status": "designed", "printRef": "p2", "label": "HH-2-11"}}, {"type": "Feature", "id": "HH-2-12", "geometry": {"type": "Point", "coordinates": [-122.13890977424062, 47.939421295778004]}, "properties": {"type": "handhole", "layer": "handhole", "hhId": "HH-2-12", "hhSize": "2'X3", "hhType": "new", "status": "designed", "printRef": "p2", "label": "HH-2-12"}}, {"type": "Feature", "id": "HH-2-13", "geometry": {"type": "Point", "coordinates": [-122.137883063532, 47.93856834704834]}, "properties": {"type": "handhole", "layer": "handhole", "hhId": "HH-2-13", "hhSize": "2'x3'", "hhType": "new", "status": "designed", "printRef": "p2", "label": "HH-2-13"}}, {"type": "Feature", "id": "HH-2-14", "geometry": {"type": "Point", "coordinates": [-122.14958625735301, 47.94558636667299]}, "properties": {"type": "handhole", "layer": "handhole", "hhId": "HH-2-14", "hhSize": "2'X3", "hhType": "new", "status": "designed", "printRef": "p2", "label": "HH-2-14"}}, {"type": "Feature", "id": "HH-2-15", "geometry": {"type": "Point", "coordinates": [-122.1495186163715, 47.9448002075785]}, "properties": {"type": "handhole", "layer": "handhole", "hhId": "HH-2-15", "hhSize": "2'x3'", "hhType": "new", "status": "designed", "printRef": "p2", "label": "HH-2-15"}}, {"type": "Feature", "id": "HH-2-16", "geometry": {"type": "Point", "coordinates": [-122.1498027990815, 47.944463226981995]}, "properties": {"type": "handhole", "layer": "handhole", "hhId": "HH-2-16", "hhSize": "2'X3", "hhType": "new", "status": "designed", "printRef": "p2", "label": "HH-2-16"}}, {"type": "Feature", "id": "HH-2-17", "geometry": {"type": "Point", "coordinates": [-122.1517127344445, 47.942282345968]}, "properties": {"type": "handhole", "layer": "handhole", "hhId": "HH-2-17", "hhSize": "2'X3", "hhType": "new", "status": "designed", "printRef": "p2", "label": "HH-2-17"}}, {"type": "Feature", "id": "HH-2-18", "geometry": {"type": "Point", "coordinates": [-122.152173949908, 47.9422396417015]}, "properties": {"type": "handhole", "layer": "handhole", "hhId": "HH-2-18", "hhSize": "2'x3'", "hhType": "new", "status": "designed", "printRef": "p2", "label": "HH-2-18"}}, {"type": "Feature", "id": "HH-5-19", "geometry": {"type": "Point", "coordinates": [-122.1365384656735, 47.9367370972825]}, "properties": {"type": "handhole", "layer": "handhole", "hhId": "HH-5-19", "hhSize": "3'X5'", "hhType": "new", "status": "designed", "printRef": "p5", "label": "HH-5-19"}}, {"type": "Feature", "id": "HH-5-20", "geometry": {"type": "Point", "coordinates": [-122.1366846821335, 47.9366697437625]}, "properties": {"type": "handhole", "layer": "handhole", "hhId": "HH-5-20", "hhSize": "17X30", "hhType": "new", "status": "designed", "printRef": "p5", "label": "HH-5-20"}}, {"type": "Feature", "id": "HH-6-21", "geometry": {"type": "Point", "coordinates": [-122.133068669674, 47.930599528437504]}, "properties": {"type": "handhole", "layer": "handhole", "hhId": "HH-6-21", "hhSize": "17X30", "hhType": "new", "status": "designed", "printRef": "p6", "label": "HH-6-21"}}, {"type": "Feature", "id": "HH-6-22", "geometry": {"type": "Point", "coordinates": [-122.1367358314275, 47.936789002351]}, "properties": {"type": "handhole", "layer": "handhole", "hhId": "HH-6-22", "hhSize": "2'x3'", "hhType": "new", "status": "designed", "printRef": "p6", "label": "HH-6-22"}}, {"type": "Feature", "id": "HH-6-23", "geometry": {"type": "Point", "coordinates": [-122.13309350290899, 47.9350309758915]}, "properties": {"type": "handhole", "layer": "handhole", "hhId": "HH-6-23", "hhSize": "2'X3", "hhType": "new", "status": "designed", "printRef": "p6", "label": "HH-6-23"}}, {"type": "Feature", "id": "HH-7-24", "geometry": {"type": "Point", "coordinates": [-122.13671105991651, 47.93677124880799]}, "properties": {"type": "handhole", "layer": "handhole", "hhId": "HH-7-24", "hhSize": "2'x3'", "hhType": "new", "status": "designed", "printRef": "p7", "label": "HH-7-24"}}, {"type": "Feature", "id": "HH-20-25", "geometry": {"type": "Point", "coordinates": [-122.13346172454351, 47.924864064083]}, "properties": {"type": "handhole", "layer": "handhole", "hhId": "HH-20-25", "hhSize": "2'x3'", "hhType": "new", "status": "designed", "printRef": "p20", "label": "HH-20-25"}}, {"type": "Feature", "id": "HH-20-26", "geometry": {"type": "Point", "coordinates": [-122.13930443588251, 47.939976543553996]}, "properties": {"type": "handhole", "layer": "handhole", "hhId": "HH-20-26", "hhSize": "2'X3", "hhType": "new", "status": "designed", "printRef": "p20", "label": "HH-20-26"}}, {"type": "Feature", "id": "HH-22-27", "geometry": {"type": "Point", "coordinates": [-122.13956901987801, 47.9400940899665]}, "properties": {"type": "handhole", "layer": "handhole", "hhId": "HH-22-27", "hhSize": "2'x3'", "hhType": "new", "status": "designed", "printRef": "p22", "label": "HH-22-27"}}, {"type": "Feature", "id": "HH-22-28", "geometry": {"type": "Point", "coordinates": [-122.1398461122785, 47.9401540858105]}, "properties": {"type": "handhole", "layer": "handhole", "hhId": "HH-22-28", "hhSize": "2'X3", "hhType": "new", "status": "designed", "printRef": "p22", "label": "HH-22-28"}}, {"type": "Feature", "id": "HH-28-29", "geometry": {"type": "Point", "coordinates": [-122.1336923957935, 47.925810296047004]}, "properties": {"type": "handhole", "layer": "handhole", "hhId": "HH-28-29", "hhSize": "2'x3'", "hhType": "new", "status": "designed", "printRef": "p28", "label": "HH-28-29"}}, {"type": "Feature", "id": "HH-28-30", "geometry": {"type": "Point", "coordinates": [-122.13376525233402, 47.926297209402996]}, "properties": {"type": "handhole", "layer": "handhole", "hhId": "HH-28-30", "hhSize": "2'X3", "hhType": "new", "status": "designed", "printRef": "p28", "label": "HH-28-30"}}, {"type": "Feature", "id": "HH-29-31", "geometry": {"type": "Point", "coordinates": [-122.13364017252299, 47.9254679934135]}, "properties": {"type": "handhole", "layer": "handhole", "hhId": "HH-29-31", "hhSize": "2'X3", "hhType": "new", "status": "designed", "printRef": "p29", "label": "HH-29-31"}}, {"type": "Feature", "id": "HH-31-32", "geometry": {"type": "Point", "coordinates": [-122.137222205165, 47.9376390853645]}, "properties": {"type": "handhole", "layer": "handhole", "hhId": "HH-31-32", "hhSize": "2'x3'", "hhType": "new", "status": "designed", "printRef": "p31", "label": "HH-31-32"}}, {"type": "Feature", "id": "HH-31-33", "geometry": {"type": "Point", "coordinates": [-122.13716636218099, 47.937693189406005]}, "properties": {"type": "handhole", "layer": "handhole", "hhId": "HH-31-33", "hhSize": "2'X3", "hhType": "new", "status": "designed", "printRef": "p31", "label": "HH-31-33"}}, {"type": "Feature", "id": "HH-31-34", "geometry": {"type": "Point", "coordinates": [-122.13731051919801, 47.9376272934475]}, "properties": {"type": "handhole", "layer": "handhole", "hhId": "HH-31-34", "hhSize": "17'X30", "hhType": "new", "status": "designed", "printRef": "p31", "label": "HH-31-34"}}, {"type": "Feature", "id": "HH-34-35", "geometry": {"type": "Point", "coordinates": [-122.13593031380451, 47.937294666406004]}, "properties": {"type": "handhole", "layer": "handhole", "hhId": "HH-34-35", "hhSize": "17X30", "hhType": "new", "status": "designed", "printRef": "p34", "label": "HH-34-35"}}, {"type": "Feature", "id": "HH-38-36", "geometry": {"type": "Point", "coordinates": [-122.135638958185, 47.9350783822935]}, "properties": {"type": "handhole", "layer": "handhole", "hhId": "HH-38-36", "hhSize": "17X30", "hhType": "new", "status": "designed", "printRef": "p38", "label": "HH-38-36"}}, {"type": "Feature", "id": "HH-40-37", "geometry": {"type": "Point", "coordinates": [-122.1348991744515, 47.933981132297006]}, "properties": {"type": "handhole", "layer": "handhole", "hhId": "HH-40-37", "hhSize": "17X30", "hhType": "new", "status": "designed", "printRef": "p40", "label": "HH-40-37"}}, {"type": "Feature", "id": "HH-47-38", "geometry": {"type": "Point", "coordinates": [-122.152173949908, 47.9422396417015]}, "properties": {"type": "handhole", "layer": "handhole", "hhId": "HH-47-38", "hhSize": "17X30", "hhType": "new", "status": "designed", "printRef": "p47", "label": "HH-47-38"}}, {"type": "Feature", "id": "HH-47-39", "geometry": {"type": "Point", "coordinates": [-122.148826700134, 47.942317641341006]}, "properties": {"type": "handhole", "layer": "handhole", "hhId": "HH-47-39", "hhSize": "2'X3'", "hhType": "new", "status": "designed", "printRef": "p47", "label": "HH-47-39"}}]}